file_name,element,matched_sentences,sentence_count,sentence_density,matched_lemmas,total_lemmas,token_density,role_weighted_score,role_weighted_density,top_words
bible_BKR_1J.txt,christian_elements,13,150,0.08667,19,1767,0.01075,19.5,0.13,ježíš:12; kristus:6; spasitel:1
bible_BKR_1J.txt,covenant_law,2,150,0.01333,2,1767,0.00113,2.0,0.01333,zákon:2
bible_BKR_1J.txt,divine,53,150,0.35333,69,1767,0.03905,73.0,0.48667,bůh:36; ježíš:12; duch:10; kristus:6; modlit:2; odpustit:1; víra:1; svatý:1
bible_BKR_1J.txt,divine_hierarchy,0,150,0.0,0,1767,0.0,0.0,0.0,
bible_BKR_1J.txt,eschatology,3,150,0.02,4,1767,0.00226,4.0,0.02667,poslední:2; antikrist:2
bible_BKR_1J.txt,genealogy_lineage,1,150,0.00667,1,1767,0.00057,1.0,0.00667,zplodit:1
bible_BKR_1J.txt,kinship,29,150,0.19333,34,1767,0.01924,31.5,0.21,bratr:17; otec:11; syn:6
bible_BKR_1J.txt,legal,5,150,0.03333,5,1767,0.00283,4.7,0.03133,spravedlnost:3; zákon:2
bible_BKR_1J.txt,life_death,12,150,0.08,20,1767,0.01132,19.7,0.13133,život:8; věčný:6; smrt:5; živý:1
bible_BKR_1J.txt,monotheism,36,150,0.24,36,1767,0.02037,38.3,0.25533,bůh:36
bible_BKR_1J.txt,moral,47,150,0.31333,52,1767,0.02943,51.5,0.34333,milovat:20; hřích:13; pravda:9; spravedlivý:5; nenávidět:4; lež:1
bible_BKR_1J.txt,prophetic_speech,1,150,0.00667,1,1767,0.00057,1.5,0.01,prorok:1
bible_BKR_1J.txt,ritual_sacrifice,2,150,0.01333,2,1767,0.00113,2.0,0.01333,oběť:2
bible_BKR_1J.txt,royal_power,0,150,0.0,0,1767,0.0,0.0,0.0,
bible_BKR_1J.txt,sacred_space,0,150,0.0,0,1767,0.0,0.0,0.0,
bible_BKR_1J.txt,war_conflict,0,150,0.0,0,1767,0.0,0.0,0.0,
bible_BKR_1J.txt,wisdom,0,150,0.0,0,1767,0.0,0.0,0.0,
bible_BKR_1J.txt,yhwh_elements,0,150,0.0,0,1767,0.0,0.0,0.0,
bible_BKR_1K.txt,christian_elements,86,559,0.15385,104,6223,0.01671,109.4,0.19571,kristus:49; ježíš:18; církev:15; evangelium:8; apoštol:5; křtít:5; kříž:2; ukřižovat:1; letnice:1
bible_BKR_1K.txt,covenant_law,10,559,0.01789,10,6223,0.00161,10.2,0.01825,zákon:8; ustanovení:1; smlouva:1
bible_BKR_1K.txt,divine,139,559,0.24866,201,6223,0.0323,215.7,0.38587,bůh:55; kristus:49; duch:33; ježíš:18; pán:17; víra:7; svatý:6; milost:6; sláva:4; modlit:4
bible_BKR_1K.txt,divine_hierarchy,3,559,0.00537,3,6223,0.00048,2.7,0.00483,anděl:3
bible_BKR_1K.txt,eschatology,10,559,0.01789,10,6223,0.00161,11.0,0.01968,poslední:4; vzkřísit:3; vzkříšení:2; peklo:1
bible_BKR_1K.txt,genealogy_lineage,1,559,0.00179,1,6223,0.00016,1.0,0.00179,zplodit:1
bible_BKR_1K.txt,kinship,51,559,0.09123,67,6223,0.01077,73.0,0.13059,bratr:33; muž:15; žena:13; syn:2; otec:2; sestra:2
bible_BKR_1K.txt,legal,21,559,0.03757,21,6223,0.00337,22.1,0.03953,zákon:8; soud:4; právo:3; spravedlnost:2; ustanovení:1; smlouva:1; řád:1; svědek:1
bible_BKR_1K.txt,life_death,28,559,0.05009,32,6223,0.00514,33.7,0.06029,mrtvý:16; smrt:8; živý:4; vzkříšení:2; život:1; zemřít:1
bible_BKR_1K.txt,monotheism,55,559,0.09839,55,6223,0.00884,62.3,0.11145,bůh:55
bible_BKR_1K.txt,moral,19,559,0.03399,20,6223,0.00321,20.2,0.03614,dobrý:6; zlý:4; milovat:3; hřích:3; pravda:2; spravedlivý:1; bezbožný:1
bible_BKR_1K.txt,prophetic_speech,13,559,0.02326,14,6223,0.00225,14.4,0.02576,proroctví:5; prorok:5; zjevení:4
bible_BKR_1K.txt,ritual_sacrifice,4,559,0.00716,5,6223,0.0008,5.0,0.00894,oltář:2; beránek:1; oběť:1; krev:1
bible_BKR_1K.txt,royal_power,7,559,0.01252,7,6223,0.00112,6.7,0.01199,království:5; kníže:2
bible_BKR_1K.txt,sacred_space,6,559,0.01073,6,6223,0.00096,6.5,0.01163,chrám:4; oltář:2
bible_BKR_1K.txt,war_conflict,3,559,0.00537,3,6223,0.00048,3.0,0.00537,nepřítel:2; boj:1
bible_BKR_1K.txt,wisdom,13,559,0.02326,13,6223,0.00209,13.1,0.02343,moudrost:13
bible_BKR_1K.txt,yhwh_elements,0,559,0.0,0,6223,0.0,0.0,0.0,
bible_BKR_1Kr.txt,christian_elements,210,1053,0.19943,210,16395,0.01281,230.9,0.21928,hospodin:210
bible_BKR_1Kr.txt,covenant_law,27,1053,0.02564,29,16395,0.00177,27.0,0.02564,smlouva:15; ustanovení:11; desatero:2; zákon:1
bible_BKR_1Kr.txt,divine,236,1053,0.22412,315,16395,0.01921,339.0,0.32194,hospodin:210; bůh:70; modlit:8; modlitba:8; pán:7; duch:6; svatý:3; milost:2; sláva:1
bible_BKR_1Kr.txt,divine_hierarchy,7,1053,0.00665,7,16395,0.00043,8.5,0.00807,cherubín:4; anděl:3
bible_BKR_1Kr.txt,eschatology,0,1053,0.0,0,16395,0.0,0.0,0.0,
bible_BKR_1Kr.txt,genealogy_lineage,17,1053,0.01614,17,16395,0.00104,17.7,0.01681,pokolení:11; rod:2; potomek:2; předek:1; prvorozený:1
bible_BKR_1Kr.txt,kinship,181,1053,0.17189,206,16395,0.01256,223.8,0.21254,syn:114; otec:47; matka:15; dcera:11; bratr:8; žena:6; rod:2; sestra:2; muž:1
bible_BKR_1Kr.txt,legal,32,1053,0.03039,40,16395,0.00244,40.1,0.03808,smlouva:15; ustanovení:11; soud:9; spravedlnost:3; zákon:1; přestoupit:1
bible_BKR_1Kr.txt,life_death,27,1053,0.02564,32,16395,0.00195,32.2,0.03058,živý:14; mrtvý:9; smrt:6; život:2; zemřít:1
bible_BKR_1Kr.txt,monotheism,227,1053,0.21557,280,16395,0.01708,304.2,0.28889,hospodin:210; bůh:70
bible_BKR_1Kr.txt,moral,51,1053,0.04843,57,16395,0.00348,55.2,0.05242,zlý:22; dobrý:17; hřích:8; pravda:4; milovat:3; spravedlivý:2; bezbožný:1
bible_BKR_1Kr.txt,prophetic_speech,44,1053,0.04179,44,16395,0.00268,46.4,0.04406,prorok:44
bible_BKR_1Kr.txt,ritual_sacrifice,66,1053,0.06268,79,16395,0.00482,82.9,0.07873,oltář:30; kněz:25; oběť:11; zápalný:6; posvětit:5; kadidlnice:1; kadidlo:1
bible_BKR_1Kr.txt,royal_power,288,1053,0.2735,310,16395,0.01891,353.7,0.3359,král:246; stolice:28; království:19; kníže:12; trůn:3; panovat:2
bible_BKR_1Kr.txt,sacred_space,42,1053,0.03989,45,16395,0.00274,47.8,0.04539,oltář:30; svatyně:12; chrám:3
bible_BKR_1Kr.txt,war_conflict,56,1053,0.05318,64,16395,0.0039,65.5,0.0622,vojsko:15; zabít:11; meč:9; nepřítel:7; bitva:7; boj:5; válka:5; pobít:5
bible_BKR_1Kr.txt,wisdom,17,1053,0.01614,18,16395,0.0011,17.8,0.0169,moudrost:14; rozumnost:2; přísloví:2
bible_BKR_1Kr.txt,yhwh_elements,210,1053,0.19943,210,16395,0.01281,230.9,0.21928,hospodin:210
bible_BKR_1P.txt,christian_elements,22,94,0.23404,31,1662,0.01865,33.0,0.35106,kristus:16; ježíš:9; evangelium:3; apoštol:1; křest:1; církev:1
bible_BKR_1P.txt,covenant_law,1,94,0.01064,1,1662,0.0006,1.0,0.01064,ustanovení:1
bible_BKR_1P.txt,divine,38,94,0.40426,82,1662,0.04934,83.5,0.8883,kristus:16; bůh:16; duch:9; ježíš:9; milost:8; sláva:8; pán:5; víra:5; svatý:4; modlitba:2
bible_BKR_1P.txt,divine_hierarchy,2,94,0.02128,2,1662,0.0012,1.7,0.01809,anděl:2
bible_BKR_1P.txt,eschatology,3,94,0.03191,5,1662,0.00301,5.0,0.05319,poslední:2; vzkříšení:2; vzkřísit:1
bible_BKR_1P.txt,genealogy_lineage,2,94,0.02128,2,1662,0.0012,1.7,0.01809,zplodit:1; rod:1
bible_BKR_1P.txt,kinship,4,94,0.04255,6,1662,0.00361,6.0,0.06383,muž:2; žena:2; bratr:1; syn:1
bible_BKR_1P.txt,legal,7,94,0.07447,7,1662,0.00421,7.0,0.07447,vina:2; spravedlnost:2; ustanovení:1; soud:1; svědek:1
bible_BKR_1P.txt,life_death,10,94,0.10638,14,1662,0.00842,14.0,0.14894,živý:7; mrtvý:4; vzkříšení:2; věčný:1
bible_BKR_1P.txt,monotheism,17,94,0.18085,17,1662,0.01023,17.4,0.18511,bůh:16; stvořitel:1
bible_BKR_1P.txt,moral,19,94,0.20213,27,1662,0.01625,27.7,0.29468,dobrý:8; zlý:5; hřích:5; milovat:4; spravedlivý:3; pravda:1; bezbožný:1
bible_BKR_1P.txt,prophetic_speech,4,94,0.04255,4,1662,0.00241,4.5,0.04787,zjevení:3; prorok:1
bible_BKR_1P.txt,ritual_sacrifice,2,94,0.02128,3,1662,0.00181,3.0,0.03191,krev:1; beránek:1; oběť:1
bible_BKR_1P.txt,royal_power,3,94,0.03191,3,1662,0.00181,3.2,0.03404,král:2; kníže:1
bible_BKR_1P.txt,sacred_space,0,94,0.0,0,1662,0.0,0.0,0.0,
bible_BKR_1P.txt,war_conflict,0,94,0.0,0,1662,0.0,0.0,0.0,
bible_BKR_1P.txt,wisdom,0,94,0.0,0,1662,0.0,0.0,0.0,
bible_BKR_1P.txt,yhwh_elements,0,94,0.0,0,1662,0.0,0.0,0.0,
bible_BKR_1Pa.txt,christian_elements,137,1007,0.13605,137,13067,0.01048,151.9,0.15084,hospodin:137
bible_BKR_1Pa.txt,covenant_law,15,1007,0.0149,16,13067,0.00122,15.4,0.01529,smlouva:11; ustanovení:3; zákon:2
bible_BKR_1Pa.txt,divine,176,1007,0.17478,229,13067,0.01753,249.1,0.24737,hospodin:137; bůh:77; svatý:7; sláva:4; duch:3; modlit:1
bible_BKR_1Pa.txt,divine_hierarchy,10,1007,0.00993,10,13067,0.00077,10.4,0.01033,anděl:9; cherubín:1
bible_BKR_1Pa.txt,eschatology,2,1007,0.00199,2,13067,0.00015,2.0,0.00199,poslední:2
bible_BKR_1Pa.txt,genealogy_lineage,121,1007,0.12016,124,13067,0.00949,124.5,0.12363,zplodit:58; pokolení:41; prvorozený:23; rod:1; potomek:1
bible_BKR_1Pa.txt,kinship,447,1007,0.44389,535,13067,0.04094,550.6,0.54677,syn:369; bratr:87; otec:48; dcera:17; sestra:10; matka:2; muž:1; žena:1
bible_BKR_1Pa.txt,legal,27,1007,0.02681,31,13067,0.00237,30.9,0.03069,smlouva:11; soud:4; soudce:4; ustanovení:3; řád:3; přestoupit:2; zákon:2; spravedlnost:1; nařízení:1
bible_BKR_1Pa.txt,life_death,5,1007,0.00497,5,13067,0.00038,5.0,0.00497,smrt:2; zemřít:2; věčný:1
bible_BKR_1Pa.txt,monotheism,174,1007,0.17279,214,13067,0.01638,234.2,0.23257,hospodin:137; bůh:77
bible_BKR_1Pa.txt,moral,9,1007,0.00894,9,13067,0.00069,9.0,0.00894,dobrý:5; zlý:4
bible_BKR_1Pa.txt,prophetic_speech,7,1007,0.00695,7,13067,0.00054,7.0,0.00695,prorok:6; vidění:1
bible_BKR_1Pa.txt,ritual_sacrifice,36,1007,0.03575,43,13067,0.00329,43.5,0.0432,kněz:16; oltář:9; oběť:9; zápalný:4; posvětit:3; kadidlo:1; efod:1
bible_BKR_1Pa.txt,royal_power,134,1007,0.13307,149,13067,0.0114,156.4,0.15531,kníže:74; král:54; království:12; panovat:3; trůn:3; stolice:2; vládnout:1
bible_BKR_1Pa.txt,sacred_space,15,1007,0.0149,16,13067,0.00122,16.7,0.01658,oltář:9; svatyně:6; chrám:1
bible_BKR_1Pa.txt,war_conflict,68,1007,0.06753,78,13067,0.00597,80.0,0.07944,vojsko:21; boj:15; zabít:12; bitva:10; meč:8; nepřítel:6; válka:4; pobít:1; kopí:1
bible_BKR_1Pa.txt,wisdom,2,1007,0.00199,2,13067,0.00015,2.0,0.00199,moudrost:2
bible_BKR_1Pa.txt,yhwh_elements,137,1007,0.13605,137,13067,0.01048,151.9,0.15084,hospodin:137
bible_BKR_1S.txt,christian_elements,261,1304,0.20015,261,17721,0.01473,296.2,0.22715,hospodin:261
bible_BKR_1S.txt,covenant_law,11,1304,0.00844,11,17721,0.00062,9.2,0.00706,smlouva:11
bible_BKR_1S.txt,divine,320,1304,0.2454,371,17721,0.02094,413.5,0.3171,hospodin:261; bůh:65; duch:18; pán:10; modlit:8; milost:5; svatý:2; sláva:2
bible_BKR_1S.txt,divine_hierarchy,2,1304,0.00153,2,17721,0.00011,2.0,0.00153,cherubín:1; anděl:1
bible_BKR_1S.txt,eschatology,1,1304,0.00077,1,17721,6e-05,1.0,0.00077,peklo:1
bible_BKR_1S.txt,genealogy_lineage,14,1304,0.01074,14,17721,0.00079,13.7,0.01051,pokolení:8; prvorozený:3; rod:3
bible_BKR_1S.txt,kinship,152,1304,0.11656,181,17721,0.01021,190.5,0.14609,syn:91; otec:37; dcera:15; muž:12; bratr:11; žena:10; matka:4; rod:1
bible_BKR_1S.txt,legal,28,1304,0.02147,28,17721,0.00158,28.4,0.02178,smlouva:11; svědek:5; soudce:4; přestoupit:3; soud:2; vina:1; spravedlnost:1; právo:1
bible_BKR_1S.txt,life_death,25,1304,0.01917,27,17721,0.00152,28.5,0.02186,živý:16; smrt:8; zemřít:2; mrtvý:1
bible_BKR_1S.txt,monotheism,301,1304,0.23083,326,17721,0.0184,363.5,0.27876,hospodin:261; bůh:65
bible_BKR_1S.txt,moral,54,1304,0.04141,59,17721,0.00333,59.6,0.04571,zlý:26; dobrý:11; hřích:7; milovat:6; bezbožný:6; spravedlivý:2; pravda:1
bible_BKR_1S.txt,prophetic_speech,14,1304,0.01074,14,17721,0.00079,14.5,0.01112,prorok:12; vidění:2
bible_BKR_1S.txt,ritual_sacrifice,62,1304,0.04755,80,17721,0.00451,82.0,0.06288,oběť:28; kněz:27; efod:9; zápalný:9; oltář:5; posvětit:2
bible_BKR_1S.txt,royal_power,101,1304,0.07745,106,17721,0.00598,113.1,0.08673,král:71; kníže:18; království:12; stolice:5
bible_BKR_1S.txt,sacred_space,6,1304,0.0046,6,17721,0.00034,6.7,0.00514,oltář:5; chrám:1
bible_BKR_1S.txt,war_conflict,120,1304,0.09202,135,17721,0.00762,138.7,0.10637,vojsko:32; zabít:26; meč:22; nepřítel:21; boj:13; bitva:11; kopí:5; pobít:3; válka:2
bible_BKR_1S.txt,wisdom,2,1304,0.00153,2,17721,0.00011,2.5,0.00192,přísloví:2
bible_BKR_1S.txt,yhwh_elements,261,1304,0.20015,261,17721,0.01473,296.2,0.22715,hospodin:261
bible_BKR_1Te.txt,christian_elements,23,82,0.28049,30,1314,0.02283,30.1,0.36707,ježíš:15; kristus:7; evangelium:6; církev:2
bible_BKR_1Te.txt,covenant_law,0,82,0.0,0,1314,0.0,0.0,0.0,
bible_BKR_1Te.txt,divine,36,82,0.43902,77,1314,0.0586,80.9,0.98659,bůh:22; ježíš:15; pán:13; kristus:7; víra:7; duch:5; svatý:4; milost:2; modlitba:1; sláva:1
bible_BKR_1Te.txt,divine_hierarchy,1,82,0.0122,1,1314,0.00076,1.0,0.0122,archanděl:1
bible_BKR_1Te.txt,eschatology,1,82,0.0122,1,1314,0.00076,1.0,0.0122,vzkřísit:1
bible_BKR_1Te.txt,genealogy_lineage,1,82,0.0122,1,1314,0.00076,1.0,0.0122,pokolení:1
bible_BKR_1Te.txt,kinship,21,82,0.2561,21,1314,0.01598,20.9,0.25488,bratr:18; syn:2; matka:1
bible_BKR_1Te.txt,legal,3,82,0.03659,3,1314,0.00228,3.0,0.03659,svědek:2; řád:1
bible_BKR_1Te.txt,life_death,6,82,0.07317,7,1314,0.00533,7.5,0.09146,živý:4; mrtvý:3
bible_BKR_1Te.txt,monotheism,22,82,0.26829,22,1314,0.01674,25.0,0.30488,bůh:22
bible_BKR_1Te.txt,moral,7,82,0.08537,7,1314,0.00533,7.0,0.08537,milovat:2; zlý:2; pravda:1; hřích:1; dobrý:1
bible_BKR_1Te.txt,prophetic_speech,2,82,0.02439,2,1314,0.00152,1.7,0.02073,prorok:1; proroctví:1
bible_BKR_1Te.txt,ritual_sacrifice,1,82,0.0122,1,1314,0.00076,1.0,0.0122,posvětit:1
bible_BKR_1Te.txt,royal_power,2,82,0.02439,2,1314,0.00152,2.0,0.02439,království:1; vládnout:1
bible_BKR_1Te.txt,sacred_space,0,82,0.0,0,1314,0.0,0.0,0.0,
bible_BKR_1Te.txt,war_conflict,1,82,0.0122,1,1314,0.00076,1.0,0.0122,zabít:1
bible_BKR_1Te.txt,wisdom,0,82,0.0,0,1314,0.0,0.0,0.0,
bible_BKR_1Te.txt,yhwh_elements,0,82,0.0,0,1314,0.0,0.0,0.0,
bible_BKR_1Tm.txt,christian_elements,17,101,0.16832,27,1620,0.01667,27.5,0.27228,kristus:10; ježíš:10; církev:3; spasitel:2; apoštol:1; evangelium:1
bible_BKR_1Tm.txt,covenant_law,2,101,0.0198,2,1620,0.00123,2.5,0.02475,zákon:2
bible_BKR_1Tm.txt,divine,40,101,0.39604,73,1620,0.04506,73.5,0.72772,víra:17; bůh:12; kristus:10; ježíš:10; pán:8; milost:3; modlitba:3; duch:3; spasit:2; sláva:2
bible_BKR_1Tm.txt,divine_hierarchy,2,101,0.0198,2,1620,0.00123,2.0,0.0198,anděl:2
bible_BKR_1Tm.txt,eschatology,1,101,0.0099,1,1620,0.00062,1.0,0.0099,poslední:1
bible_BKR_1Tm.txt,genealogy_lineage,1,101,0.0099,1,1620,0.00062,1.0,0.0099,rod:1
bible_BKR_1Tm.txt,kinship,8,101,0.07921,12,1620,0.00741,12.5,0.12376,muž:4; matka:2; žena:2; bratr:2; syn:1; otec:1
bible_BKR_1Tm.txt,legal,6,101,0.05941,6,1620,0.0037,6.2,0.06139,zákon:2; svědek:2; soud:1; spravedlnost:1
bible_BKR_1Tm.txt,life_death,8,101,0.07921,11,1620,0.00679,11.0,0.10891,věčný:4; živý:4; život:3
bible_BKR_1Tm.txt,monotheism,12,101,0.11881,12,1620,0.00741,12.5,0.12376,bůh:12
bible_BKR_1Tm.txt,moral,21,101,0.20792,26,1620,0.01605,25.7,0.25446,dobrý:14; pravda:6; zlý:2; spravedlivý:1; bezbožný:1; lež:1; hřích:1
bible_BKR_1Tm.txt,prophetic_speech,3,101,0.0297,3,1620,0.00185,3.0,0.0297,proroctví:2; zjevení:1
bible_BKR_1Tm.txt,ritual_sacrifice,0,101,0.0,0,1620,0.0,0.0,0.0,
bible_BKR_1Tm.txt,royal_power,4,101,0.0396,4,1620,0.00247,4.0,0.0396,král:3; vládnout:1
bible_BKR_1Tm.txt,sacred_space,0,101,0.0,0,1620,0.0,0.0,0.0,
bible_BKR_1Tm.txt,war_conflict,2,101,0.0198,2,1620,0.00123,2.2,0.02178,boj:2
bible_BKR_1Tm.txt,wisdom,1,101,0.0099,1,1620,0.00062,1.0,0.0099,učení:1
bible_BKR_1Tm.txt,yhwh_elements,0,101,0.0,0,1620,0.0,0.0,0.0,
bible_BKR_2J.txt,christian_elements,3,14,0.21429,4,202,0.0198,4.0,0.28571,kristus:2; ježíš:2
bible_BKR_2J.txt,covenant_law,0,14,0.0,0,202,0.0,0.0,0.0,
bible_BKR_2J.txt,divine,3,14,0.21429,8,202,0.0396,7.7,0.55,kristus:2; ježíš:2; bůh:2; pán:1; milost:1
bible_BKR_2J.txt,divine_hierarchy,0,14,0.0,0,202,0.0,0.0,0.0,
bible_BKR_2J.txt,eschatology,1,14,0.07143,1,202,0.00495,1.0,0.07143,antikrist:1
bible_BKR_2J.txt,genealogy_lineage,0,14,0.0,0,202,0.0,0.0,0.0,
bible_BKR_2J.txt,kinship,2,14,0.14286,4,202,0.0198,4.5,0.32143,syn:2; otec:1; sestra:1
bible_BKR_2J.txt,legal,0,14,0.0,0,202,0.0,0.0,0.0,
bible_BKR_2J.txt,life_death,0,14,0.0,0,202,0.0,0.0,0.0,
bible_BKR_2J.txt,monotheism,2,14,0.14286,2,202,0.0099,1.7,0.12143,bůh:2
bible_BKR_2J.txt,moral,4,14,0.28571,5,202,0.02475,5.0,0.35714,milovat:2; pravda:2; zlý:1
bible_BKR_2J.txt,prophetic_speech,0,14,0.0,0,202,0.0,0.0,0.0,
bible_BKR_2J.txt,ritual_sacrifice,0,14,0.0,0,202,0.0,0.0,0.0,
bible_BKR_2J.txt,royal_power,0,14,0.0,0,202,0.0,0.0,0.0,
bible_BKR_2J.txt,sacred_space,0,14,0.0,0,202,0.0,0.0,0.0,
bible_BKR_2J.txt,war_conflict,0,14,0.0,0,202,0.0,0.0,0.0,
bible_BKR_2J.txt,wisdom,0,14,0.0,0,202,0.0,0.0,0.0,
bible_BKR_2J.txt,yhwh_elements,0,14,0.0,0,202,0.0,0.0,0.0,
bible_BKR_2K.txt,christian_elements,55,281,0.19573,71,4050,0.01753,71.1,0.25302,kristus:38; ježíš:15; evangelium:9; církev:6; ježíšův:2; apoštol:1
bible_BKR_2K.txt,covenant_law,2,281,0.00712,2,4050,0.00049,2.0,0.00712,zákon:2
bible_BKR_2K.txt,divine,99,281,0.35231,161,4050,0.03975,168.5,0.59964,bůh:41; kristus:38; milost:16; duch:16; ježíš:15; pán:12; sláva:6; víra:6; svatý:4; odpustit:3
bible_BKR_2K.txt,divine_hierarchy,2,281,0.00712,2,4050,0.00049,2.0,0.00712,anděl:2
bible_BKR_2K.txt,eschatology,1,281,0.00356,1,4050,0.00025,1.0,0.00356,vzkřísit:1
bible_BKR_2K.txt,genealogy_lineage,1,281,0.00356,1,4050,0.00025,1.0,0.00356,pokolení:1
bible_BKR_2K.txt,kinship,17,281,0.0605,19,4050,0.00469,19.0,0.06762,bratr:12; syn:5; dcera:1; otec:1
bible_BKR_2K.txt,legal,11,281,0.03915,11,4050,0.00272,11.0,0.03915,spravedlnost:7; svědek:2; zákon:2
bible_BKR_2K.txt,life_death,18,281,0.06406,24,4050,0.00593,24.5,0.08719,živý:8; smrt:7; život:3; věčný:3; mrtvý:2; zemřít:1
bible_BKR_2K.txt,monotheism,42,281,0.14947,42,4050,0.01037,47.7,0.16975,bůh:41; všemohoucí:1
bible_BKR_2K.txt,moral,20,281,0.07117,23,4050,0.00568,23.2,0.08256,dobrý:8; pravda:6; milovat:5; hřích:2; zlý:2
bible_BKR_2K.txt,prophetic_speech,3,281,0.01068,4,4050,0.00099,4.0,0.01423,vidění:2; zjevení:2
bible_BKR_2K.txt,ritual_sacrifice,1,281,0.00356,1,4050,0.00025,1.0,0.00356,oběť:1
bible_BKR_2K.txt,royal_power,3,281,0.01068,3,4050,0.00074,3.0,0.01068,panovat:1; stolice:1; král:1
bible_BKR_2K.txt,sacred_space,2,281,0.00712,2,4050,0.00049,2.0,0.00712,chrám:2
bible_BKR_2K.txt,war_conflict,3,281,0.01068,3,4050,0.00074,3.5,0.01246,zabít:1; boj:1; vojsko:1
bible_BKR_2K.txt,wisdom,4,281,0.01423,4,4050,0.00099,4.0,0.01423,moudrost:4
bible_BKR_2K.txt,yhwh_elements,0,281,0.0,0,4050,0.0,0.0,0.0,
bible_BKR_2Kr.txt,christian_elements,229,1089,0.21028,229,15403,0.01487,252.7,0.23205,hospodin:229
bible_BKR_2Kr.txt,covenant_law,25,1089,0.02296,30,15403,0.00195,27.9,0.02562,smlouva:12; zákon:10; ustanovení:7; desatero:1
bible_BKR_2Kr.txt,divine,249,1089,0.22865,302,15403,0.01961,326.3,0.29963,hospodin:229; bůh:49; pán:9; modlit:8; duch:3; svatý:2; modlitba:2
bible_BKR_2Kr.txt,divine_hierarchy,3,1089,0.00275,3,15403,0.00019,4.0,0.00367,anděl:3
bible_BKR_2Kr.txt,eschatology,3,1089,0.00275,3,15403,0.00019,3.0,0.00275,vzkřísit:3
bible_BKR_2Kr.txt,genealogy_lineage,5,1089,0.00459,5,15403,0.00032,5.0,0.00459,pokolení:3; prvorozený:1; zplodit:1
bible_BKR_2Kr.txt,kinship,169,1089,0.15519,206,15403,0.01337,226.4,0.2079,syn:123; otec:35; matka:22; dcera:16; žena:4; bratr:3; muž:2; sestra:1
bible_BKR_2Kr.txt,legal,27,1089,0.02479,32,15403,0.00208,29.6,0.02718,smlouva:12; zákon:10; ustanovení:7; vina:1; soudce:1; soud:1
bible_BKR_2Kr.txt,life_death,29,1089,0.02663,29,15403,0.00188,27.8,0.02553,živý:16; smrt:6; mrtvý:4; zemřít:3
bible_BKR_2Kr.txt,monotheism,245,1089,0.22498,278,15403,0.01805,301.6,0.27695,hospodin:229; bůh:49
bible_BKR_2Kr.txt,moral,51,1089,0.04683,60,15403,0.0039,60.0,0.0551,zlý:29; hřích:16; dobrý:12; pravda:2; spravedlivý:1
bible_BKR_2Kr.txt,prophetic_speech,21,1089,0.01928,21,15403,0.00136,22.7,0.02084,prorok:20; prorokyně:1
bible_BKR_2Kr.txt,ritual_sacrifice,59,1089,0.05418,72,15403,0.00467,81.1,0.07447,kněz:39; oltář:20; oběť:7; zápalný:2; krev:2; posvětit:1; kadidlnice:1
bible_BKR_2Kr.txt,royal_power,286,1089,0.26263,295,15403,0.01915,336.8,0.30927,král:269; kníže:12; stolice:7; království:6; vládnout:1
bible_BKR_2Kr.txt,sacred_space,23,1089,0.02112,23,15403,0.00149,23.5,0.02158,oltář:20; chrám:3
bible_BKR_2Kr.txt,war_conflict,57,1089,0.05234,62,15403,0.00403,64.2,0.05895,vojsko:26; zabít:16; meč:7; pobít:6; nepřítel:3; boj:3; válka:1
bible_BKR_2Kr.txt,wisdom,0,1089,0.0,0,15403,0.0,0.0,0.0,
bible_BKR_2Kr.txt,yhwh_elements,229,1089,0.21028,229,15403,0.01487,252.7,0.23205,hospodin:229
bible_BKR_2P.txt,christian_elements,8,48,0.16667,16,1043,0.01534,16.0,0.33333,ježíš:7; spasitel:5; kristus:2; apoštol:2
bible_BKR_2P.txt,covenant_law,0,48,0.0,0,1043,0.0,0.0,0.0,
bible_BKR_2P.txt,divine,11,48,0.22917,28,1043,0.02685,27.7,0.57708,pán:7; ježíš:7; bůh:3; kristus:2; víra:2; milost:2; sláva:2; svatý:1; duch:1; odpustit:1
bible_BKR_2P.txt,divine_hierarchy,2,48,0.04167,2,1043,0.00192,2.5,0.05208,anděl:2
bible_BKR_2P.txt,eschatology,3,48,0.0625,3,1043,0.00288,3.0,0.0625,poslední:2; věčnost:1
bible_BKR_2P.txt,genealogy_lineage,0,48,0.0,0,1043,0.0,0.0,0.0,
bible_BKR_2P.txt,kinship,5,48,0.10417,5,1043,0.00479,5.5,0.11458,bratr:2; syn:2; otec:1
bible_BKR_2P.txt,legal,7,48,0.14583,7,1043,0.00671,7.5,0.15625,spravedlnost:4; soud:3
bible_BKR_2P.txt,life_death,2,48,0.04167,2,1043,0.00192,2.0,0.04167,věčný:2
bible_BKR_2P.txt,monotheism,3,48,0.0625,3,1043,0.00288,3.0,0.0625,bůh:3
bible_BKR_2P.txt,moral,8,48,0.16667,8,1043,0.00767,8.0,0.16667,pravda:3; spravedlivý:3; hřích:1; bezbožný:1
bible_BKR_2P.txt,prophetic_speech,5,48,0.10417,5,1043,0.00479,6.0,0.125,prorok:3; proroctví:2
bible_BKR_2P.txt,ritual_sacrifice,0,48,0.0,0,1043,0.0,0.0,0.0,
bible_BKR_2P.txt,royal_power,1,48,0.02083,1,1043,0.00096,1.0,0.02083,království:1
bible_BKR_2P.txt,sacred_space,0,48,0.0,0,1043,0.0,0.0,0.0,
bible_BKR_2P.txt,war_conflict,0,48,0.0,0,1043,0.0,0.0,0.0,
bible_BKR_2P.txt,wisdom,3,48,0.0625,3,1043,0.00288,2.4,0.05,moudrost:2; přísloví:1
bible_BKR_2P.txt,yhwh_elements,0,48,0.0,0,1043,0.0,0.0,0.0,
bible_BKR_2Pa.txt,christian_elements,324,1045,0.31005,324,17222,0.01881,348.3,0.3333,hospodin:324
bible_BKR_2Pa.txt,covenant_law,36,1045,0.03445,41,17222,0.00238,39.5,0.0378,smlouva:18; zákon:17; ustanovení:5; přikázání:1
bible_BKR_2Pa.txt,divine,386,1045,0.36938,511,17222,0.02967,544.3,0.52086,hospodin:324; bůh:139; modlitba:12; modlit:11; duch:9; svatý:7; sláva:5; odpustit:2; pán:1; víra:1
bible_BKR_2Pa.txt,divine_hierarchy,4,1045,0.00383,4,17222,0.00023,4.0,0.00383,cherubín:3; anděl:1
bible_BKR_2Pa.txt,eschatology,8,1045,0.00766,8,17222,0.00046,8.0,0.00766,poslední:8
bible_BKR_2Pa.txt,genealogy_lineage,22,1045,0.02105,22,17222,0.00128,21.7,0.02077,pokolení:13; rod:3; zplodit:3; předek:1; prvorozený:1; potomek:1
bible_BKR_2Pa.txt,kinship,163,1045,0.15598,199,17222,0.01155,214.7,0.20545,syn:91; otec:47; bratr:21; dcera:19; matka:12; muž:3; žena:3; rod:2; sestra:1
bible_BKR_2Pa.txt,legal,49,1045,0.04689,59,17222,0.00343,56.6,0.05416,smlouva:18; zákon:17; soud:6; ustanovení:5; nařízení:5; soudce:3; spravedlnost:2; přikázání:1; právo:1; vina:1
bible_BKR_2Pa.txt,life_death,11,1045,0.01053,12,17222,0.0007,12.5,0.01196,smrt:7; živý:3; mrtvý:1; život:1
bible_BKR_2Pa.txt,monotheism,372,1045,0.35598,463,17222,0.02688,495.0,0.47368,hospodin:324; bůh:139
bible_BKR_2Pa.txt,moral,54,1045,0.05167,60,17222,0.00348,60.2,0.05761,zlý:19; dobrý:14; hřích:13; milovat:4; bezbožný:4; nenávidět:2; pravda:2; spravedlivý:2
bible_BKR_2Pa.txt,prophetic_speech,34,1045,0.03254,38,17222,0.00221,39.6,0.03789,prorok:32; proroctví:3; vidění:2; prorokyně:1
bible_BKR_2Pa.txt,ritual_sacrifice,145,1045,0.13876,187,17222,0.01086,196.9,0.18842,kněz:77; oltář:39; oběť:26; posvětit:16; zápalný:8; krev:7; beránek:7; červec:3; kadidlnice:3; kadidlo:1
bible_BKR_2Pa.txt,royal_power,256,1045,0.24498,284,17222,0.01649,315.5,0.30191,král:211; kníže:34; království:26; stolice:8; panovat:4; trůn:1
bible_BKR_2Pa.txt,sacred_space,58,1045,0.0555,60,17222,0.00348,57.8,0.05531,oltář:39; svatyně:16; chrám:5
bible_BKR_2Pa.txt,war_conflict,66,1045,0.06316,70,17222,0.00406,72.2,0.06909,vojsko:25; boj:9; nepřítel:8; meč:8; zabít:8; válka:7; bitva:3; pobít:2
bible_BKR_2Pa.txt,wisdom,8,1045,0.00766,8,17222,0.00046,7.7,0.00737,moudrost:7; přísloví:1
bible_BKR_2Pa.txt,yhwh_elements,324,1045,0.31005,324,17222,0.01881,348.3,0.3333,hospodin:324
bible_BKR_2S.txt,christian_elements,133,1057,0.12583,133,14439,0.00921,154.4,0.14607,hospodin:132; spasitel:1
bible_BKR_2S.txt,covenant_law,7,1057,0.00662,7,14439,0.00048,5.8,0.00549,smlouva:6; ustanovení:1
bible_BKR_2S.txt,divine,156,1057,0.14759,191,14439,0.01323,216.2,0.20454,hospodin:132; bůh:38; pán:10; milost:6; modlit:2; modlitba:1; odpustit:1; duch:1
bible_BKR_2S.txt,divine_hierarchy,7,1057,0.00662,7,14439,0.00048,6.9,0.00653,anděl:6; cherubín:1
bible_BKR_2S.txt,eschatology,4,1057,0.00378,4,14439,0.00028,4.0,0.00378,poslední:3; vzkřísit:1
bible_BKR_2S.txt,genealogy_lineage,7,1057,0.00662,7,14439,0.00048,6.7,0.00634,pokolení:6; prvorozený:1
bible_BKR_2S.txt,kinship,188,1057,0.17786,215,14439,0.01489,229.8,0.21741,syn:127; bratr:28; otec:26; dcera:18; sestra:9; muž:3; žena:2; matka:2
bible_BKR_2S.txt,legal,16,1057,0.01514,18,14439,0.00125,16.7,0.0158,smlouva:6; spravedlnost:4; soudce:3; soud:1; vina:1; rozsudek:1; právo:1; ustanovení:1
bible_BKR_2S.txt,life_death,22,1057,0.02081,23,14439,0.00159,23.0,0.02176,smrt:9; živý:8; mrtvý:3; život:1; věčný:1; zemřít:1
bible_BKR_2S.txt,monotheism,147,1057,0.13907,170,14439,0.01177,194.6,0.18411,hospodin:132; bůh:38
bible_BKR_2S.txt,moral,37,1057,0.035,43,14439,0.00298,42.1,0.03983,dobrý:18; zlý:10; milovat:4; pravda:3; bezbožný:3; spravedlivý:2; hřích:1; lež:1; nenávidět:1
bible_BKR_2S.txt,prophetic_speech,4,1057,0.00378,4,14439,0.00028,3.7,0.0035,prorok:3; vidění:1
bible_BKR_2S.txt,ritual_sacrifice,17,1057,0.01608,23,14439,0.00159,22.9,0.02167,kněz:7; oběť:6; zápalný:5; oltář:3; červec:1; efod:1
bible_BKR_2S.txt,royal_power,232,1057,0.21949,239,14439,0.01655,284.5,0.26916,král:218; království:8; kníže:8; trůn:3; stolice:1; panovat:1
bible_BKR_2S.txt,sacred_space,4,1057,0.00378,4,14439,0.00028,4.5,0.00426,oltář:3; chrám:1
bible_BKR_2S.txt,war_conflict,97,1057,0.09177,104,14439,0.0072,108.4,0.10255,vojsko:20; zabít:19; nepřítel:17; meč:15; boj:13; bitva:8; válka:7; kopí:3; pobít:2
bible_BKR_2S.txt,wisdom,3,1057,0.00284,3,14439,0.00021,3.0,0.00284,rada:2; moudrost:1
bible_BKR_2S.txt,yhwh_elements,132,1057,0.12488,132,14439,0.00914,153.4,0.14513,hospodin:132
bible_BKR_2Te.txt,christian_elements,10,37,0.27027,16,697,0.02296,16.0,0.43243,ježíš:9; kristus:4; evangelium:2; církev:1
bible_BKR_2Te.txt,covenant_law,0,37,0.0,0,697,0.0,0.0,0.0,
bible_BKR_2Te.txt,divine,16,37,0.43243,45,697,0.06456,47.5,1.28378,pán:10; ježíš:9; bůh:8; kristus:4; milost:4; víra:4; duch:3; sláva:2; modlit:1
bible_BKR_2Te.txt,divine_hierarchy,1,37,0.02703,1,697,0.00143,1.0,0.02703,anděl:1
bible_BKR_2Te.txt,eschatology,0,37,0.0,0,697,0.0,0.0,0.0,
bible_BKR_2Te.txt,genealogy_lineage,0,37,0.0,0,697,0.0,0.0,0.0,
bible_BKR_2Te.txt,kinship,8,37,0.21622,8,697,0.01148,8.0,0.21622,bratr:8
bible_BKR_2Te.txt,legal,2,37,0.05405,2,697,0.00287,1.7,0.04595,soud:1; právo:1
bible_BKR_2Te.txt,life_death,2,37,0.05405,2,697,0.00287,2.0,0.05405,věčný:2
bible_BKR_2Te.txt,monotheism,8,37,0.21622,8,697,0.01148,9.0,0.24324,bůh:8
bible_BKR_2Te.txt,moral,7,37,0.18919,8,697,0.01148,7.7,0.20811,pravda:3; zlý:2; spravedlivý:1; lež:1; dobrý:1
bible_BKR_2Te.txt,prophetic_speech,2,37,0.05405,2,697,0.00287,2.0,0.05405,zjevení:2
bible_BKR_2Te.txt,ritual_sacrifice,0,37,0.0,0,697,0.0,0.0,0.0,
bible_BKR_2Te.txt,royal_power,1,37,0.02703,1,697,0.00143,1.0,0.02703,království:1
bible_BKR_2Te.txt,sacred_space,0,37,0.0,0,697,0.0,0.0,0.0,
bible_BKR_2Te.txt,war_conflict,2,37,0.05405,2,697,0.00287,2.0,0.05405,zabít:1; nepřítel:1
bible_BKR_2Te.txt,wisdom,1,37,0.02703,1,697,0.00143,1.0,0.02703,naučení:1
bible_BKR_2Te.txt,yhwh_elements,0,37,0.0,0,697,0.0,0.0,0.0,
bible_BKR_2Tm.txt,christian_elements,12,85,0.14118,27,1210,0.02231,27.5,0.32353,kristus:11; ježíš:11; apoštol:2; evangelium:2; spasitel:1
bible_BKR_2Tm.txt,covenant_law,1,85,0.01176,1,1210,0.00083,1.0,0.01176,smlouva:1
bible_BKR_2Tm.txt,divine,25,85,0.29412,56,1210,0.04628,56.7,0.66706,kristus:11; ježíš:11; víra:8; bůh:7; pán:6; milost:4; duch:3; svatý:3; modlitba:1; spasit:1
bible_BKR_2Tm.txt,divine_hierarchy,0,85,0.0,0,1210,0.0,0.0,0.0,
bible_BKR_2Tm.txt,eschatology,2,85,0.02353,2,1210,0.00165,2.0,0.02353,vzkříšení:1; poslední:1
bible_BKR_2Tm.txt,genealogy_lineage,1,85,0.01176,1,1210,0.00083,1.0,0.01176,předek:1
bible_BKR_2Tm.txt,kinship,2,85,0.02353,2,1210,0.00165,2.0,0.02353,matka:1; bratr:1
bible_BKR_2Tm.txt,legal,5,85,0.05882,6,1210,0.00496,6.0,0.07059,spravedlnost:3; svědek:1; smlouva:1; soudce:1
bible_BKR_2Tm.txt,life_death,8,85,0.09412,11,1210,0.00909,11.0,0.12941,živý:3; život:2; mrtvý:2; smrt:1; věčný:1; zemřít:1; vzkříšení:1
bible_BKR_2Tm.txt,monotheism,7,85,0.08235,7,1210,0.00579,7.5,0.08824,bůh:7
bible_BKR_2Tm.txt,moral,12,85,0.14118,15,1210,0.0124,14.7,0.17294,pravda:6; dobrý:3; zlý:2; bezbožný:1; hřích:1; spravedlivý:1; milovat:1
bible_BKR_2Tm.txt,prophetic_speech,0,85,0.0,0,1210,0.0,0.0,0.0,
bible_BKR_2Tm.txt,ritual_sacrifice,0,85,0.0,0,1210,0.0,0.0,0.0,
bible_BKR_2Tm.txt,royal_power,2,85,0.02353,2,1210,0.00165,2.0,0.02353,království:2
bible_BKR_2Tm.txt,sacred_space,0,85,0.0,0,1210,0.0,0.0,0.0,
bible_BKR_2Tm.txt,war_conflict,1,85,0.01176,1,1210,0.00083,0.7,0.00824,boj:1
bible_BKR_2Tm.txt,wisdom,2,85,0.02353,2,1210,0.00165,2.0,0.02353,poznání:2
bible_BKR_2Tm.txt,yhwh_elements,0,85,0.0,0,1210,0.0,0.0,0.0,
bible_BKR_3J.txt,christian_elements,1,20,0.05,1,217,0.00461,1.0,0.05,církev:1
bible_BKR_3J.txt,covenant_law,0,20,0.0,0,217,0.0,0.0,0.0,
bible_BKR_3J.txt,divine,2,20,0.1,2,217,0.00922,1.7,0.085,bůh:2
bible_BKR_3J.txt,divine_hierarchy,0,20,0.0,0,217,0.0,0.0,0.0,
bible_BKR_3J.txt,eschatology,0,20,0.0,0,217,0.0,0.0,0.0,
bible_BKR_3J.txt,genealogy_lineage,0,20,0.0,0,217,0.0,0.0,0.0,
bible_BKR_3J.txt,kinship,4,20,0.2,4,217,0.01843,4.5,0.225,bratr:3; syn:1
bible_BKR_3J.txt,legal,0,20,0.0,0,217,0.0,0.0,0.0,
bible_BKR_3J.txt,life_death,0,20,0.0,0,217,0.0,0.0,0.0,
bible_BKR_3J.txt,monotheism,2,20,0.1,2,217,0.00922,1.7,0.085,bůh:2
bible_BKR_3J.txt,moral,5,20,0.25,7,217,0.03226,7.0,0.35,pravda:3; zlý:2; milovat:1; dobrý:1
bible_BKR_3J.txt,prophetic_speech,0,20,0.0,0,217,0.0,0.0,0.0,
bible_BKR_3J.txt,ritual_sacrifice,0,20,0.0,0,217,0.0,0.0,0.0,
bible_BKR_3J.txt,royal_power,0,20,0.0,0,217,0.0,0.0,0.0,
bible_BKR_3J.txt,sacred_space,0,20,0.0,0,217,0.0,0.0,0.0,
bible_BKR_3J.txt,war_conflict,0,20,0.0,0,217,0.0,0.0,0.0,
bible_BKR_3J.txt,wisdom,0,20,0.0,0,217,0.0,0.0,0.0,
bible_BKR_3J.txt,yhwh_elements,0,20,0.0,0,217,0.0,0.0,0.0,
bible_BKR_Abd.txt,christian_elements,6,32,0.1875,6,413,0.01453,7.5,0.23438,hospodin:6
bible_BKR_Abd.txt,covenant_law,1,32,0.03125,1,413,0.00242,0.7,0.02187,smlouva:1
bible_BKR_Abd.txt,divine,6,32,0.1875,6,413,0.01453,7.5,0.23438,hospodin:6
bible_BKR_Abd.txt,divine_hierarchy,0,32,0.0,0,413,0.0,0.0,0.0,
bible_BKR_Abd.txt,eschatology,1,32,0.03125,1,413,0.00242,1.0,0.03125,věčnost:1
bible_BKR_Abd.txt,genealogy_lineage,0,32,0.0,0,413,0.0,0.0,0.0,
bible_BKR_Abd.txt,kinship,3,32,0.09375,4,413,0.00969,4.0,0.125,bratr:2; syn:2
bible_BKR_Abd.txt,legal,1,32,0.03125,1,413,0.00242,0.7,0.02187,smlouva:1
bible_BKR_Abd.txt,life_death,0,32,0.0,0,413,0.0,0.0,0.0,
bible_BKR_Abd.txt,monotheism,6,32,0.1875,6,413,0.01453,7.5,0.23438,hospodin:6
bible_BKR_Abd.txt,moral,0,32,0.0,0,413,0.0,0.0,0.0,
bible_BKR_Abd.txt,prophetic_speech,1,32,0.03125,1,413,0.00242,1.0,0.03125,vidění:1
bible_BKR_Abd.txt,ritual_sacrifice,0,32,0.0,0,413,0.0,0.0,0.0,
bible_BKR_Abd.txt,royal_power,2,32,0.0625,2,413,0.00484,2.0,0.0625,vládnout:1; království:1
bible_BKR_Abd.txt,sacred_space,0,32,0.0,0,413,0.0,0.0,0.0,
bible_BKR_Abd.txt,war_conflict,4,32,0.125,4,413,0.00969,3.7,0.11563,vojsko:2; boj:1; nepřítel:1
bible_BKR_Abd.txt,wisdom,0,32,0.0,0,413,0.0,0.0,0.0,
bible_BKR_Abd.txt,yhwh_elements,6,32,0.1875,6,413,0.01453,7.5,0.23438,hospodin:6
bible_BKR_Abk.txt,christian_elements,13,79,0.16456,13,1022,0.01272,14.5,0.18354,hospodin:13
bible_BKR_Abk.txt,covenant_law,1,79,0.01266,1,1022,0.00098,1.0,0.01266,zákon:1
bible_BKR_Abk.txt,divine,18,79,0.22785,27,1022,0.02642,29.7,0.37595,hospodin:13; bůh:5; sláva:3; duch:2; svatý:2; víra:1; modlitba:1
bible_BKR_Abk.txt,divine_hierarchy,0,79,0.0,0,1022,0.0,0.0,0.0,
bible_BKR_Abk.txt,eschatology,2,79,0.02532,2,1022,0.00196,2.0,0.02532,věčnost:1; peklo:1
bible_BKR_Abk.txt,genealogy_lineage,1,79,0.01266,1,1022,0.00098,1.0,0.01266,pokolení:1
bible_BKR_Abk.txt,kinship,0,79,0.0,0,1022,0.0,0.0,0.0,
bible_BKR_Abk.txt,legal,5,79,0.06329,6,1022,0.00587,7.0,0.08861,soud:4; zákon:1; přestoupit:1
bible_BKR_Abk.txt,life_death,4,79,0.05063,4,1022,0.00391,4.0,0.05063,zemřít:1; živý:1; smrt:1; věčný:1
bible_BKR_Abk.txt,monotheism,16,79,0.20253,18,1022,0.01761,20.0,0.25316,hospodin:13; bůh:5
bible_BKR_Abk.txt,moral,5,79,0.06329,6,1022,0.00587,6.4,0.08101,spravedlivý:3; bezbožný:1; zlý:1; lež:1
bible_BKR_Abk.txt,prophetic_speech,3,79,0.03797,4,1022,0.00391,4.0,0.05063,vidění:2; prorok:2
bible_BKR_Abk.txt,ritual_sacrifice,0,79,0.0,0,1022,0.0,0.0,0.0,
bible_BKR_Abk.txt,royal_power,1,79,0.01266,2,1022,0.00196,2.5,0.03165,král:1; kníže:1
bible_BKR_Abk.txt,sacred_space,0,79,0.0,0,1022,0.0,0.0,0.0,
bible_BKR_Abk.txt,war_conflict,0,79,0.0,0,1022,0.0,0.0,0.0,
bible_BKR_Abk.txt,wisdom,1,79,0.01266,1,1022,0.00098,0.7,0.00886,přísloví:1
bible_BKR_Abk.txt,yhwh_elements,13,79,0.16456,13,1022,0.01272,14.5,0.18354,hospodin:13
bible_BKR_Ag.txt,christian_elements,26,47,0.55319,26,730,0.03562,35.0,0.74468,hospodin:26
bible_BKR_Ag.txt,covenant_law,2,47,0.04255,2,730,0.00274,2.0,0.04255,smlouva:1; zákon:1
bible_BKR_Ag.txt,divine,27,47,0.57447,34,730,0.04658,44.0,0.93617,hospodin:26; sláva:3; bůh:2; duch:2; svatý:1
bible_BKR_Ag.txt,divine_hierarchy,0,47,0.0,0,730,0.0,0.0,0.0,
bible_BKR_Ag.txt,eschatology,1,47,0.02128,1,730,0.00137,1.0,0.02128,poslední:1
bible_BKR_Ag.txt,genealogy_lineage,0,47,0.0,0,730,0.0,0.0,0.0,
bible_BKR_Ag.txt,kinship,1,47,0.02128,1,730,0.00137,1.0,0.02128,bratr:1
bible_BKR_Ag.txt,legal,2,47,0.04255,2,730,0.00274,2.0,0.04255,smlouva:1; zákon:1
bible_BKR_Ag.txt,life_death,1,47,0.02128,1,730,0.00137,1.0,0.02128,mrtvý:1
bible_BKR_Ag.txt,monotheism,26,47,0.55319,28,730,0.03836,37.0,0.78723,hospodin:26; bůh:2
bible_BKR_Ag.txt,moral,0,47,0.0,0,730,0.0,0.0,0.0,
bible_BKR_Ag.txt,prophetic_speech,5,47,0.10638,5,730,0.00685,5.0,0.10638,prorok:5
bible_BKR_Ag.txt,ritual_sacrifice,7,47,0.14894,7,730,0.00959,8.0,0.17021,kněz:7
bible_BKR_Ag.txt,royal_power,5,47,0.10638,8,730,0.01096,8.0,0.17021,kníže:4; král:2; království:1; stolice:1
bible_BKR_Ag.txt,sacred_space,1,47,0.02128,1,730,0.00137,1.0,0.02128,chrám:1
bible_BKR_Ag.txt,war_conflict,1,47,0.02128,1,730,0.00137,1.0,0.02128,meč:1
bible_BKR_Ag.txt,wisdom,0,47,0.0,0,730,0.0,0.0,0.0,
bible_BKR_Ag.txt,yhwh_elements,26,47,0.55319,26,730,0.03562,35.0,0.74468,hospodin:26
bible_BKR_Am.txt,christian_elements,72,176,0.40909,72,2720,0.02647,92.0,0.52273,hospodin:72
bible_BKR_Am.txt,covenant_law,2,176,0.01136,3,2720,0.0011,3.0,0.01705,smlouva:1; zákon:1; ustanovení:1
bible_BKR_Am.txt,divine,76,176,0.43182,92,2720,0.03382,112.2,0.6375,hospodin:72; bůh:14; odpustit:5; milost:1
bible_BKR_Am.txt,divine_hierarchy,0,176,0.0,0,2720,0.0,0.0,0.0,
bible_BKR_Am.txt,eschatology,1,176,0.00568,1,2720,0.00037,1.0,0.00568,poslední:1
bible_BKR_Am.txt,genealogy_lineage,1,176,0.00568,1,2720,0.00037,1.0,0.00568,potomek:1
bible_BKR_Am.txt,kinship,8,176,0.04545,9,2720,0.00331,9.5,0.05398,syn:6; bratr:1; otec:1; dcera:1
bible_BKR_Am.txt,legal,7,176,0.03977,11,2720,0.00404,10.1,0.05739,soud:4; spravedlnost:3; smlouva:1; soudce:1; zákon:1; ustanovení:1
bible_BKR_Am.txt,life_death,7,176,0.03977,8,2720,0.00294,8.0,0.04545,živý:4; věčný:2; smrt:1; mrtvý:1
bible_BKR_Am.txt,monotheism,77,176,0.4375,87,2720,0.03199,107.5,0.6108,hospodin:72; bůh:14; stvořitel:1
bible_BKR_Am.txt,moral,9,176,0.05114,13,2720,0.00478,12.1,0.06875,zlý:6; dobrý:3; spravedlivý:2; nenávidět:1; milovat:1
bible_BKR_Am.txt,prophetic_speech,4,176,0.02273,4,2720,0.00147,4.0,0.02273,prorok:4
bible_BKR_Am.txt,ritual_sacrifice,8,176,0.04545,8,2720,0.00294,8.2,0.04659,oběť:4; oltář:3; kněz:1
bible_BKR_Am.txt,royal_power,9,176,0.05114,10,2720,0.00368,10.2,0.05795,král:4; kníže:2; království:2; vládnout:1; stolice:1
bible_BKR_Am.txt,sacred_space,5,176,0.02841,5,2720,0.00184,5.5,0.03125,oltář:3; svatyně:2
bible_BKR_Am.txt,war_conflict,10,176,0.05682,12,2720,0.00441,12.0,0.06818,meč:8; nepřítel:2; boj:1; vojsko:1
bible_BKR_Am.txt,wisdom,0,176,0.0,0,2720,0.0,0.0,0.0,
bible_BKR_Am.txt,yhwh_elements,72,176,0.40909,72,2720,0.02647,92.0,0.52273,hospodin:72
bible_BKR_Da.txt,christian_elements,6,451,0.0133,6,7822,0.00077,6.5,0.01441,hospodin:6
bible_BKR_Da.txt,covenant_law,11,451,0.02439,11,7822,0.00141,10.4,0.02306,smlouva:7; zákon:4
bible_BKR_Da.txt,divine,67,451,0.14856,97,7822,0.0124,104.2,0.23104,bůh:58; duch:10; hospodin:6; pán:5; modlitba:5; svatý:5; modlit:4; sláva:3; milost:1
bible_BKR_Da.txt,divine_hierarchy,2,451,0.00443,2,7822,0.00026,1.7,0.00377,anděl:2
bible_BKR_Da.txt,eschatology,8,451,0.01774,8,7822,0.00102,8.0,0.01774,poslední:6; mesiáš:2
bible_BKR_Da.txt,genealogy_lineage,1,451,0.00222,1,7822,0.00013,1.0,0.00222,potomek:1
bible_BKR_Da.txt,kinship,20,451,0.04435,23,7822,0.00294,24.2,0.05366,syn:15; otec:5; muž:1; žena:1; dcera:1
bible_BKR_Da.txt,legal,32,451,0.07095,34,7822,0.00435,34.6,0.07672,smlouva:7; právo:6; nařízení:5; spravedlnost:5; soud:5; zákon:4; přestoupit:1; soudce:1
bible_BKR_Da.txt,life_death,16,451,0.03548,17,7822,0.00217,16.7,0.03703,živý:9; věčný:7; život:1
bible_BKR_Da.txt,monotheism,59,451,0.13082,64,7822,0.00818,69.8,0.15477,bůh:58; hospodin:6
bible_BKR_Da.txt,moral,17,451,0.03769,20,7822,0.00256,19.2,0.04257,pravda:7; zlý:5; hřích:4; milovat:1; spravedlivý:1; lež:1; bezbožný:1
bible_BKR_Da.txt,prophetic_speech,31,451,0.06874,32,7822,0.00409,32.8,0.07273,vidění:28; prorok:3; proroctví:1
bible_BKR_Da.txt,ritual_sacrifice,12,451,0.02661,13,7822,0.00166,15.0,0.03326,oběť:7; kozel:3; skopec:2; zápalný:1
bible_BKR_Da.txt,royal_power,180,451,0.39911,224,7822,0.02864,253.8,0.56275,král:131; království:53; kníže:27; panovat:10; stolice:2; trůn:1
bible_BKR_Da.txt,sacred_space,6,451,0.0133,6,7822,0.00077,6.0,0.0133,svatyně:4; chrám:2
bible_BKR_Da.txt,war_conflict,18,451,0.03991,18,7822,0.0023,18.2,0.04035,vojsko:11; válka:2; boj:2; nepřítel:1; zabít:1; meč:1
bible_BKR_Da.txt,wisdom,10,451,0.02217,14,7822,0.00179,14.5,0.03215,moudrost:9; rozumnost:4; naučení:1
bible_BKR_Da.txt,yhwh_elements,6,451,0.0133,6,7822,0.00077,6.5,0.01441,hospodin:6
bible_BKR_Dt.txt,christian_elements,409,976,0.41906,409,17764,0.02302,480.9,0.49273,hospodin:409
bible_BKR_Dt.txt,covenant_law,67,976,0.06865,74,17764,0.00417,69.5,0.07121,ustanovení:28; smlouva:25; zákon:21
bible_BKR_Dt.txt,divine,454,976,0.46516,731,17764,0.04115,804.0,0.82377,hospodin:409; bůh:298; svatý:7; milost:4; odpustit:4; duch:2; modlit:2; pán:2; stvořit:1; sláva:1
bible_BKR_Dt.txt,divine_hierarchy,0,976,0.0,0,17764,0.0,0.0,0.0,
bible_BKR_Dt.txt,eschatology,8,976,0.0082,8,17764,0.00045,8.0,0.0082,poslední:6; peklo:1; věčnost:1
bible_BKR_Dt.txt,genealogy_lineage,41,976,0.04201,42,17764,0.00236,41.8,0.04283,pokolení:26; prvorozený:10; zplodit:4; předek:2
bible_BKR_Dt.txt,kinship,121,976,0.12398,167,17764,0.0094,173.1,0.17736,syn:47; bratr:40; otec:21; dcera:18; muž:16; žena:14; matka:10; sestra:1
bible_BKR_Dt.txt,legal,106,976,0.10861,136,17764,0.00766,134.9,0.13822,ustanovení:28; soud:26; smlouva:25; zákon:21; spravedlnost:9; soudce:8; právo:7; svědek:7; vina:2; nařízení:1
bible_BKR_Dt.txt,life_death,44,976,0.04508,49,17764,0.00276,48.4,0.04959,živý:22; život:9; smrt:9; mrtvý:4; věčný:3; zemřít:2
bible_BKR_Dt.txt,monotheism,446,976,0.45697,709,17764,0.03991,782.6,0.80184,hospodin:409; bůh:298; stvořitel:2
bible_BKR_Dt.txt,moral,79,976,0.08094,88,17764,0.00495,86.7,0.08883,zlý:30; milovat:17; dobrý:16; hřích:10; spravedlivý:7; nenávidět:6; pravda:2
bible_BKR_Dt.txt,prophetic_speech,7,976,0.00717,7,17764,0.00039,9.0,0.00922,prorok:6; vidění:1
bible_BKR_Dt.txt,ritual_sacrifice,29,976,0.02971,44,17764,0.00248,46.9,0.04805,oběť:13; kněz:13; oltář:8; zápalný:4; krev:3; beránek:1; posvětit:1; kadidlo:1
bible_BKR_Dt.txt,royal_power,54,976,0.05533,56,17764,0.00315,55.7,0.05707,vládnout:23; král:21; království:7; kníže:3; panovat:1; stolice:1
bible_BKR_Dt.txt,sacred_space,8,976,0.0082,8,17764,0.00045,9.0,0.00922,oltář:8
bible_BKR_Dt.txt,war_conflict,59,976,0.06045,63,17764,0.00355,63.7,0.06527,nepřítel:29; zabít:10; boj:9; meč:7; pobít:4; bitva:3; vojsko:1
bible_BKR_Dt.txt,wisdom,6,976,0.00615,6,17764,0.00034,5.7,0.00584,moudrost:2; naučení:2; přísloví:1; rozumnost:1
bible_BKR_Dt.txt,yhwh_elements,409,976,0.41906,409,17764,0.02302,480.9,0.49273,hospodin:409
bible_BKR_Ef.txt,christian_elements,40,95,0.42105,63,1937,0.03252,64.7,0.68105,kristus:29; ježíš:15; církev:8; evangelium:4; apoštol:2; kříž:1; apoštolský:1; křest:1; evangelista:1; spasitel:1
bible_BKR_Ef.txt,covenant_law,2,95,0.02105,3,1937,0.00155,3.0,0.03158,ustanovení:2; zákon:1
bible_BKR_Ef.txt,divine,49,95,0.51579,125,1937,0.06453,128.4,1.35158,kristus:29; ježíš:15; bůh:14; duch:14; svatý:13; pán:12; milost:11; víra:7; sláva:6; modlitba:2
bible_BKR_Ef.txt,divine_hierarchy,0,95,0.0,0,1937,0.0,0.0,0.0,
bible_BKR_Ef.txt,eschatology,2,95,0.02105,2,1937,0.00103,2.0,0.02105,vzkřísit:2
bible_BKR_Ef.txt,genealogy_lineage,0,95,0.0,0,1937,0.0,0.0,0.0,
bible_BKR_Ef.txt,kinship,15,95,0.15789,23,1937,0.01187,24.9,0.26211,muž:6; žena:6; otec:4; syn:3; matka:2; bratr:2
bible_BKR_Ef.txt,legal,6,95,0.06316,7,1937,0.00361,7.0,0.07368,spravedlnost:3; ustanovení:2; vina:1; zákon:1
bible_BKR_Ef.txt,life_death,5,95,0.05263,5,1937,0.00258,4.7,0.04947,mrtvý:4; věčný:1
bible_BKR_Ef.txt,monotheism,14,95,0.14737,14,1937,0.00723,15.0,0.15789,bůh:14
bible_BKR_Ef.txt,moral,17,95,0.17895,19,1937,0.00981,18.7,0.19684,dobrý:5; pravda:5; milovat:5; hřích:1; lež:1; spravedlivý:1; zlý:1
bible_BKR_Ef.txt,prophetic_speech,4,95,0.04211,4,1937,0.00207,4.0,0.04211,zjevení:2; prorok:2
bible_BKR_Ef.txt,ritual_sacrifice,2,95,0.02105,2,1937,0.00103,2.0,0.02105,oběť:1; posvětit:1
bible_BKR_Ef.txt,royal_power,2,95,0.02105,2,1937,0.00103,2.0,0.02105,kníže:1; království:1
bible_BKR_Ef.txt,sacred_space,1,95,0.01053,1,1937,0.00052,1.0,0.01053,chrám:1
bible_BKR_Ef.txt,war_conflict,1,95,0.01053,1,1937,0.00052,1.0,0.01053,meč:1
bible_BKR_Ef.txt,wisdom,3,95,0.03158,4,1937,0.00207,4.0,0.04211,moudrost:3; poznání:1
bible_BKR_Ef.txt,yhwh_elements,0,95,0.0,0,1937,0.0,0.0,0.0,
bible_BKR_Est.txt,christian_elements,0,219,0.0,0,3784,0.0,0.0,0.0,
bible_BKR_Est.txt,covenant_law,1,219,0.00457,1,3784,0.00026,0.7,0.0032,ustanovení:1
bible_BKR_Est.txt,divine,7,219,0.03196,7,3784,0.00185,6.4,0.02922,milost:7
bible_BKR_Est.txt,divine_hierarchy,0,219,0.0,0,3784,0.0,0.0,0.0,
bible_BKR_Est.txt,eschatology,0,219,0.0,0,3784,0.0,0.0,0.0,
bible_BKR_Est.txt,genealogy_lineage,2,219,0.00913,2,3784,0.00053,2.0,0.00913,pokolení:1; potomek:1
bible_BKR_Est.txt,kinship,20,219,0.09132,26,3784,0.00687,26.6,0.12146,syn:11; dcera:4; žena:3; otec:3; muž:2; matka:2; bratr:1
bible_BKR_Est.txt,legal,7,219,0.03196,8,3784,0.00211,7.7,0.03516,právo:5; nařízení:1; soud:1; ustanovení:1
bible_BKR_Est.txt,life_death,2,219,0.00913,2,3784,0.00053,2.0,0.00913,smrt:1; živý:1
bible_BKR_Est.txt,monotheism,0,219,0.0,0,3784,0.0,0.0,0.0,
bible_BKR_Est.txt,moral,16,219,0.07306,16,3784,0.00423,16.0,0.07306,dobrý:14; zlý:2
bible_BKR_Est.txt,prophetic_speech,0,219,0.0,0,3784,0.0,0.0,0.0,
bible_BKR_Est.txt,ritual_sacrifice,0,219,0.0,0,3784,0.0,0.0,0.0,
bible_BKR_Est.txt,royal_power,108,219,0.49315,123,3784,0.03251,145.2,0.66301,král:96; kníže:12; království:11; stolice:3; panovat:1
bible_BKR_Est.txt,sacred_space,0,219,0.0,0,3784,0.0,0.0,0.0,
bible_BKR_Est.txt,war_conflict,11,219,0.05023,12,3784,0.00317,11.7,0.05342,nepřítel:10; vojsko:1; meč:1
bible_BKR_Est.txt,wisdom,0,219,0.0,0,3784,0.0,0.0,0.0,
bible_BKR_Est.txt,yhwh_elements,0,219,0.0,0,3784,0.0,0.0,0.0,
bible_BKR_Ex.txt,christian_elements,359,1668,0.21523,359,21226,0.01691,422.4,0.25324,hospodin:359
bible_BKR_Ex.txt,covenant_law,22,1668,0.01319,22,21226,0.00104,21.0,0.01259,smlouva:13; zákon:5; ustanovení:4
bible_BKR_Ex.txt,divine,423,1668,0.2536,490,21226,0.02308,560.9,0.33627,hospodin:359; bůh:98; milost:8; sláva:7; duch:6; svatý:6; modlit:5; pán:1
bible_BKR_Ex.txt,divine_hierarchy,11,1668,0.00659,11,21226,0.00052,12.7,0.00761,anděl:6; cherubín:5
bible_BKR_Ex.txt,eschatology,2,1668,0.0012,2,21226,9e-05,2.0,0.0012,věčnost:2
bible_BKR_Ex.txt,genealogy_lineage,42,1668,0.02518,42,21226,0.00198,41.6,0.02494,prvorozený:16; pokolení:13; rod:11; potomek:2
bible_BKR_Ex.txt,kinship,179,1668,0.10731,207,21226,0.00975,216.1,0.12956,syn:136; dcera:22; bratr:13; žena:9; otec:9; muž:6; matka:5; sestra:4; rod:3
bible_BKR_Ex.txt,legal,53,1668,0.03177,56,21226,0.00264,56.5,0.03387,smlouva:13; soud:13; soudce:6; právo:6; řád:6; zákon:5; ustanovení:4; svědek:2; vina:1
bible_BKR_Ex.txt,life_death,40,1668,0.02398,41,21226,0.00193,40.9,0.02452,smrt:12; živý:9; věčný:9; zemřít:8; mrtvý:2; život:1
bible_BKR_Ex.txt,monotheism,410,1668,0.2458,458,21226,0.02158,529.0,0.31715,hospodin:359; bůh:98; všemohoucí:1
bible_BKR_Ex.txt,moral,29,1668,0.01739,33,21226,0.00155,32.7,0.0196,hřích:13; zlý:6; spravedlivý:4; dobrý:3; bezbožný:3; milovat:2; nenávidět:1; pravda:1
bible_BKR_Ex.txt,prophetic_speech,3,1668,0.0018,3,21226,0.00014,3.0,0.0018,vidění:1; prorok:1; prorokyně:1
bible_BKR_Ex.txt,ritual_sacrifice,150,1668,0.08993,176,21226,0.00829,176.0,0.10552,oltář:53; oběť:37; červec:25; náprsník:20; kadidlo:11; krev:10; kněz:9; skopec:4; posvětit:3; beránek:2
bible_BKR_Ex.txt,royal_power,27,1668,0.01619,27,21226,0.00127,28.9,0.01733,král:14; kníže:9; stolice:2; trůn:1; království:1
bible_BKR_Ex.txt,sacred_space,73,1668,0.04376,75,21226,0.00353,73.3,0.04394,oltář:53; svatyně:22
bible_BKR_Ex.txt,war_conflict,43,1668,0.02578,45,21226,0.00212,45.3,0.02716,zabít:13; vojsko:12; nepřítel:7; meč:7; válka:2; pobít:2; boj:2
bible_BKR_Ex.txt,wisdom,7,1668,0.0042,10,21226,0.00047,9.7,0.00582,moudrost:7; rozumnost:3
bible_BKR_Ex.txt,yhwh_elements,359,1668,0.21523,359,21226,0.01691,422.4,0.25324,hospodin:359
bible_BKR_Ez.txt,christian_elements,373,1500,0.24867,373,24525,0.01521,381.2,0.25413,hospodin:373
bible_BKR_Ez.txt,covenant_law,44,1500,0.02933,47,24525,0.00192,45.9,0.0306,ustanovení:24; smlouva:16; zákon:7
bible_BKR_Ez.txt,divine,427,1500,0.28467,487,24525,0.01986,503.1,0.3354,hospodin:373; bůh:58; duch:27; sláva:15; svatý:9; odpustit:5
bible_BKR_Ez.txt,divine_hierarchy,11,1500,0.00733,11,24525,0.00045,11.7,0.0078,cherubín:10; cherub:1
bible_BKR_Ez.txt,eschatology,0,1500,0.0,0,24525,0.0,0.0,0.0,
bible_BKR_Ez.txt,genealogy_lineage,22,1500,0.01467,22,24525,0.0009,23.5,0.01567,pokolení:11; zplodit:5; předek:5; rod:1
bible_BKR_Ez.txt,kinship,118,1500,0.07867,152,24525,0.0062,159.6,0.1064,syn:71; dcera:31; sestra:18; otec:13; matka:7; bratr:6; žena:3; muž:2; rod:1
bible_BKR_Ez.txt,legal,88,1500,0.05867,120,24525,0.00489,123.8,0.08253,soud:44; ustanovení:24; spravedlnost:20; smlouva:16; zákon:7; vina:5; právo:2; nařízení:2
bible_BKR_Ez.txt,life_death,56,1500,0.03733,61,24525,0.00249,61.0,0.04067,živý:36; smrt:9; věčný:6; mrtvý:5; život:4; zemřít:1
bible_BKR_Ez.txt,monotheism,409,1500,0.27267,433,24525,0.01766,440.6,0.29373,hospodin:373; bůh:58; všemohoucí:2
bible_BKR_Ez.txt,moral,76,1500,0.05067,87,24525,0.00355,87.2,0.05813,hřích:22; spravedlivý:19; bezbožný:17; zlý:11; dobrý:9; lež:6; pravda:1; milovat:1; nenávidět:1
bible_BKR_Ez.txt,prophetic_speech,27,1500,0.018,29,24525,0.00118,31.9,0.02127,vidění:15; prorok:14
bible_BKR_Ez.txt,ritual_sacrifice,84,1500,0.056,111,24525,0.00453,114.9,0.0766,oběť:42; kněz:21; oltář:20; zápalný:7; krev:6; beránek:4; kadidlo:3; kozel:3; posvětit:2; skopec:2
bible_BKR_Ez.txt,royal_power,82,1500,0.05467,87,24525,0.00355,93.6,0.0624,kníže:36; král:32; vládnout:6; království:5; stolice:4; trůn:2; panovat:2
bible_BKR_Ez.txt,sacred_space,58,1500,0.03867,61,24525,0.00249,61.5,0.041,svatyně:32; oltář:20; chrám:9
bible_BKR_Ez.txt,war_conflict,95,1500,0.06333,99,24525,0.00404,100.6,0.06707,meč:78; vojsko:12; boj:4; nepřítel:3; zabít:2
bible_BKR_Ez.txt,wisdom,12,1500,0.008,13,24525,0.00053,12.9,0.0086,přísloví:7; moudrost:5; rozumnost:1
bible_BKR_Ez.txt,yhwh_elements,373,1500,0.24867,373,24525,0.01521,381.2,0.25413,hospodin:373
bible_BKR_Ezd.txt,christian_elements,28,257,0.10895,28,4518,0.0062,29.0,0.11284,hospodin:28
bible_BKR_Ezd.txt,covenant_law,9,257,0.03502,12,4518,0.00266,11.7,0.04553,zákon:9; ustanovení:2; smlouva:1
bible_BKR_Ezd.txt,divine,65,257,0.25292,90,4518,0.01992,92.3,0.35914,bůh:54; hospodin:28; duch:2; modlit:2; milost:2; svatý:1; pán:1
bible_BKR_Ezd.txt,divine_hierarchy,1,257,0.00389,1,4518,0.00022,1.0,0.00389,cherub:1
bible_BKR_Ezd.txt,eschatology,1,257,0.00389,1,4518,0.00022,1.0,0.00389,poslední:1
bible_BKR_Ezd.txt,genealogy_lineage,6,257,0.02335,6,4518,0.00133,6.0,0.02335,pokolení:2; rod:2; potomek:1; zplodit:1
bible_BKR_Ezd.txt,kinship,84,257,0.32685,92,4518,0.02036,92.4,0.35953,syn:74; bratr:6; otec:4; dcera:3; muž:2; žena:2; rod:1
bible_BKR_Ezd.txt,legal,14,257,0.05447,20,4518,0.00443,20.4,0.07938,zákon:9; soud:2; ustanovení:2; soudce:2; vina:2; nařízení:1; smlouva:1; přestoupit:1
bible_BKR_Ezd.txt,life_death,3,257,0.01167,3,4518,0.00066,3.0,0.01167,život:2; smrt:1
bible_BKR_Ezd.txt,monotheism,64,257,0.24903,82,4518,0.01815,84.1,0.32724,bůh:54; hospodin:28
bible_BKR_Ezd.txt,moral,9,257,0.03502,9,4518,0.00199,9.0,0.03502,dobrý:4; zlý:2; hřích:2; spravedlivý:1
bible_BKR_Ezd.txt,prophetic_speech,4,257,0.01556,5,4518,0.00111,5.5,0.0214,prorok:4; proroctví:1
bible_BKR_Ezd.txt,ritual_sacrifice,41,257,0.15953,57,4518,0.01262,59.8,0.23268,kněz:30; oběť:14; zápalný:5; beránek:4; oltář:3; posvětit:1
bible_BKR_Ezd.txt,royal_power,64,257,0.24903,69,4518,0.01527,71.8,0.27938,král:51; kníže:13; království:3; panovat:1; vládnout:1
bible_BKR_Ezd.txt,sacred_space,8,257,0.03113,8,4518,0.00177,7.4,0.02879,chrám:5; oltář:3
bible_BKR_Ezd.txt,war_conflict,4,257,0.01556,5,4518,0.00111,5.0,0.01946,nepřítel:3; vojsko:1; meč:1
bible_BKR_Ezd.txt,wisdom,2,257,0.00778,2,4518,0.00044,2.0,0.00778,moudrost:1; rada:1
bible_BKR_Ezd.txt,yhwh_elements,28,257,0.10895,28,4518,0.0062,29.0,0.11284,hospodin:28
bible_BKR_Fm.txt,christian_elements,6,21,0.28571,11,304,0.03618,11.0,0.52381,ježíš:5; kristus:4; církev:1; evangelium:1
bible_BKR_Fm.txt,covenant_law,0,21,0.0,0,304,0.0,0.0,0.0,
bible_BKR_Fm.txt,divine,6,21,0.28571,21,304,0.06908,21.0,1.0,ježíš:5; kristus:4; pán:3; milost:2; bůh:2; modlitba:2; svatý:1; víra:1; duch:1
bible_BKR_Fm.txt,divine_hierarchy,0,21,0.0,0,304,0.0,0.0,0.0,
bible_BKR_Fm.txt,eschatology,0,21,0.0,0,304,0.0,0.0,0.0,
bible_BKR_Fm.txt,genealogy_lineage,1,21,0.04762,1,304,0.00329,1.0,0.04762,zplodit:1
bible_BKR_Fm.txt,kinship,3,21,0.14286,3,304,0.00987,3.0,0.14286,bratr:2; syn:1
bible_BKR_Fm.txt,legal,0,21,0.0,0,304,0.0,0.0,0.0,
bible_BKR_Fm.txt,life_death,1,21,0.04762,1,304,0.00329,1.0,0.04762,věčný:1
bible_BKR_Fm.txt,monotheism,2,21,0.09524,2,304,0.00658,2.0,0.09524,bůh:2
bible_BKR_Fm.txt,moral,2,21,0.09524,2,304,0.00658,2.0,0.09524,dobrý:2
bible_BKR_Fm.txt,prophetic_speech,0,21,0.0,0,304,0.0,0.0,0.0,
bible_BKR_Fm.txt,ritual_sacrifice,0,21,0.0,0,304,0.0,0.0,0.0,
bible_BKR_Fm.txt,royal_power,0,21,0.0,0,304,0.0,0.0,0.0,
bible_BKR_Fm.txt,sacred_space,0,21,0.0,0,304,0.0,0.0,0.0,
bible_BKR_Fm.txt,war_conflict,0,21,0.0,0,304,0.0,0.0,0.0,
bible_BKR_Fm.txt,wisdom,1,21,0.04762,1,304,0.00329,1.0,0.04762,poznání:1
bible_BKR_Fm.txt,yhwh_elements,0,21,0.0,0,304,0.0,0.0,0.0,
bible_BKR_Fp.txt,christian_elements,39,89,0.4382,59,1518,0.03887,60.2,0.6764,kristus:30; ježíš:18; evangelium:7; kříž:2; církev:1; spasitel:1
bible_BKR_Fp.txt,covenant_law,2,89,0.02247,2,1518,0.00132,2.0,0.02247,zákon:2
bible_BKR_Fp.txt,divine,42,89,0.47191,94,1518,0.06192,98.2,1.10337,kristus:30; ježíš:18; bůh:17; pán:6; sláva:5; milost:4; duch:4; víra:4; modlitba:3; svatý:2
bible_BKR_Fp.txt,divine_hierarchy,0,89,0.0,0,1518,0.0,0.0,0.0,
bible_BKR_Fp.txt,eschatology,1,89,0.01124,1,1518,0.00066,1.0,0.01124,vzkříšení:1
bible_BKR_Fp.txt,genealogy_lineage,1,89,0.01124,2,1518,0.00132,2.0,0.02247,rod:1; pokolení:1
bible_BKR_Fp.txt,kinship,11,89,0.1236,12,1518,0.00791,13.0,0.14607,bratr:9; syn:1; otec:1; rod:1
bible_BKR_Fp.txt,legal,4,89,0.04494,6,1518,0.00395,6.5,0.07303,spravedlnost:3; zákon:2; svědek:1
bible_BKR_Fp.txt,life_death,5,89,0.05618,9,1518,0.00593,9.0,0.10112,smrt:5; život:2; mrtvý:1; vzkříšení:1
bible_BKR_Fp.txt,monotheism,17,89,0.19101,17,1518,0.0112,20.0,0.22472,bůh:17
bible_BKR_Fp.txt,moral,5,89,0.05618,6,1518,0.00395,6.0,0.06742,spravedlivý:2; zlý:2; dobrý:1; pravda:1
bible_BKR_Fp.txt,prophetic_speech,0,89,0.0,0,1518,0.0,0.0,0.0,
bible_BKR_Fp.txt,ritual_sacrifice,2,89,0.02247,2,1518,0.00132,2.0,0.02247,oběť:2
bible_BKR_Fp.txt,royal_power,0,89,0.0,0,1518,0.0,0.0,0.0,
bible_BKR_Fp.txt,sacred_space,0,89,0.0,0,1518,0.0,0.0,0.0,
bible_BKR_Fp.txt,war_conflict,2,89,0.02247,2,1518,0.00132,2.0,0.02247,boj:1; nepřítel:1
bible_BKR_Fp.txt,wisdom,0,89,0.0,0,1518,0.0,0.0,0.0,
bible_BKR_Fp.txt,yhwh_elements,0,89,0.0,0,1518,0.0,0.0,0.0,
bible_BKR_Ga.txt,christian_elements,45,167,0.26946,62,2102,0.0295,64.1,0.38383,kristus:32; ježíš:14; evangelium:9; kříž:3; apoštol:2; církev:1; ukřižovat:1
bible_BKR_Ga.txt,covenant_law,28,167,0.16766,29,2102,0.0138,30.9,0.18503,zákon:26; smlouva:2; ustanovení:1
bible_BKR_Ga.txt,divine,73,167,0.43713,109,2102,0.05186,114.1,0.68323,kristus:32; víra:19; bůh:17; duch:15; ježíš:14; milost:7; pán:4; sláva:1
bible_BKR_Ga.txt,divine_hierarchy,3,167,0.01796,3,2102,0.00143,3.0,0.01796,anděl:3
bible_BKR_Ga.txt,eschatology,1,167,0.00599,1,2102,0.00048,1.0,0.00599,vzkřísit:1
bible_BKR_Ga.txt,genealogy_lineage,1,167,0.00599,1,2102,0.00048,1.0,0.00599,pokolení:1
bible_BKR_Ga.txt,kinship,22,167,0.13174,25,2102,0.01189,25.4,0.1521,bratr:12; syn:8; matka:2; muž:1; žena:1; otec:1
bible_BKR_Ga.txt,legal,31,167,0.18563,35,2102,0.01665,38.4,0.22994,zákon:26; spravedlnost:4; smlouva:2; ustanovení:1; právo:1; soud:1
bible_BKR_Ga.txt,life_death,10,167,0.05988,11,2102,0.00523,11.5,0.06886,živý:7; život:2; mrtvý:1; věčný:1
bible_BKR_Ga.txt,monotheism,17,167,0.1018,17,2102,0.00809,19.2,0.11497,bůh:17
bible_BKR_Ga.txt,moral,11,167,0.06587,13,2102,0.00618,13.2,0.07904,pravda:5; milovat:3; hřích:2; zlý:1; spravedlivý:1; dobrý:1
bible_BKR_Ga.txt,prophetic_speech,2,167,0.01198,2,2102,0.00095,2.0,0.01198,zjevení:2
bible_BKR_Ga.txt,ritual_sacrifice,0,167,0.0,0,2102,0.0,0.0,0.0,
bible_BKR_Ga.txt,royal_power,1,167,0.00599,1,2102,0.00048,1.0,0.00599,království:1
bible_BKR_Ga.txt,sacred_space,0,167,0.0,0,2102,0.0,0.0,0.0,
bible_BKR_Ga.txt,war_conflict,2,167,0.01198,2,2102,0.00095,2.0,0.01198,boj:1; nepřítel:1
bible_BKR_Ga.txt,wisdom,1,167,0.00599,1,2102,0.00048,1.0,0.00599,naučení:1
bible_BKR_Ga.txt,yhwh_elements,0,167,0.0,0,2102,0.0,0.0,0.0,
bible_BKR_Gn.txt,christian_elements,152,2268,0.06702,152,27201,0.00559,189.4,0.08351,hospodin:152
bible_BKR_Gn.txt,covenant_law,26,2268,0.01146,27,27201,0.00099,24.7,0.01089,smlouva:24; zákon:2; ustanovení:1
bible_BKR_Gn.txt,divine,340,2268,0.14991,405,27201,0.01489,491.5,0.21671,bůh:203; hospodin:152; milost:18; pán:11; stvořit:7; duch:7; odpustit:4; modlit:3
bible_BKR_Gn.txt,divine_hierarchy,15,2268,0.00661,15,27201,0.00055,21.2,0.00935,anděl:15
bible_BKR_Gn.txt,eschatology,0,2268,0.0,0,27201,0.0,0.0,0.0,
bible_BKR_Gn.txt,genealogy_lineage,74,2268,0.03263,76,27201,0.00279,75.6,0.03333,zplodit:35; prvorozený:21; pokolení:12; rod:7; předek:1
bible_BKR_Gn.txt,kinship,585,2268,0.25794,721,27201,0.02651,737.5,0.32518,syn:272; otec:152; bratr:138; dcera:88; sestra:22; matka:20; žena:14; muž:13; rod:2
bible_BKR_Gn.txt,legal,36,2268,0.01587,40,27201,0.00147,38.4,0.01693,smlouva:24; spravedlnost:3; svědek:3; soud:2; zákon:2; vina:2; soudce:1; nařízení:1; ustanovení:1; právo:1
bible_BKR_Gn.txt,life_death,97,2268,0.04277,106,27201,0.0039,104.7,0.04616,živý:61; smrt:13; život:11; mrtvý:9; věčný:8; zemřít:4
bible_BKR_Gn.txt,monotheism,318,2268,0.14021,361,27201,0.01327,448.7,0.19784,bůh:203; hospodin:152; všemohoucí:6
bible_BKR_Gn.txt,moral,71,2268,0.03131,81,27201,0.00298,80.8,0.03563,dobrý:22; zlý:19; spravedlivý:10; pravda:8; milovat:8; hřích:7; bezbožný:3; nenávidět:3; lež:1
bible_BKR_Gn.txt,prophetic_speech,4,2268,0.00176,4,27201,0.00015,4.0,0.00176,vidění:3; prorok:1
bible_BKR_Gn.txt,ritual_sacrifice,29,2268,0.01279,35,27201,0.00129,33.3,0.01468,oltář:12; oběť:10; zápalný:6; kněz:2; kadidlo:2; posvětit:1; skopec:1; kozel:1
bible_BKR_Gn.txt,royal_power,55,2268,0.02425,56,27201,0.00206,61.0,0.0269,kníže:25; král:18; panovat:6; vládnout:4; království:2; stolice:1
bible_BKR_Gn.txt,sacred_space,12,2268,0.00529,12,27201,0.00044,9.6,0.00423,oltář:12
bible_BKR_Gn.txt,war_conflict,38,2268,0.01675,39,27201,0.00143,38.6,0.01702,zabít:16; meč:8; vojsko:7; nepřítel:4; válka:1; bitva:1; boj:1; pobít:1
bible_BKR_Gn.txt,wisdom,1,2268,0.00044,1,27201,4e-05,1.0,0.00044,rozumnost:1
bible_BKR_Gn.txt,yhwh_elements,152,2268,0.06702,152,27201,0.00559,189.4,0.08351,hospodin:152
bible_BKR_Iz.txt,christian_elements,404,1770,0.22825,423,23954,0.01766,498.9,0.28186,hospodin:401; vykupitel:13; spasitel:8; evangelium:1
bible_BKR_Iz.txt,covenant_law,21,1770,0.01186,23,23954,0.00096,22.2,0.01254,zákon:11; smlouva:11; ustanovení:1
bible_BKR_Iz.txt,divine,480,1770,0.27119,640,23954,0.02672,726.4,0.4104,hospodin:401; bůh:103; svatý:33; duch:32; sláva:21; pán:19; stvořit:10; milost:7; modlit:6; modlitba:4
bible_BKR_Iz.txt,divine_hierarchy,4,1770,0.00226,4,23954,0.00017,5.5,0.00311,serafín:2; anděl:2
bible_BKR_Iz.txt,eschatology,16,1770,0.00904,16,23954,0.00067,17.5,0.00989,peklo:7; poslední:5; věčnost:4
bible_BKR_Iz.txt,genealogy_lineage,12,1770,0.00678,12,23954,0.0005,11.7,0.00661,pokolení:4; zplodit:3; potomek:3; předek:1; rod:1
bible_BKR_Iz.txt,kinship,73,1770,0.04124,81,23954,0.00338,87.4,0.04938,syn:39; dcera:14; otec:11; matka:8; bratr:6; žena:2; muž:1
bible_BKR_Iz.txt,legal,109,1770,0.06158,135,23954,0.00564,138.9,0.07847,spravedlnost:60; soud:36; zákon:11; smlouva:11; svědek:6; soudce:4; právo:2; přestoupit:2; rozsudek:1; řád:1
bible_BKR_Iz.txt,life_death,44,1770,0.02486,46,23954,0.00192,47.7,0.02695,věčný:17; živý:10; mrtvý:9; smrt:7; zemřít:2; život:1
bible_BKR_Iz.txt,monotheism,450,1770,0.25424,509,23954,0.02125,589.1,0.33282,hospodin:401; bůh:103; stvořitel:4; všemohoucí:1
bible_BKR_Iz.txt,moral,86,1770,0.04859,99,23954,0.00413,100.9,0.05701,pravda:16; zlý:15; spravedlivý:15; hřích:14; dobrý:13; bezbožný:12; milovat:7; nenávidět:3; lež:2; nepravost:2
bible_BKR_Iz.txt,prophetic_speech,18,1770,0.01017,20,23954,0.00083,22.7,0.01282,vidění:9; prorok:9; prorokyně:1; proroctví:1
bible_BKR_Iz.txt,ritual_sacrifice,33,1770,0.01864,39,23954,0.00163,39.1,0.02209,oběť:15; oltář:7; beránek:6; kněz:4; zápalný:2; krev:2; kadidlo:2; červec:1
bible_BKR_Iz.txt,royal_power,117,1770,0.0661,127,23954,0.0053,134.6,0.07605,král:68; kníže:25; království:14; panovat:9; stolice:5; trůn:3; vládnout:3
bible_BKR_Iz.txt,sacred_space,14,1770,0.00791,14,23954,0.00058,13.9,0.00785,oltář:7; svatyně:4; chrám:3
bible_BKR_Iz.txt,war_conflict,54,1770,0.03051,62,23954,0.00259,63.2,0.03571,meč:19; nepřítel:18; vojsko:9; boj:6; zabít:6; válka:3; bitva:1
bible_BKR_Iz.txt,wisdom,16,1770,0.00904,18,23954,0.00075,18.4,0.0104,moudrost:6; rada:5; rozumnost:3; naučení:3; přísloví:1
bible_BKR_Iz.txt,yhwh_elements,401,1770,0.22655,401,23954,0.01674,475.2,0.26847,hospodin:401
bible_BKR_J.txt,christian_elements,279,1218,0.22906,290,13569,0.02137,371.0,0.3046,ježíš:237; kristus:21; ježíšův:11; křtít:9; ukřižovat:7; kříž:4; spasitel:1
bible_BKR_J.txt,covenant_law,14,1218,0.01149,14,13569,0.00103,13.9,0.01141,zákon:13; ustanovení:1
bible_BKR_J.txt,divine,319,1218,0.2619,352,13569,0.02594,439.4,0.36076,ježíš:237; bůh:47; kristus:21; duch:20; modlit:8; pán:6; svatý:4; sláva:4; milost:3; spasit:1
bible_BKR_J.txt,divine_hierarchy,4,1218,0.00328,4,13569,0.00029,4.7,0.00386,anděl:4
bible_BKR_J.txt,eschatology,11,1218,0.00903,11,13569,0.00081,11.0,0.00903,vzkřísit:4; vzkříšení:3; mesiáš:2; poslední:2
bible_BKR_J.txt,genealogy_lineage,0,1218,0.0,0,13569,0.0,0.0,0.0,
bible_BKR_J.txt,kinship,154,1218,0.12644,172,13569,0.01268,188.9,0.15509,otec:106; syn:35; bratr:14; matka:9; sestra:6; muž:1; žena:1
bible_BKR_J.txt,legal,31,1218,0.02545,32,13569,0.00236,33.9,0.02783,zákon:13; soud:12; vina:3; spravedlnost:2; svědek:1; ustanovení:1
bible_BKR_J.txt,life_death,59,1218,0.04844,80,13569,0.0059,77.9,0.06396,život:19; věčný:17; živý:15; mrtvý:11; smrt:8; zemřít:7; vzkříšení:3
bible_BKR_J.txt,monotheism,47,1218,0.03859,47,13569,0.00346,51.6,0.04236,bůh:47
bible_BKR_J.txt,moral,96,1218,0.07882,99,13569,0.0073,97.8,0.0803,milovat:40; pravda:23; hřích:12; dobrý:10; nenávidět:7; spravedlivý:3; zlý:2; lež:2
bible_BKR_J.txt,prophetic_speech,14,1218,0.01149,14,13569,0.00103,16.0,0.01314,prorok:14
bible_BKR_J.txt,ritual_sacrifice,25,1218,0.02053,25,13569,0.00184,27.0,0.02217,kněz:21; beránek:3; posvětit:1
bible_BKR_J.txt,royal_power,28,1218,0.02299,28,13569,0.00206,29.3,0.02406,král:15; kníže:7; království:5; stolice:1
bible_BKR_J.txt,sacred_space,7,1218,0.00575,7,13569,0.00052,7.0,0.00575,chrám:7
bible_BKR_J.txt,war_conflict,5,1218,0.00411,5,13569,0.00037,4.4,0.00361,zabít:2; meč:2; kopí:1
bible_BKR_J.txt,wisdom,2,1218,0.00164,2,13569,0.00015,2.0,0.00164,přísloví:2
bible_BKR_J.txt,yhwh_elements,0,1218,0.0,0,13569,0.0,0.0,0.0,
bible_BKR_Jb.txt,christian_elements,28,1134,0.02469,28,13032,0.00215,35.5,0.03131,hospodin:27; vykupitel:1
bible_BKR_Jb.txt,covenant_law,3,1134,0.00265,3,13032,0.00023,2.4,0.00212,smlouva:2; zákon:1
bible_BKR_Jb.txt,divine,157,1134,0.13845,168,13032,0.01289,197.0,0.17372,bůh:115; hospodin:27; duch:17; modlit:5; modlitba:2; odpustit:1; sláva:1
bible_BKR_Jb.txt,divine_hierarchy,2,1134,0.00176,2,13032,0.00015,1.7,0.0015,anděl:2
bible_BKR_Jb.txt,eschatology,3,1134,0.00265,3,13032,0.00023,3.5,0.00309,poslední:1; peklo:1; věčnost:1
bible_BKR_Jb.txt,genealogy_lineage,8,1134,0.00705,8,13032,0.00061,8.5,0.0075,prvorozený:2; potomek:2; rod:2; předek:1; pokolení:1
bible_BKR_Jb.txt,kinship,31,1134,0.02734,41,13032,0.00315,44.5,0.03924,syn:15; otec:8; dcera:5; bratr:5; matka:5; sestra:2; rod:1
bible_BKR_Jb.txt,legal,42,1134,0.03704,45,13032,0.00345,47.4,0.0418,soud:19; spravedlnost:11; soudce:4; svědek:3; právo:3; smlouva:2; zákon:1; vina:1; řád:1
bible_BKR_Jb.txt,life_death,36,1134,0.03175,38,13032,0.00292,37.9,0.03342,smrt:16; život:9; živý:9; mrtvý:2; zemřít:1; věčný:1
bible_BKR_Jb.txt,monotheism,156,1134,0.13757,176,13032,0.01351,206.0,0.18166,bůh:115; všemohoucí:31; hospodin:27; stvořitel:3
bible_BKR_Jb.txt,moral,75,1134,0.06614,78,13032,0.00599,77.8,0.06861,bezbožný:29; spravedlivý:12; zlý:11; dobrý:11; hřích:7; pravda:3; nenávidět:2; lež:1; milovat:1; nepravost:1
bible_BKR_Jb.txt,prophetic_speech,4,1134,0.00353,4,13032,0.00031,4.0,0.00353,vidění:4
bible_BKR_Jb.txt,ritual_sacrifice,1,1134,0.00088,1,13032,8e-05,1.0,0.00088,oběť:1
bible_BKR_Jb.txt,royal_power,17,1134,0.01499,19,13032,0.00146,18.9,0.01667,král:8; kníže:6; trůn:2; stolice:2; panovat:1
bible_BKR_Jb.txt,sacred_space,0,1134,0.0,0,13032,0.0,0.0,0.0,
bible_BKR_Jb.txt,war_conflict,31,1134,0.02734,33,13032,0.00253,34.2,0.03016,meč:13; nepřítel:7; boj:5; zabít:3; vojsko:3; bitva:1; kopí:1
bible_BKR_Jb.txt,wisdom,23,1134,0.02028,28,13032,0.00215,28.9,0.02549,moudrost:17; rozumnost:7; rada:2; přísloví:2
bible_BKR_Jb.txt,yhwh_elements,27,1134,0.02381,27,13032,0.00207,34.0,0.02998,hospodin:27
bible_BKR_Jk.txt,christian_elements,2,143,0.01399,2,1664,0.0012,2.0,0.01399,ježíš:2
bible_BKR_Jk.txt,covenant_law,9,143,0.06294,9,1664,0.00541,8.4,0.05874,zákon:9
bible_BKR_Jk.txt,divine,31,143,0.21678,39,1664,0.02344,41.6,0.29091,víra:13; bůh:10; spasit:3; modlit:3; modlitba:3; ježíš:2; pán:2; milost:2; duch:1
bible_BKR_Jk.txt,divine_hierarchy,0,143,0.0,0,1664,0.0,0.0,0.0,
bible_BKR_Jk.txt,eschatology,1,143,0.00699,1,1664,0.0006,1.0,0.00699,poslední:1
bible_BKR_Jk.txt,genealogy_lineage,3,143,0.02098,3,1664,0.0018,3.0,0.02098,zplodit:2; pokolení:1
bible_BKR_Jk.txt,kinship,20,143,0.13986,22,1664,0.01322,23.7,0.16573,bratr:18; otec:2; sestra:1; syn:1
bible_BKR_Jk.txt,legal,15,143,0.1049,17,1664,0.01022,16.6,0.11608,zákon:9; spravedlnost:3; soudce:3; soud:1; přestoupit:1
bible_BKR_Jk.txt,life_death,6,143,0.04196,6,1664,0.00361,5.7,0.03986,mrtvý:3; smrt:2; živý:1
bible_BKR_Jk.txt,monotheism,10,143,0.06993,10,1664,0.00601,11.5,0.08042,bůh:10
bible_BKR_Jk.txt,moral,19,143,0.13287,20,1664,0.01202,19.9,0.13916,hřích:4; dobrý:4; zlý:4; milovat:3; pravda:3; spravedlivý:2
bible_BKR_Jk.txt,prophetic_speech,1,143,0.00699,1,1664,0.0006,0.7,0.0049,prorok:1
bible_BKR_Jk.txt,ritual_sacrifice,1,143,0.00699,1,1664,0.0006,1.0,0.00699,oltář:1
bible_BKR_Jk.txt,royal_power,2,143,0.01399,2,1664,0.0012,2.0,0.01399,království:1; vládnout:1
bible_BKR_Jk.txt,sacred_space,1,143,0.00699,1,1664,0.0006,1.0,0.00699,oltář:1
bible_BKR_Jk.txt,war_conflict,3,143,0.02098,3,1664,0.0018,3.0,0.02098,zabít:2; nepřítel:1
bible_BKR_Jk.txt,wisdom,4,143,0.02797,4,1664,0.0024,5.0,0.03497,moudrost:4
bible_BKR_Jk.txt,yhwh_elements,0,143,0.0,0,1664,0.0,0.0,0.0,
bible_BKR_Jl.txt,christian_elements,28,93,0.30108,28,1325,0.02113,32.5,0.34946,hospodin:28
bible_BKR_Jl.txt,covenant_law,0,93,0.0,0,1325,0.0,0.0,0.0,
bible_BKR_Jl.txt,divine,34,93,0.36559,44,1325,0.03321,47.9,0.51505,hospodin:28; bůh:11; svatý:2; duch:2; milost:1
bible_BKR_Jl.txt,divine_hierarchy,0,93,0.0,0,1325,0.0,0.0,0.0,
bible_BKR_Jl.txt,eschatology,0,93,0.0,0,1325,0.0,0.0,0.0,
bible_BKR_Jl.txt,genealogy_lineage,0,93,0.0,0,1325,0.0,0.0,0.0,
bible_BKR_Jl.txt,kinship,6,93,0.06452,8,1325,0.00604,8.2,0.08817,syn:6; dcera:2
bible_BKR_Jl.txt,legal,0,93,0.0,0,1325,0.0,0.0,0.0,
bible_BKR_Jl.txt,life_death,0,93,0.0,0,1325,0.0,0.0,0.0,
bible_BKR_Jl.txt,monotheism,32,93,0.34409,40,1325,0.03019,44.5,0.47849,hospodin:28; bůh:11; všemohoucí:1
bible_BKR_Jl.txt,moral,1,93,0.01075,1,1325,0.00075,0.7,0.00753,zlý:1
bible_BKR_Jl.txt,prophetic_speech,1,93,0.01075,1,1325,0.00075,0.7,0.00753,vidění:1
bible_BKR_Jl.txt,ritual_sacrifice,5,93,0.05376,8,1325,0.00604,8.5,0.0914,kněz:3; oběť:3; oltář:2
bible_BKR_Jl.txt,royal_power,1,93,0.01075,1,1325,0.00075,1.0,0.01075,panovat:1
bible_BKR_Jl.txt,sacred_space,3,93,0.03226,3,1325,0.00226,3.0,0.03226,oltář:2; chrám:1
bible_BKR_Jl.txt,war_conflict,7,93,0.07527,7,1325,0.00528,7.2,0.07742,vojsko:3; meč:2; bitva:1; boj:1
bible_BKR_Jl.txt,wisdom,0,93,0.0,0,1325,0.0,0.0,0.0,
bible_BKR_Jl.txt,yhwh_elements,28,93,0.30108,28,1325,0.02113,32.5,0.34946,hospodin:28
bible_BKR_Jon.txt,christian_elements,22,67,0.32836,22,942,0.02335,25.0,0.37313,hospodin:22
bible_BKR_Jon.txt,covenant_law,0,67,0.0,0,942,0.0,0.0,0.0,
bible_BKR_Jon.txt,divine,33,67,0.49254,41,942,0.04352,47.5,0.70896,hospodin:22; bůh:15; modlit:2; svatý:1; modlitba:1
bible_BKR_Jon.txt,divine_hierarchy,0,67,0.0,0,942,0.0,0.0,0.0,
bible_BKR_Jon.txt,eschatology,1,67,0.01493,1,942,0.00106,1.0,0.01493,věčnost:1
bible_BKR_Jon.txt,genealogy_lineage,0,67,0.0,0,942,0.0,0.0,0.0,
bible_BKR_Jon.txt,kinship,0,67,0.0,0,942,0.0,0.0,0.0,
bible_BKR_Jon.txt,legal,0,67,0.0,0,942,0.0,0.0,0.0,
bible_BKR_Jon.txt,life_death,3,67,0.04478,3,942,0.00318,3.5,0.05224,smrt:2; život:1
bible_BKR_Jon.txt,monotheism,33,67,0.49254,37,942,0.03928,43.0,0.64179,hospodin:22; bůh:15
bible_BKR_Jon.txt,moral,5,67,0.07463,5,942,0.00531,5.0,0.07463,zlý:5
bible_BKR_Jon.txt,prophetic_speech,0,67,0.0,0,942,0.0,0.0,0.0,
bible_BKR_Jon.txt,ritual_sacrifice,1,67,0.01493,1,942,0.00106,1.0,0.01493,oběť:1
bible_BKR_Jon.txt,royal_power,2,67,0.02985,3,942,0.00318,3.0,0.04478,král:1; trůn:1; kníže:1
bible_BKR_Jon.txt,sacred_space,2,67,0.02985,2,942,0.00212,2.0,0.02985,chrám:2
bible_BKR_Jon.txt,war_conflict,0,67,0.0,0,942,0.0,0.0,0.0,
bible_BKR_Jon.txt,wisdom,0,67,0.0,0,942,0.0,0.0,0.0,
bible_BKR_Jon.txt,yhwh_elements,22,67,0.32836,22,942,0.02335,25.0,0.37313,hospodin:22
bible_BKR_Joz.txt,christian_elements,177,783,0.22605,177,12005,0.01474,201.9,0.25785,hospodin:177
bible_BKR_Joz.txt,covenant_law,30,783,0.03831,31,12005,0.00258,30.1,0.03844,smlouva:22; zákon:8; ustanovení:1
bible_BKR_Joz.txt,divine,183,783,0.23372,244,12005,0.02032,267.9,0.34215,hospodin:177; bůh:63; svatý:3; milost:1
bible_BKR_Joz.txt,divine_hierarchy,0,783,0.0,0,12005,0.0,0.0,0.0,
bible_BKR_Joz.txt,eschatology,0,783,0.0,0,12005,0.0,0.0,0.0,
bible_BKR_Joz.txt,genealogy_lineage,75,783,0.09579,76,12005,0.00633,76.3,0.09745,pokolení:70; prvorozený:2; rod:2; potomek:2
bible_BKR_Joz.txt,kinship,144,783,0.18391,164,12005,0.01366,175.2,0.22375,syn:122; otec:14; bratr:7; muž:5; žena:5; dcera:5; matka:3; rod:2; sestra:1
bible_BKR_Joz.txt,legal,40,783,0.05109,46,12005,0.00383,46.1,0.05888,smlouva:22; zákon:8; přestoupit:4; svědek:4; soudce:3; soud:2; vina:1; právo:1; ustanovení:1
bible_BKR_Joz.txt,life_death,23,783,0.02937,23,12005,0.00192,22.3,0.02848,živý:16; smrt:4; zemřít:2; věčný:1
bible_BKR_Joz.txt,monotheism,183,783,0.23372,240,12005,0.01999,263.9,0.33704,hospodin:177; bůh:63
bible_BKR_Joz.txt,moral,10,783,0.01277,12,12005,0.001,12.0,0.01533,pravda:4; dobrý:3; milovat:2; spravedlivý:1; zlý:1; hřích:1
bible_BKR_Joz.txt,prophetic_speech,0,783,0.0,0,12005,0.0,0.0,0.0,
bible_BKR_Joz.txt,ritual_sacrifice,46,783,0.05875,52,12005,0.00433,56.0,0.07152,kněz:34; oltář:11; oběť:6; zápalný:1
bible_BKR_Joz.txt,royal_power,76,783,0.09706,83,12005,0.00691,83.2,0.10626,král:61; kníže:14; království:5; panovat:2; vládnout:1
bible_BKR_Joz.txt,sacred_space,12,783,0.01533,12,12005,0.001,11.6,0.01481,oltář:11; svatyně:1
bible_BKR_Joz.txt,war_conflict,50,783,0.06386,54,12005,0.0045,53.0,0.06769,meč:17; nepřítel:12; boj:6; zabít:6; vojsko:5; pobít:5; válka:3
bible_BKR_Joz.txt,wisdom,0,783,0.0,0,12005,0.0,0.0,0.0,
bible_BKR_Joz.txt,yhwh_elements,177,783,0.22605,177,12005,0.01474,201.9,0.25785,hospodin:177
bible_BKR_Jr.txt,christian_elements,596,1715,0.34752,597,27570,0.02165,759.6,0.44292,hospodin:596; vykupitel:1
bible_BKR_Jr.txt,covenant_law,34,1715,0.01983,38,27570,0.00138,38.4,0.02239,smlouva:20; zákon:12; ustanovení:6
bible_BKR_Jr.txt,divine,639,1715,0.37259,740,27570,0.02684,901.8,0.52583,hospodin:596; bůh:121; odpustit:7; modlitba:4; modlit:4; duch:3; milost:3; sláva:1; pán:1
bible_BKR_Jr.txt,divine_hierarchy,0,1715,0.0,0,27570,0.0,0.0,0.0,
bible_BKR_Jr.txt,eschatology,6,1715,0.0035,6,27570,0.00022,6.0,0.0035,věčnost:3; poslední:3
bible_BKR_Jr.txt,genealogy_lineage,7,1715,0.00408,7,27570,0.00025,6.7,0.00391,zplodit:2; rod:2; pokolení:1; potomek:1; prvorozený:1
bible_BKR_Jr.txt,kinship,154,1715,0.0898,195,27570,0.00707,211.0,0.12303,syn:79; dcera:33; otec:32; žena:13; bratr:13; muž:12; matka:8; sestra:3; rod:2
bible_BKR_Jr.txt,legal,70,1715,0.04082,81,27570,0.00294,84.0,0.04898,soud:21; smlouva:20; zákon:12; spravedlnost:10; ustanovení:6; svědek:6; právo:3; soudce:1; nařízení:1; přestoupit:1
bible_BKR_Jr.txt,life_death,51,1715,0.02974,57,27570,0.00207,57.1,0.03329,věčný:16; smrt:12; živý:12; mrtvý:11; život:5; zemřít:1
bible_BKR_Jr.txt,monotheism,626,1715,0.36501,719,27570,0.02608,880.9,0.51364,hospodin:596; bůh:121; stvořitel:2
bible_BKR_Jr.txt,moral,133,1715,0.07755,146,27570,0.0053,144.9,0.08449,zlý:71; dobrý:25; lež:16; hřích:11; pravda:8; milovat:7; spravedlivý:7; nepravost:1
bible_BKR_Jr.txt,prophetic_speech,91,1715,0.05306,91,27570,0.0033,97.6,0.05691,prorok:89; vidění:2
bible_BKR_Jr.txt,ritual_sacrifice,59,1715,0.0344,63,27570,0.00229,65.6,0.03825,kněz:36; oběť:16; kadidlo:4; oltář:2; kadidlnice:2; posvětit:1; beránek:1; zápalný:1
bible_BKR_Jr.txt,royal_power,227,1715,0.13236,270,27570,0.00979,285.7,0.16659,král:184; kníže:50; království:16; stolice:16; panovat:4
bible_BKR_Jr.txt,sacred_space,8,1715,0.00466,8,27570,0.00029,8.0,0.00466,chrám:4; oltář:2; svatyně:2
bible_BKR_Jr.txt,war_conflict,124,1715,0.0723,140,27570,0.00508,143.0,0.08338,meč:65; vojsko:32; nepřítel:20; boj:12; zabít:6; pobít:3; válka:2
bible_BKR_Jr.txt,wisdom,17,1715,0.00991,17,27570,0.00062,16.1,0.00939,moudrost:6; rada:6; naučení:4; přísloví:1
bible_BKR_Jr.txt,yhwh_elements,596,1715,0.34752,596,27570,0.02162,758.1,0.44204,hospodin:596
bible_BKR_Ju.txt,christian_elements,6,23,0.26087,9,441,0.02041,9.0,0.3913,ježíš:4; kristus:2; hospodin:1; apoštol:1; spasitel:1
bible_BKR_Ju.txt,covenant_law,0,23,0.0,0,441,0.0,0.0,0.0,
bible_BKR_Ju.txt,divine,7,23,0.30435,20,441,0.04535,20.0,0.86957,ježíš:4; bůh:3; pán:3; kristus:2; víra:2; duch:2; milost:1; hospodin:1; svatý:1; sláva:1
bible_BKR_Ju.txt,divine_hierarchy,2,23,0.08696,2,441,0.00454,1.7,0.07391,anděl:1; archanděl:1
bible_BKR_Ju.txt,eschatology,2,23,0.08696,2,441,0.00454,2.0,0.08696,věčnost:1; poslední:1
bible_BKR_Ju.txt,genealogy_lineage,0,23,0.0,0,441,0.0,0.0,0.0,
bible_BKR_Ju.txt,kinship,1,23,0.04348,1,441,0.00227,1.0,0.04348,bratr:1
bible_BKR_Ju.txt,legal,3,23,0.13043,3,441,0.0068,3.0,0.13043,soud:3
bible_BKR_Ju.txt,life_death,4,23,0.17391,5,441,0.01134,5.0,0.21739,věčný:3; mrtvý:1; život:1
bible_BKR_Ju.txt,monotheism,3,23,0.13043,4,441,0.00907,4.0,0.17391,bůh:3; hospodin:1
bible_BKR_Ju.txt,moral,3,23,0.13043,3,441,0.0068,3.0,0.13043,bezbožný:3
bible_BKR_Ju.txt,prophetic_speech,0,23,0.0,0,441,0.0,0.0,0.0,
bible_BKR_Ju.txt,ritual_sacrifice,0,23,0.0,0,441,0.0,0.0,0.0,
bible_BKR_Ju.txt,royal_power,0,23,0.0,0,441,0.0,0.0,0.0,
bible_BKR_Ju.txt,sacred_space,0,23,0.0,0,441,0.0,0.0,0.0,
bible_BKR_Ju.txt,war_conflict,0,23,0.0,0,441,0.0,0.0,0.0,
bible_BKR_Ju.txt,wisdom,0,23,0.0,0,441,0.0,0.0,0.0,
bible_BKR_Ju.txt,yhwh_elements,1,23,0.04348,1,441,0.00227,1.0,0.04348,hospodin:1
bible_BKR_Kaz.txt,christian_elements,0,297,0.0,0,3882,0.0,0.0,0.0,
bible_BKR_Kaz.txt,covenant_law,1,297,0.00337,1,3882,0.00026,1.0,0.00337,desatero:1
bible_BKR_Kaz.txt,divine,41,297,0.13805,43,3882,0.01108,50.2,0.16902,bůh:28; duch:13; sláva:1; milost:1
bible_BKR_Kaz.txt,divine_hierarchy,1,297,0.00337,1,3882,0.00026,1.0,0.00337,anděl:1
bible_BKR_Kaz.txt,eschatology,0,297,0.0,0,3882,0.0,0.0,0.0,
bible_BKR_Kaz.txt,genealogy_lineage,4,297,0.01347,4,3882,0.00103,4.5,0.01515,potomek:2; zplodit:2
bible_BKR_Kaz.txt,kinship,15,297,0.05051,17,3882,0.00438,17.2,0.05791,syn:13; bratr:1; matka:1; muž:1; žena:1
bible_BKR_Kaz.txt,legal,5,297,0.01684,7,3882,0.0018,7.0,0.02357,soud:4; spravedlnost:3
bible_BKR_Kaz.txt,life_death,17,297,0.05724,22,3882,0.00567,21.7,0.07306,živý:8; život:5; mrtvý:4; smrt:3; zemřít:1; věčný:1
bible_BKR_Kaz.txt,monotheism,29,297,0.09764,29,3882,0.00747,34.2,0.11515,bůh:28; stvořitel:1
bible_BKR_Kaz.txt,moral,40,297,0.13468,47,3882,0.01211,47.5,0.15993,dobrý:16; zlý:11; spravedlivý:8; bezbožný:8; hřích:2; milovat:2
bible_BKR_Kaz.txt,prophetic_speech,0,297,0.0,0,3882,0.0,0.0,0.0,
bible_BKR_Kaz.txt,ritual_sacrifice,1,297,0.00337,1,3882,0.00026,1.0,0.00337,oběť:1
bible_BKR_Kaz.txt,royal_power,15,297,0.05051,18,3882,0.00464,19.2,0.06465,král:10; kníže:4; panovat:3; království:1
bible_BKR_Kaz.txt,sacred_space,0,297,0.0,0,3882,0.0,0.0,0.0,
bible_BKR_Kaz.txt,war_conflict,5,297,0.01684,5,3882,0.00129,5.0,0.01684,boj:5
bible_BKR_Kaz.txt,wisdom,26,297,0.08754,27,3882,0.00696,30.1,0.10135,moudrost:24; rozumnost:2; přísloví:1
bible_BKR_Kaz.txt,yhwh_elements,0,297,0.0,0,3882,0.0,0.0,0.0,
bible_BKR_Ko.txt,christian_elements,26,74,0.35135,35,1339,0.02614,35.7,0.48243,kristus:21; ježíš:5; církev:3; evangelium:2; kříž:2; apoštol:1; křest:1
bible_BKR_Ko.txt,covenant_law,2,74,0.02703,2,1339,0.00149,2.0,0.02703,ustanovení:2
bible_BKR_Ko.txt,divine,28,74,0.37838,69,1339,0.05153,69.1,0.93378,kristus:21; bůh:11; pán:8; ježíš:5; víra:5; svatý:4; milost:4; sláva:3; duch:2; odpustit:2
bible_BKR_Ko.txt,divine_hierarchy,0,74,0.0,0,1339,0.0,0.0,0.0,
bible_BKR_Ko.txt,eschatology,1,74,0.01351,1,1339,0.00075,1.0,0.01351,vzkřísit:1
bible_BKR_Ko.txt,genealogy_lineage,2,74,0.02703,2,1339,0.00149,2.0,0.02703,prvorozený:2
bible_BKR_Ko.txt,kinship,8,74,0.10811,10,1339,0.00747,11.2,0.15135,bratr:4; otec:2; muž:2; žena:2
bible_BKR_Ko.txt,legal,3,74,0.04054,3,1339,0.00224,3.0,0.04054,ustanovení:2; řád:1
bible_BKR_Ko.txt,life_death,7,74,0.09459,9,1339,0.00672,9.5,0.12838,mrtvý:3; živý:2; zemřít:2; smrt:1; život:1
bible_BKR_Ko.txt,monotheism,11,74,0.14865,11,1339,0.00822,11.0,0.14865,bůh:11
bible_BKR_Ko.txt,moral,11,74,0.14865,12,1339,0.00896,12.5,0.16892,pravda:4; hřích:3; zlý:2; milovat:2; dobrý:1
bible_BKR_Ko.txt,prophetic_speech,0,74,0.0,0,1339,0.0,0.0,0.0,
bible_BKR_Ko.txt,ritual_sacrifice,0,74,0.0,0,1339,0.0,0.0,0.0,
bible_BKR_Ko.txt,royal_power,2,74,0.02703,2,1339,0.00149,2.0,0.02703,království:2
bible_BKR_Ko.txt,sacred_space,0,74,0.0,0,1339,0.0,0.0,0.0,
bible_BKR_Ko.txt,war_conflict,1,74,0.01351,1,1339,0.00075,1.0,0.01351,nepřítel:1
bible_BKR_Ko.txt,wisdom,7,74,0.09459,9,1339,0.00672,9.0,0.12162,moudrost:7; rozumnost:1; poznání:1
bible_BKR_Ko.txt,yhwh_elements,0,74,0.0,0,1339,0.0,0.0,0.0,
bible_BKR_L.txt,christian_elements,126,1404,0.08974,133,17743,0.0075,156.0,0.11111,ježíš:94; kristus:13; ježíšův:5; evangelium:4; křtít:3; kříž:3; ukřižovat:3; spasitel:2; hospodin:2; křest:2
bible_BKR_L.txt,covenant_law,11,1404,0.00783,11,17743,0.00062,11.0,0.00783,zákon:8; smlouva:2; ustanovení:1
bible_BKR_L.txt,divine,221,1404,0.15741,273,17743,0.01539,304.5,0.21688,ježíš:94; bůh:55; duch:37; pán:14; kristus:13; modlit:13; svatý:12; víra:12; milost:7; modlitba:6
bible_BKR_L.txt,divine_hierarchy,24,1404,0.01709,24,17743,0.00135,28.5,0.0203,anděl:24
bible_BKR_L.txt,eschatology,12,1404,0.00855,12,17743,0.00068,12.0,0.00855,poslední:5; vzkříšení:5; peklo:2
bible_BKR_L.txt,genealogy_lineage,14,1404,0.00997,14,17743,0.00079,14.7,0.01047,pokolení:11; rod:2; prvorozený:1
bible_BKR_L.txt,kinship,104,1404,0.07407,120,17743,0.00676,133.1,0.0948,syn:40; otec:36; bratr:21; matka:13; dcera:7; sestra:2; žena:1
bible_BKR_L.txt,legal,27,1404,0.01923,28,17743,0.00158,29.0,0.02066,zákon:8; soudce:5; soud:4; spravedlnost:2; smlouva:2; potrestat:2; vina:2; ustanovení:1; přestoupit:1; svědek:1
bible_BKR_L.txt,life_death,39,1404,0.02778,45,17743,0.00254,45.2,0.03219,mrtvý:15; smrt:9; živý:8; vzkříšení:5; věčný:4; život:3; zemřít:1
bible_BKR_L.txt,monotheism,56,1404,0.03989,57,17743,0.00321,57.5,0.04095,bůh:55; hospodin:2
bible_BKR_L.txt,moral,67,1404,0.04772,74,17743,0.00417,73.5,0.05235,dobrý:20; spravedlivý:14; milovat:12; zlý:11; hřích:7; nenávidět:5; pravda:5
bible_BKR_L.txt,prophetic_speech,35,1404,0.02493,36,17743,0.00203,36.6,0.02607,prorok:29; vidění:3; zjevení:2; prorokyně:1; proroctví:1
bible_BKR_L.txt,ritual_sacrifice,27,1404,0.01923,29,17743,0.00163,30.2,0.02151,kněz:21; krev:3; oltář:2; oběť:2; beránek:1
bible_BKR_L.txt,royal_power,67,1404,0.04772,68,17743,0.00383,72.2,0.05142,království:43; král:9; kníže:8; stolice:4; vládnout:3; panovat:1
bible_BKR_L.txt,sacred_space,11,1404,0.00783,12,17743,0.00068,12.0,0.00855,chrám:10; oltář:2
bible_BKR_L.txt,war_conflict,22,1404,0.01567,22,17743,0.00124,22.4,0.01595,nepřítel:8; meč:6; zabít:4; boj:2; válka:1; vojsko:1
bible_BKR_L.txt,wisdom,7,1404,0.00499,7,17743,0.00039,7.2,0.00513,moudrost:6; rozumnost:1
bible_BKR_L.txt,yhwh_elements,2,1404,0.00142,2,17743,0.00011,2.5,0.00178,hospodin:2
bible_BKR_Lv.txt,christian_elements,261,1044,0.25,261,15217,0.01715,278.7,0.26695,hospodin:261
bible_BKR_Lv.txt,covenant_law,38,1044,0.0364,39,15217,0.00256,40.4,0.0387,ustanovení:24; smlouva:8; zákon:6; přikázání:1
bible_BKR_Lv.txt,divine,279,1044,0.26724,346,15217,0.02274,362.7,0.34741,hospodin:261; bůh:53; svatý:28; sláva:2; duch:1; milost:1
bible_BKR_Lv.txt,divine_hierarchy,0,1044,0.0,0,15217,0.0,0.0,0.0,
bible_BKR_Lv.txt,eschatology,1,1044,0.00096,1,15217,7e-05,1.0,0.00096,věčnost:1
bible_BKR_Lv.txt,genealogy_lineage,18,1044,0.01724,18,15217,0.00118,17.7,0.01695,pokolení:7; rod:6; potomek:2; zplodit:1; předek:1; prvorozený:1
bible_BKR_Lv.txt,kinship,113,1044,0.10824,156,15217,0.01025,166.1,0.1591,syn:56; otec:22; bratr:17; dcera:15; matka:13; žena:12; muž:10; sestra:8; rod:3
bible_BKR_Lv.txt,legal,82,1044,0.07854,94,15217,0.00618,98.7,0.09454,ustanovení:24; právo:16; vina:16; soud:10; smlouva:8; řád:7; zákon:6; přestoupit:4; svědek:1; nařízení:1
bible_BKR_Lv.txt,life_death,66,1044,0.06322,68,15217,0.00447,67.7,0.06485,věčný:19; živý:18; smrt:14; mrtvý:9; zemřít:8
bible_BKR_Lv.txt,monotheism,278,1044,0.26628,314,15217,0.02063,330.2,0.31628,hospodin:261; bůh:53
bible_BKR_Lv.txt,moral,92,1044,0.08812,97,15217,0.00637,96.1,0.09205,hřích:78; dobrý:7; zlý:5; nenávidět:4; milovat:2; spravedlivý:1
bible_BKR_Lv.txt,prophetic_speech,0,1044,0.0,0,15217,0.0,0.0,0.0,
bible_BKR_Lv.txt,ritual_sacrifice,369,1044,0.35345,563,15217,0.037,602.8,0.57739,oběť:198; kněz:153; oltář:72; zápalný:44; krev:40; posvětit:16; kozel:15; kadidlo:9; červec:5; beránek:4
bible_BKR_Lv.txt,royal_power,9,1044,0.00862,9,15217,0.00059,9.5,0.0091,panovat:4; vládnout:3; kníže:2
bible_BKR_Lv.txt,sacred_space,92,1044,0.08812,95,15217,0.00624,94.0,0.09004,oltář:72; svatyně:23
bible_BKR_Lv.txt,war_conflict,54,1044,0.05172,56,15217,0.00368,57.4,0.05498,zabít:34; nepřítel:13; meč:7; boj:2
bible_BKR_Lv.txt,wisdom,1,1044,0.00096,1,15217,7e-05,1.0,0.00096,rada:1
bible_BKR_Lv.txt,yhwh_elements,261,1044,0.25,261,15217,0.01715,278.7,0.26695,hospodin:261
bible_BKR_Mal.txt,christian_elements,43,100,0.43,43,1239,0.03471,55.9,0.559,hospodin:43
bible_BKR_Mal.txt,covenant_law,13,100,0.13,14,1239,0.0113,14.7,0.147,smlouva:6; zákon:5; ustanovení:2; přikázání:1
bible_BKR_Mal.txt,divine,50,100,0.5,58,1239,0.04681,70.0,0.7,hospodin:43; bůh:9; duch:3; milost:1; sláva:1; stvořit:1
bible_BKR_Mal.txt,divine_hierarchy,2,100,0.02,2,1239,0.00161,1.7,0.017,anděl:2
bible_BKR_Mal.txt,eschatology,0,100,0.0,0,1239,0.0,0.0,0.0,
bible_BKR_Mal.txt,genealogy_lineage,1,100,0.01,1,1239,0.00081,1.0,0.01,pokolení:1
bible_BKR_Mal.txt,kinship,8,100,0.08,9,1239,0.00726,8.9,0.089,otec:5; syn:2; bratr:1; dcera:1
bible_BKR_Mal.txt,legal,18,100,0.18,21,1239,0.01695,21.7,0.217,smlouva:6; zákon:5; svědek:2; soud:2; spravedlnost:2; ustanovení:2; přikázání:1; nařízení:1
bible_BKR_Mal.txt,life_death,0,100,0.0,0,1239,0.0,0.0,0.0,
bible_BKR_Mal.txt,monotheism,48,100,0.48,52,1239,0.04197,64.6,0.646,hospodin:43; bůh:9
bible_BKR_Mal.txt,moral,9,100,0.09,10,1239,0.00807,9.7,0.097,milovat:3; zlý:3; bezbožný:2; pravda:1; spravedlivý:1
bible_BKR_Mal.txt,prophetic_speech,1,100,0.01,1,1239,0.00081,0.7,0.007,prorok:1
bible_BKR_Mal.txt,ritual_sacrifice,12,100,0.12,14,1239,0.0113,13.9,0.139,oběť:8; kněz:3; oltář:3
bible_BKR_Mal.txt,royal_power,2,100,0.02,2,1239,0.00161,2.0,0.02,kníže:1; král:1
bible_BKR_Mal.txt,sacred_space,4,100,0.04,4,1239,0.00323,3.7,0.037,oltář:3; chrám:1
bible_BKR_Mal.txt,war_conflict,0,100,0.0,0,1239,0.0,0.0,0.0,
bible_BKR_Mal.txt,wisdom,0,100,0.0,0,1239,0.0,0.0,0.0,
bible_BKR_Mal.txt,yhwh_elements,43,100,0.43,43,1239,0.03471,55.9,0.559,hospodin:43
bible_BKR_Mi.txt,christian_elements,37,155,0.23871,37,2044,0.0181,42.0,0.27097,hospodin:37
bible_BKR_Mi.txt,covenant_law,2,155,0.0129,2,2044,0.00098,2.2,0.01419,zákon:1; ustanovení:1
bible_BKR_Mi.txt,divine,40,155,0.25806,49,2044,0.02397,55.0,0.35484,hospodin:37; bůh:9; duch:2; pán:1
bible_BKR_Mi.txt,divine_hierarchy,0,155,0.0,0,2044,0.0,0.0,0.0,
bible_BKR_Mi.txt,eschatology,1,155,0.00645,1,2044,0.00049,1.0,0.00645,poslední:1
bible_BKR_Mi.txt,genealogy_lineage,2,155,0.0129,2,2044,0.00098,1.4,0.00903,potomek:1; prvorozený:1
bible_BKR_Mi.txt,kinship,7,155,0.04516,10,2044,0.00489,10.4,0.0671,dcera:3; syn:3; bratr:2; otec:2
bible_BKR_Mi.txt,legal,11,155,0.07097,11,2044,0.00538,11.9,0.07677,soud:4; soudce:2; spravedlnost:2; svědek:1; zákon:1; ustanovení:1
bible_BKR_Mi.txt,life_death,2,155,0.0129,2,2044,0.00098,2.0,0.0129,věčný:1; život:1
bible_BKR_Mi.txt,monotheism,39,155,0.25161,46,2044,0.0225,51.5,0.33226,hospodin:37; bůh:9
bible_BKR_Mi.txt,moral,18,155,0.11613,25,2044,0.01223,23.7,0.1529,zlý:8; hřích:5; dobrý:5; lež:2; milovat:2; nenávidět:1; spravedlivý:1; bezbožný:1
bible_BKR_Mi.txt,prophetic_speech,5,155,0.03226,6,2044,0.00294,7.0,0.04516,prorok:4; vidění:2
bible_BKR_Mi.txt,ritual_sacrifice,1,155,0.00645,1,2044,0.00049,1.5,0.00968,kněz:1
bible_BKR_Mi.txt,royal_power,7,155,0.04516,7,2044,0.00342,7.2,0.04645,král:5; království:1; kníže:1
bible_BKR_Mi.txt,sacred_space,1,155,0.00645,1,2044,0.00049,1.0,0.00645,chrám:1
bible_BKR_Mi.txt,war_conflict,11,155,0.07097,12,2044,0.00587,11.6,0.07484,nepřítel:5; meč:4; bitva:1; válka:1; boj:1
bible_BKR_Mi.txt,wisdom,3,155,0.01935,3,2044,0.00147,3.5,0.02258,rada:2; přísloví:1
bible_BKR_Mi.txt,yhwh_elements,37,155,0.23871,37,2044,0.0181,42.0,0.27097,hospodin:37
bible_BKR_Mk.txt,christian_elements,118,905,0.13039,125,10445,0.01197,152.3,0.16829,ježíš:94; evangelium:8; kristus:8; kříž:5; křtít:3; ukřižovat:3; křest:2; ukřižování:1; ježíšův:1
bible_BKR_Mk.txt,covenant_law,7,905,0.00773,7,10445,0.00067,6.1,0.00674,ustanovení:6; smlouva:1
bible_BKR_Mk.txt,divine,146,905,0.16133,166,10445,0.01589,197.2,0.2179,ježíš:94; duch:22; bůh:17; kristus:8; víra:5; svatý:4; modlit:4; pán:4; odpustit:3; modlitba:3
bible_BKR_Mk.txt,divine_hierarchy,6,905,0.00663,6,10445,0.00057,5.9,0.00652,anděl:6
bible_BKR_Mk.txt,eschatology,4,905,0.00442,4,10445,0.00038,4.0,0.00442,peklo:2; poslední:1; vzkříšení:1
bible_BKR_Mk.txt,genealogy_lineage,6,905,0.00663,6,10445,0.00057,6.2,0.00685,pokolení:5; rod:1
bible_BKR_Mk.txt,kinship,50,905,0.05525,74,10445,0.00708,76.9,0.08497,syn:19; bratr:16; otec:15; matka:10; dcera:4; žena:4; sestra:3; muž:3
bible_BKR_Mk.txt,legal,10,905,0.01105,10,10445,0.00096,8.8,0.00972,ustanovení:6; soud:1; smlouva:1; svědek:1; vina:1
bible_BKR_Mk.txt,life_death,27,905,0.02983,31,10445,0.00297,31.0,0.03425,mrtvý:15; smrt:7; věčný:3; živý:3; život:2; vzkříšení:1
bible_BKR_Mk.txt,monotheism,17,905,0.01878,17,10445,0.00163,18.2,0.02011,bůh:17
bible_BKR_Mk.txt,moral,27,905,0.02983,27,10445,0.00258,26.4,0.02917,dobrý:10; hřích:6; pravda:3; zlý:3; milovat:3; spravedlivý:2
bible_BKR_Mk.txt,prophetic_speech,7,905,0.00773,7,10445,0.00067,7.0,0.00773,prorok:7
bible_BKR_Mk.txt,ritual_sacrifice,26,905,0.02873,26,10445,0.00249,30.2,0.03337,kněz:22; oběť:2; beránek:1; krev:1
bible_BKR_Mk.txt,royal_power,38,905,0.04199,40,10445,0.00383,42.2,0.04663,království:18; král:12; kníže:6; stolice:2; panovat:1; vládnout:1
bible_BKR_Mk.txt,sacred_space,7,905,0.00773,7,10445,0.00067,7.0,0.00773,chrám:7
bible_BKR_Mk.txt,war_conflict,10,905,0.01105,11,10445,0.00105,11.0,0.01215,zabít:5; meč:3; nepřítel:1; válka:1; boj:1
bible_BKR_Mk.txt,wisdom,1,905,0.0011,1,10445,0.0001,1.5,0.00166,moudrost:1
bible_BKR_Mk.txt,yhwh_elements,0,905,0.0,0,10445,0.0,0.0,0.0,
bible_BKR_Mt.txt,christian_elements,197,1376,0.14317,206,16424,0.01254,264.1,0.19193,ježíš:168; kristus:15; evangelium:5; kříž:5; ježíšův:4; církev:3; křest:2; křtít:1; apoštol:1; ukřižování:1
bible_BKR_Mt.txt,covenant_law,13,1376,0.00945,13,16424,0.00079,12.6,0.00916,zákon:8; ustanovení:4; smlouva:1
bible_BKR_Mt.txt,divine,232,1376,0.1686,263,16424,0.01601,322.4,0.2343,ježíš:168; bůh:23; duch:18; kristus:15; víra:11; modlit:7; odpustit:6; svatý:5; pán:4; modlitba:3
bible_BKR_Mt.txt,divine_hierarchy,20,1376,0.01453,20,16424,0.00122,22.9,0.01664,anděl:20
bible_BKR_Mt.txt,eschatology,13,1376,0.00945,13,16424,0.00079,13.0,0.00945,poslední:8; vzkříšení:4; peklo:1
bible_BKR_Mt.txt,genealogy_lineage,53,1376,0.03852,53,16424,0.00323,54.7,0.03975,zplodit:39; pokolení:11; rod:2; prvorozený:1
bible_BKR_Mt.txt,kinship,132,1376,0.09593,159,16424,0.00968,166.7,0.12115,syn:44; otec:43; bratr:34; matka:20; dcera:7; žena:4; sestra:3; muž:3; rod:1
bible_BKR_Mt.txt,legal,35,1376,0.02544,36,16424,0.00219,39.0,0.02834,soud:9; zákon:8; spravedlnost:5; ustanovení:4; svědek:4; soudce:2; vina:2; právo:1; smlouva:1
bible_BKR_Mt.txt,life_death,39,1376,0.02834,45,16424,0.00274,45.2,0.03285,mrtvý:15; smrt:10; živý:6; věčný:5; život:4; vzkříšení:4; zemřít:1
bible_BKR_Mt.txt,monotheism,23,1376,0.01672,23,16424,0.0014,24.1,0.01751,bůh:23
bible_BKR_Mt.txt,moral,79,1376,0.05741,89,16424,0.00542,88.5,0.06432,dobrý:29; zlý:24; spravedlivý:16; milovat:10; hřích:6; nenávidět:3; pravda:1
bible_BKR_Mt.txt,prophetic_speech,39,1376,0.02834,39,16424,0.00237,39.9,0.029,prorok:37; proroctví:1; vidění:1
bible_BKR_Mt.txt,ritual_sacrifice,36,1376,0.02616,39,16424,0.00237,43.0,0.03125,kněz:27; oltář:5; krev:4; oběť:2; kadidlo:1
bible_BKR_Mt.txt,royal_power,85,1376,0.06177,90,16424,0.00548,97.4,0.07078,království:54; král:20; kníže:6; trůn:4; stolice:4; panovat:1; vládnout:1
bible_BKR_Mt.txt,sacred_space,15,1376,0.0109,16,16424,0.00097,16.0,0.01163,chrám:11; oltář:5
bible_BKR_Mt.txt,war_conflict,23,1376,0.01672,23,16424,0.0014,23.3,0.01693,zabít:7; nepřítel:7; meč:6; boj:2; vojsko:1
bible_BKR_Mt.txt,wisdom,3,1376,0.00218,3,16424,0.00018,3.0,0.00218,moudrost:3
bible_BKR_Mt.txt,yhwh_elements,0,1376,0.0,0,16424,0.0,0.0,0.0,
bible_BKR_Na.txt,christian_elements,12,64,0.1875,12,831,0.01444,16.0,0.25,hospodin:12
bible_BKR_Na.txt,covenant_law,0,64,0.0,0,831,0.0,0.0,0.0,
bible_BKR_Na.txt,divine,13,64,0.20312,14,831,0.01685,18.0,0.28125,hospodin:12; bůh:2
bible_BKR_Na.txt,divine_hierarchy,0,64,0.0,0,831,0.0,0.0,0.0,
bible_BKR_Na.txt,eschatology,0,64,0.0,0,831,0.0,0.0,0.0,
bible_BKR_Na.txt,genealogy_lineage,0,64,0.0,0,831,0.0,0.0,0.0,
bible_BKR_Na.txt,kinship,0,64,0.0,0,831,0.0,0.0,0.0,
bible_BKR_Na.txt,legal,0,64,0.0,0,831,0.0,0.0,0.0,
bible_BKR_Na.txt,life_death,1,64,0.01562,1,831,0.0012,1.0,0.01562,mrtvý:1
bible_BKR_Na.txt,monotheism,13,64,0.20312,14,831,0.01685,18.0,0.28125,hospodin:12; bůh:2
bible_BKR_Na.txt,moral,3,64,0.04688,3,831,0.00361,3.0,0.04688,dobrý:1; zlý:1; lež:1
bible_BKR_Na.txt,prophetic_speech,1,64,0.01562,1,831,0.0012,1.0,0.01562,vidění:1
bible_BKR_Na.txt,ritual_sacrifice,1,64,0.01562,1,831,0.0012,1.0,0.01562,červec:1
bible_BKR_Na.txt,royal_power,2,64,0.03125,2,831,0.00241,2.0,0.03125,království:1; král:1
bible_BKR_Na.txt,sacred_space,1,64,0.01562,1,831,0.0012,1.5,0.02344,chrám:1
bible_BKR_Na.txt,war_conflict,7,64,0.10938,7,831,0.00842,7.7,0.12031,nepřítel:4; meč:3
bible_BKR_Na.txt,wisdom,0,64,0.0,0,831,0.0,0.0,0.0,
bible_BKR_Na.txt,yhwh_elements,12,64,0.1875,12,831,0.01444,16.0,0.25,hospodin:12
bible_BKR_Neh.txt,christian_elements,16,427,0.03747,16,6718,0.00238,16.0,0.03747,hospodin:16
bible_BKR_Neh.txt,covenant_law,26,427,0.06089,29,6718,0.00432,28.8,0.06745,zákon:20; smlouva:5; ustanovení:4
bible_BKR_Neh.txt,divine,61,427,0.14286,79,6718,0.01176,80.6,0.18876,bůh:49; hospodin:16; modlit:4; modlitba:3; svatý:2; pán:2; duch:2; odpustit:1
bible_BKR_Neh.txt,divine_hierarchy,1,427,0.00234,1,6718,0.00015,1.0,0.00234,cherub:1
bible_BKR_Neh.txt,eschatology,1,427,0.00234,1,6718,0.00015,1.0,0.00234,poslední:1
bible_BKR_Neh.txt,genealogy_lineage,7,427,0.01639,7,6718,0.00104,7.0,0.01639,rod:4; zplodit:2; prvorozený:1
bible_BKR_Neh.txt,kinship,128,427,0.29977,145,6718,0.02158,156.6,0.36674,syn:100; bratr:21; otec:10; dcera:9; muž:2; žena:2; rod:1
bible_BKR_Neh.txt,legal,30,427,0.07026,37,6718,0.00551,36.5,0.08548,zákon:20; smlouva:5; soud:4; ustanovení:4; nařízení:2; přestoupit:1; právo:1
bible_BKR_Neh.txt,life_death,4,427,0.00937,4,6718,0.0006,4.0,0.00937,živý:4
bible_BKR_Neh.txt,monotheism,57,427,0.13349,65,6718,0.00968,66.9,0.15667,bůh:49; hospodin:16
bible_BKR_Neh.txt,moral,26,427,0.06089,27,6718,0.00402,26.3,0.06159,dobrý:11; zlý:7; hřích:6; spravedlivý:2; milovat:1
bible_BKR_Neh.txt,prophetic_speech,6,427,0.01405,7,6718,0.00104,7.2,0.01686,prorok:5; proroctví:1; prorokyně:1
bible_BKR_Neh.txt,ritual_sacrifice,42,427,0.09836,49,6718,0.00729,52.2,0.12225,kněz:39; oběť:7; kadidlo:2; oltář:1
bible_BKR_Neh.txt,royal_power,46,427,0.10773,49,6718,0.00729,54.7,0.1281,král:25; kníže:18; vládnout:2; království:2; stolice:1; panovat:1
bible_BKR_Neh.txt,sacred_space,4,427,0.00937,4,6718,0.0006,4.0,0.00937,chrám:2; oltář:1; svatyně:1
bible_BKR_Neh.txt,war_conflict,15,427,0.03513,16,6718,0.00238,16.9,0.03958,nepřítel:8; vojsko:3; boj:2; meč:2; kopí:1
bible_BKR_Neh.txt,wisdom,0,427,0.0,0,6718,0.0,0.0,0.0,
bible_BKR_Neh.txt,yhwh_elements,16,427,0.03747,16,6718,0.00238,16.0,0.03747,hospodin:16
bible_BKR_Nu.txt,christian_elements,340,1488,0.22849,340,21008,0.01618,397.7,0.26727,hospodin:340
bible_BKR_Nu.txt,covenant_law,29,1488,0.01949,32,21008,0.00152,34.4,0.02312,ustanovení:17; zákon:10; smlouva:5
bible_BKR_Nu.txt,divine,374,1488,0.25134,409,21008,0.01947,473.4,0.31815,hospodin:340; bůh:32; duch:13; svatý:6; milost:4; sláva:4; pán:4; odpustit:4; modlit:2
bible_BKR_Nu.txt,divine_hierarchy,11,1488,0.00739,11,21008,0.00052,12.9,0.00867,anděl:11
bible_BKR_Nu.txt,eschatology,3,1488,0.00202,3,21008,0.00014,3.0,0.00202,peklo:2; poslední:1
bible_BKR_Nu.txt,genealogy_lineage,117,1488,0.07863,118,21008,0.00562,118.8,0.07984,pokolení:91; prvorozený:19; rod:3; zplodit:3; potomek:2
bible_BKR_Nu.txt,kinship,337,1488,0.22648,398,21008,0.01895,419.4,0.28185,syn:281; otec:52; dcera:20; žena:13; bratr:13; muž:12; sestra:3; rod:2; matka:2
bible_BKR_Nu.txt,legal,42,1488,0.02823,47,21008,0.00224,50.1,0.03367,ustanovení:17; zákon:10; smlouva:5; soud:4; svědek:3; vina:2; řád:2; přestoupit:2; soudce:1; právo:1
bible_BKR_Nu.txt,life_death,63,1488,0.04234,64,21008,0.00305,64.2,0.04315,zemřít:17; mrtvý:14; smrt:13; živý:11; věčný:9
bible_BKR_Nu.txt,monotheism,363,1488,0.24395,374,21008,0.0178,435.7,0.29281,hospodin:340; bůh:32; všemohoucí:2
bible_BKR_Nu.txt,moral,60,1488,0.04032,62,21008,0.00295,61.1,0.04106,hřích:44; zlý:8; dobrý:7; pravda:1; bezbožný:1; spravedlivý:1
bible_BKR_Nu.txt,prophetic_speech,5,1488,0.00336,6,21008,0.00029,6.5,0.00437,vidění:4; prorok:2
bible_BKR_Nu.txt,ritual_sacrifice,273,1488,0.18347,442,21008,0.02104,449.0,0.30175,oběť:157; kněz:63; beránek:49; zápalný:44; oltář:26; kozel:26; kadidlnice:25; kadidlo:18; skopec:12; volek:12
bible_BKR_Nu.txt,royal_power,88,1488,0.05914,90,21008,0.00428,92.8,0.06237,kníže:65; král:15; vládnout:5; království:3; panovat:2
bible_BKR_Nu.txt,sacred_space,58,1488,0.03898,61,21008,0.0029,61.1,0.04106,svatyně:35; oltář:26
bible_BKR_Nu.txt,war_conflict,80,1488,0.05376,84,21008,0.004,83.6,0.05618,boj:30; vojsko:26; zabít:10; meč:9; nepřítel:7; pobít:2
bible_BKR_Nu.txt,wisdom,7,1488,0.0047,7,21008,0.00033,6.1,0.0041,přísloví:3; naučení:3; rada:1
bible_BKR_Nu.txt,yhwh_elements,340,1488,0.22849,340,21008,0.01618,397.7,0.26727,hospodin:340
bible_BKR_Oz.txt,christian_elements,42,274,0.15328,42,3492,0.01203,47.5,0.17336,hospodin:42
bible_BKR_Oz.txt,covenant_law,7,274,0.02555,8,3492,0.00229,7.1,0.02591,smlouva:5; zákon:3
bible_BKR_Oz.txt,divine,58,274,0.21168,72,3492,0.02062,79.7,0.29088,hospodin:42; bůh:25; duch:2; svatý:2; víra:1
bible_BKR_Oz.txt,divine_hierarchy,1,274,0.00365,1,3492,0.00029,1.0,0.00365,anděl:1
bible_BKR_Oz.txt,eschatology,3,274,0.01095,3,3492,0.00086,3.0,0.01095,věčnost:1; poslední:1; vzkřísit:1
bible_BKR_Oz.txt,genealogy_lineage,3,274,0.01095,3,3492,0.00086,3.0,0.01095,zplodit:2; pokolení:1
bible_BKR_Oz.txt,kinship,21,274,0.07664,25,3492,0.00716,25.2,0.09197,syn:12; matka:5; dcera:4; sestra:1; muž:1; otec:1; bratr:1
bible_BKR_Oz.txt,legal,17,274,0.06204,22,3492,0.0063,21.8,0.07956,soud:7; smlouva:5; zákon:3; spravedlnost:2; přestoupit:2; soudce:2; potrestat:1
bible_BKR_Oz.txt,life_death,6,274,0.0219,6,3492,0.00172,6.0,0.0219,živý:2; smrt:2; mrtvý:1; život:1
bible_BKR_Oz.txt,monotheism,58,274,0.21168,67,3492,0.01919,74.2,0.2708,hospodin:42; bůh:25
bible_BKR_Oz.txt,moral,24,274,0.08759,24,3492,0.00687,24.4,0.08905,milovat:7; hřích:6; lež:5; dobrý:3; pravda:1; zlý:1; spravedlivý:1
bible_BKR_Oz.txt,prophetic_speech,6,274,0.0219,7,3492,0.002,7.7,0.0281,prorok:6; vidění:1
bible_BKR_Oz.txt,ritual_sacrifice,15,274,0.05474,16,3492,0.00458,16.4,0.05985,oběť:6; oltář:5; kněz:4; efod:1
bible_BKR_Oz.txt,royal_power,24,274,0.08759,29,3492,0.0083,29.8,0.10876,král:18; kníže:8; království:1; vládnout:1; panovat:1
bible_BKR_Oz.txt,sacred_space,6,274,0.0219,6,3492,0.00172,5.4,0.01971,oltář:5; chrám:1
bible_BKR_Oz.txt,war_conflict,8,274,0.0292,10,3492,0.00286,11.0,0.04015,meč:5; boj:2; válka:2; nepřítel:1
bible_BKR_Oz.txt,wisdom,0,274,0.0,0,3492,0.0,0.0,0.0,
bible_BKR_Oz.txt,yhwh_elements,42,274,0.15328,42,3492,0.01203,47.5,0.17336,hospodin:42
bible_BKR_Pis.txt,christian_elements,0,163,0.0,0,1838,0.0,0.0,0.0,
bible_BKR_Pis.txt,covenant_law,0,163,0.0,0,1838,0.0,0.0,0.0,
bible_BKR_Pis.txt,divine,10,163,0.06135,10,1838,0.00544,11.5,0.07055,milost:10
bible_BKR_Pis.txt,divine_hierarchy,0,163,0.0,0,1838,0.0,0.0,0.0,
bible_BKR_Pis.txt,eschatology,0,163,0.0,0,1838,0.0,0.0,0.0,
bible_BKR_Pis.txt,genealogy_lineage,0,163,0.0,0,1838,0.0,0.0,0.0,
bible_BKR_Pis.txt,kinship,17,163,0.10429,20,1838,0.01088,20.9,0.12822,dcera:9; matka:7; sestra:2; syn:1; bratr:1
bible_BKR_Pis.txt,legal,0,163,0.0,0,1838,0.0,0.0,0.0,
bible_BKR_Pis.txt,life_death,2,163,0.01227,2,1838,0.00109,2.0,0.01227,živý:1; smrt:1
bible_BKR_Pis.txt,monotheism,0,163,0.0,0,1838,0.0,0.0,0.0,
bible_BKR_Pis.txt,moral,7,163,0.04294,7,1838,0.00381,7.0,0.04294,milovat:7
bible_BKR_Pis.txt,prophetic_speech,0,163,0.0,0,1838,0.0,0.0,0.0,
bible_BKR_Pis.txt,ritual_sacrifice,2,163,0.01227,2,1838,0.00109,2.0,0.01227,kadidlo:2
bible_BKR_Pis.txt,royal_power,5,163,0.03067,5,1838,0.00272,6.0,0.03681,král:5
bible_BKR_Pis.txt,sacred_space,0,163,0.0,0,1838,0.0,0.0,0.0,
bible_BKR_Pis.txt,war_conflict,3,163,0.0184,4,1838,0.00218,4.0,0.02454,vojsko:2; boj:1; meč:1
bible_BKR_Pis.txt,wisdom,0,163,0.0,0,1838,0.0,0.0,0.0,
bible_BKR_Pis.txt,yhwh_elements,0,163,0.0,0,1838,0.0,0.0,0.0,
bible_BKR_Pl.txt,christian_elements,31,198,0.15657,31,2370,0.01308,34.5,0.17424,hospodin:31
bible_BKR_Pl.txt,covenant_law,1,198,0.00505,1,2370,0.00042,1.5,0.00758,zákon:1
bible_BKR_Pl.txt,divine,35,198,0.17677,36,2370,0.01519,39.2,0.19798,hospodin:31; modlitba:2; bůh:2; milost:1
bible_BKR_Pl.txt,divine_hierarchy,0,198,0.0,0,2370,0.0,0.0,0.0,
bible_BKR_Pl.txt,eschatology,1,198,0.00505,1,2370,0.00042,1.0,0.00505,věčnost:1
bible_BKR_Pl.txt,genealogy_lineage,0,198,0.0,0,2370,0.0,0.0,0.0,
bible_BKR_Pl.txt,kinship,24,198,0.12121,26,2370,0.01097,27.4,0.13838,dcera:18; syn:4; matka:2; otec:2
bible_BKR_Pl.txt,legal,3,198,0.01515,3,2370,0.00127,3.5,0.01768,zákon:1; svědek:1; spravedlnost:1
bible_BKR_Pl.txt,life_death,4,198,0.0202,4,2370,0.00169,3.7,0.01869,smrt:1; zemřít:1; živý:1; život:1
bible_BKR_Pl.txt,monotheism,32,198,0.16162,33,2370,0.01392,36.2,0.18283,hospodin:31; bůh:2
bible_BKR_Pl.txt,moral,9,198,0.04545,11,2370,0.00464,11.7,0.05909,dobrý:4; hřích:3; spravedlivý:2; pravda:1; zlý:1
bible_BKR_Pl.txt,prophetic_speech,4,198,0.0202,5,2370,0.00211,5.7,0.02879,prorok:4; vidění:1
bible_BKR_Pl.txt,ritual_sacrifice,7,198,0.03535,8,2370,0.00338,9.7,0.04899,kněz:6; oltář:1; krev:1
bible_BKR_Pl.txt,royal_power,5,198,0.02525,7,2370,0.00295,6.7,0.03384,kníže:2; král:2; království:1; panovat:1; stolice:1
bible_BKR_Pl.txt,sacred_space,3,198,0.01515,4,2370,0.00169,3.4,0.01717,svatyně:3; oltář:1
bible_BKR_Pl.txt,war_conflict,25,198,0.12626,25,2370,0.01055,28.9,0.14596,nepřítel:21; meč:4
bible_BKR_Pl.txt,wisdom,0,198,0.0,0,2370,0.0,0.0,0.0,
bible_BKR_Pl.txt,yhwh_elements,31,198,0.15657,31,2370,0.01308,34.5,0.17424,hospodin:31
bible_BKR_Pr.txt,christian_elements,87,940,0.09255,87,10007,0.00869,94.0,0.1,hospodin:87
bible_BKR_Pr.txt,covenant_law,7,940,0.00745,7,10007,0.0007,6.7,0.00713,zákon:5; smlouva:1; ustanovení:1
bible_BKR_Pr.txt,divine,112,940,0.11915,123,10007,0.01229,132.7,0.14117,hospodin:87; duch:12; bůh:9; milost:6; modlitba:3; sláva:3; svatý:1; stvořit:1; pán:1
bible_BKR_Pr.txt,divine_hierarchy,0,940,0.0,0,10007,0.0,0.0,0.0,
bible_BKR_Pr.txt,eschatology,5,940,0.00532,5,10007,0.0005,5.5,0.00585,peklo:4; poslední:1
bible_BKR_Pr.txt,genealogy_lineage,7,940,0.00745,7,10007,0.0007,7.5,0.00798,pokolení:4; zplodit:3
bible_BKR_Pr.txt,kinship,71,940,0.07553,94,10007,0.00939,99.2,0.10553,syn:46; otec:22; matka:14; bratr:7; žena:2; sestra:1; muž:1; dcera:1
bible_BKR_Pr.txt,legal,49,940,0.05213,55,10007,0.0055,61.1,0.065,spravedlnost:20; soud:16; svědek:9; zákon:5; vina:2; smlouva:1; nařízení:1; ustanovení:1
bible_BKR_Pr.txt,life_death,30,940,0.03191,35,10007,0.0035,35.7,0.03798,smrt:17; život:7; živý:6; mrtvý:4; věčný:1
bible_BKR_Pr.txt,monotheism,94,940,0.1,96,10007,0.00959,105.0,0.1117,hospodin:87; bůh:9
bible_BKR_Pr.txt,moral,205,940,0.21809,278,10007,0.02778,281.7,0.29968,spravedlivý:73; bezbožný:67; zlý:45; dobrý:34; milovat:20; nenávidět:12; pravda:11; hřích:10; lež:6
bible_BKR_Pr.txt,prophetic_speech,2,940,0.00213,2,10007,0.0002,2.5,0.00266,vidění:1; proroctví:1
bible_BKR_Pr.txt,ritual_sacrifice,5,940,0.00532,5,10007,0.0005,5.5,0.00585,oběť:4; kozel:1
bible_BKR_Pr.txt,royal_power,38,940,0.04043,44,10007,0.0044,47.1,0.05011,král:22; kníže:8; panovat:7; trůn:4; stolice:2; vládnout:1
bible_BKR_Pr.txt,sacred_space,0,940,0.0,0,10007,0.0,0.0,0.0,
bible_BKR_Pr.txt,war_conflict,11,940,0.0117,11,10007,0.0011,12.2,0.01298,boj:4; meč:3; nepřítel:2; zabít:1; bitva:1
bible_BKR_Pr.txt,wisdom,65,940,0.06915,81,10007,0.00809,83.5,0.08883,moudrost:42; rozumnost:19; naučení:12; rada:4; přísloví:3; poznání:1
bible_BKR_Pr.txt,yhwh_elements,87,940,0.09255,87,10007,0.00869,94.0,0.1,hospodin:87
bible_BKR_R.txt,christian_elements,70,516,0.13566,101,6267,0.01612,105.1,0.20368,kristus:47; ježíš:33; evangelium:11; církev:4; apoštol:3; ježíšův:1; křest:1; hospodin:1
bible_BKR_R.txt,covenant_law,60,516,0.11628,61,6267,0.00973,67.0,0.12984,zákon:58; smlouva:3
bible_BKR_R.txt,divine,174,516,0.33721,294,6267,0.04691,311.2,0.6031,bůh:82; kristus:47; ježíš:33; duch:30; víra:30; milost:24; pán:20; svatý:10; sláva:9; modlitba:3
bible_BKR_R.txt,divine_hierarchy,1,516,0.00194,1,6267,0.00016,1.0,0.00194,anděl:1
bible_BKR_R.txt,eschatology,4,516,0.00775,4,6267,0.00064,4.0,0.00775,vzkřísit:3; vzkříšení:1
bible_BKR_R.txt,genealogy_lineage,4,516,0.00775,4,6267,0.00064,4.0,0.00775,zplodit:2; prvorozený:1; pokolení:1
bible_BKR_R.txt,kinship,36,516,0.06977,37,6267,0.0059,37.4,0.07248,bratr:19; syn:7; otec:6; sestra:2; muž:1; žena:1; matka:1
bible_BKR_R.txt,legal,88,516,0.17054,96,6267,0.01532,105.5,0.20446,zákon:58; spravedlnost:27; smlouva:3; soud:3; právo:2; vina:2; svědek:1
bible_BKR_R.txt,life_death,55,516,0.10659,77,6267,0.01229,78.7,0.15252,smrt:21; živý:20; mrtvý:13; život:11; věčný:6; zemřít:5; vzkříšení:1
bible_BKR_R.txt,monotheism,84,516,0.16279,84,6267,0.0134,93.5,0.1812,bůh:82; stvořitel:1; hospodin:1
bible_BKR_R.txt,moral,80,516,0.15504,99,6267,0.0158,103.6,0.20078,hřích:37; dobrý:27; spravedlivý:11; zlý:11; pravda:7; milovat:3; lež:2; bezbožný:1
bible_BKR_R.txt,prophetic_speech,7,516,0.01357,7,6267,0.00112,7.5,0.01453,prorok:3; zjevení:3; proroctví:1
bible_BKR_R.txt,ritual_sacrifice,3,516,0.00581,3,6267,0.00048,3.0,0.00581,oběť:2; oltář:1
bible_BKR_R.txt,royal_power,8,516,0.0155,8,6267,0.00128,8.5,0.01647,panovat:6; stolice:1; království:1
bible_BKR_R.txt,sacred_space,1,516,0.00194,1,6267,0.00016,1.0,0.00194,oltář:1
bible_BKR_R.txt,war_conflict,8,516,0.0155,9,6267,0.00144,10.2,0.01977,nepřítel:3; zabít:2; meč:2; boj:2
bible_BKR_R.txt,wisdom,3,516,0.00581,3,6267,0.00048,3.0,0.00581,poznání:1; moudrost:1; naučení:1
bible_BKR_R.txt,yhwh_elements,1,516,0.00194,1,6267,0.00016,1.0,0.00194,hospodin:1
bible_BKR_Rt.txt,christian_elements,17,148,0.11486,17,1801,0.00944,20.0,0.13514,hospodin:17
bible_BKR_Rt.txt,covenant_law,0,148,0.0,0,1801,0.0,0.0,0.0,
bible_BKR_Rt.txt,divine,21,148,0.14189,22,1801,0.01222,24.7,0.16689,hospodin:17; bůh:3; milost:2
bible_BKR_Rt.txt,divine_hierarchy,0,148,0.0,0,1801,0.0,0.0,0.0,
bible_BKR_Rt.txt,eschatology,0,148,0.0,0,1801,0.0,0.0,0.0,
bible_BKR_Rt.txt,genealogy_lineage,5,148,0.03378,5,1801,0.00278,5.0,0.03378,zplodit:5
bible_BKR_Rt.txt,kinship,14,148,0.09459,19,1801,0.01055,20.2,0.13649,syn:7; muž:3; žena:3; matka:2; otec:2; bratr:2
bible_BKR_Rt.txt,legal,8,148,0.05405,8,1801,0.00444,7.4,0.05,právo:4; svědek:3; soudce:1
bible_BKR_Rt.txt,life_death,7,148,0.0473,8,1801,0.00444,8.0,0.05405,mrtvý:4; smrt:2; živý:2
bible_BKR_Rt.txt,monotheism,20,148,0.13514,22,1801,0.01222,26.0,0.17568,hospodin:17; bůh:3; všemohoucí:2
bible_BKR_Rt.txt,moral,2,148,0.01351,2,1801,0.00111,2.0,0.01351,dobrý:1; milovat:1
bible_BKR_Rt.txt,prophetic_speech,0,148,0.0,0,1801,0.0,0.0,0.0,
bible_BKR_Rt.txt,ritual_sacrifice,0,148,0.0,0,1801,0.0,0.0,0.0,
bible_BKR_Rt.txt,royal_power,0,148,0.0,0,1801,0.0,0.0,0.0,
bible_BKR_Rt.txt,sacred_space,0,148,0.0,0,1801,0.0,0.0,0.0,
bible_BKR_Rt.txt,war_conflict,0,148,0.0,0,1801,0.0,0.0,0.0,
bible_BKR_Rt.txt,wisdom,0,148,0.0,0,1801,0.0,0.0,0.0,
bible_BKR_Rt.txt,yhwh_elements,17,148,0.11486,17,1801,0.00944,20.0,0.13514,hospodin:17
bible_BKR_Sd.txt,christian_elements,147,888,0.16554,147,12827,0.01146,163.7,0.18435,hospodin:147
bible_BKR_Sd.txt,covenant_law,5,888,0.00563,5,12827,0.00039,4.7,0.00529,smlouva:4; zákon:1
bible_BKR_Sd.txt,divine,188,888,0.21171,218,12827,0.017,242.2,0.27275,hospodin:147; bůh:57; duch:9; milost:3; sláva:1; modlit:1
bible_BKR_Sd.txt,divine_hierarchy,21,888,0.02365,21,12827,0.00164,27.7,0.03119,anděl:21
bible_BKR_Sd.txt,eschatology,0,888,0.0,0,12827,0.0,0.0,0.0,
bible_BKR_Sd.txt,genealogy_lineage,22,888,0.02477,23,12827,0.00179,23.7,0.02669,pokolení:20; rod:1; prvorozený:1; zplodit:1
bible_BKR_Sd.txt,kinship,181,888,0.20383,223,12827,0.01739,253.1,0.28502,syn:102; otec:38; bratr:23; dcera:15; muž:15; matka:14; žena:14; rod:1; sestra:1
bible_BKR_Sd.txt,legal,13,888,0.01464,14,12827,0.00109,15.4,0.01734,soudce:5; smlouva:4; přestoupit:1; soud:1; spravedlnost:1; zákon:1; svědek:1
bible_BKR_Sd.txt,life_death,15,888,0.01689,17,12827,0.00133,17.5,0.01971,smrt:6; mrtvý:5; živý:3; zemřít:2; život:1
bible_BKR_Sd.txt,monotheism,185,888,0.20833,204,12827,0.0159,225.2,0.2536,hospodin:147; bůh:57
bible_BKR_Sd.txt,moral,25,888,0.02815,27,12827,0.0021,27.0,0.03041,zlý:16; dobrý:5; milovat:2; pravda:1; nenávidět:1; lež:1; bezbožný:1
bible_BKR_Sd.txt,prophetic_speech,2,888,0.00225,2,12827,0.00016,1.7,0.00191,prorokyně:1; prorok:1
bible_BKR_Sd.txt,ritual_sacrifice,36,888,0.04054,49,12827,0.00382,48.3,0.05439,kněz:14; oltář:10; oběť:10; zápalný:7; efod:6; posvětit:2
bible_BKR_Sd.txt,royal_power,62,888,0.06982,63,12827,0.00491,66.9,0.07534,král:36; kníže:16; panovat:6; vládnout:3; stolice:1; království:1
bible_BKR_Sd.txt,sacred_space,13,888,0.01464,13,12827,0.00101,12.0,0.01351,oltář:10; chrám:3
bible_BKR_Sd.txt,war_conflict,78,888,0.08784,83,12827,0.00647,83.3,0.09381,vojsko:25; meč:17; boj:12; nepřítel:9; pobít:8; zabít:5; bitva:4; válka:3
bible_BKR_Sd.txt,wisdom,0,888,0.0,0,12827,0.0,0.0,0.0,
bible_BKR_Sd.txt,yhwh_elements,147,888,0.16554,147,12827,0.01146,163.7,0.18435,hospodin:147
bible_BKR_Sf.txt,christian_elements,30,75,0.4,30,1020,0.02941,34.7,0.46267,hospodin:30
bible_BKR_Sf.txt,covenant_law,1,75,0.01333,1,1020,0.00098,1.0,0.01333,zákon:1
bible_BKR_Sf.txt,divine,30,75,0.4,34,1020,0.03333,38.7,0.516,hospodin:30; bůh:4
bible_BKR_Sf.txt,divine_hierarchy,0,75,0.0,0,1020,0.0,0.0,0.0,
bible_BKR_Sf.txt,eschatology,0,75,0.0,0,1020,0.0,0.0,0.0,
bible_BKR_Sf.txt,genealogy_lineage,0,75,0.0,0,1020,0.0,0.0,0.0,
bible_BKR_Sf.txt,kinship,2,75,0.02667,2,1020,0.00196,2.0,0.02667,syn:1; dcera:1
bible_BKR_Sf.txt,legal,7,75,0.09333,7,1020,0.00686,7.2,0.096,soud:4; spravedlnost:1; soudce:1; zákon:1
bible_BKR_Sf.txt,life_death,1,75,0.01333,1,1020,0.00098,1.0,0.01333,živý:1
bible_BKR_Sf.txt,monotheism,30,75,0.4,34,1020,0.03333,38.7,0.516,hospodin:30; bůh:4
bible_BKR_Sf.txt,moral,4,75,0.05333,4,1020,0.00392,4.5,0.06,bezbožný:1; spravedlivý:1; lež:1; zlý:1
bible_BKR_Sf.txt,prophetic_speech,1,75,0.01333,1,1020,0.00098,1.0,0.01333,prorok:1
bible_BKR_Sf.txt,ritual_sacrifice,4,75,0.05333,4,1020,0.00392,4.5,0.06,kněz:2; oběť:2
bible_BKR_Sf.txt,royal_power,4,75,0.05333,4,1020,0.00392,3.9,0.052,král:2; kníže:1; království:1
bible_BKR_Sf.txt,sacred_space,0,75,0.0,0,1020,0.0,0.0,0.0,
bible_BKR_Sf.txt,war_conflict,3,75,0.04,3,1020,0.00294,2.7,0.036,vojsko:1; meč:1; nepřítel:1
bible_BKR_Sf.txt,wisdom,0,75,0.0,0,1020,0.0,0.0,0.0,
bible_BKR_Sf.txt,yhwh_elements,30,75,0.4,30,1020,0.02941,34.7,0.46267,hospodin:30
bible_BKR_Sk.txt,christian_elements,117,1156,0.10121,152,17263,0.0088,150.2,0.12993,ježíš:65; kristus:28; církev:18; apoštol:14; evangelium:7; apoštolský:5; křtít:4; ukřižovat:2; ježíšův:2; spasitel:2
bible_BKR_Sk.txt,covenant_law,25,1156,0.02163,26,17263,0.00151,25.4,0.02197,zákon:21; ustanovení:4; smlouva:1
bible_BKR_Sk.txt,divine,248,1156,0.21453,402,17263,0.02329,424.8,0.36747,bůh:109; duch:67; ježíš:65; svatý:45; pán:32; kristus:28; víra:18; milost:14; modlit:12; modlitba:7
bible_BKR_Sk.txt,divine_hierarchy,20,1156,0.0173,20,17263,0.00116,24.2,0.02093,anděl:20
bible_BKR_Sk.txt,eschatology,23,1156,0.0199,24,17263,0.00139,24.5,0.02119,vzkřísit:10; vzkříšení:9; poslední:3; peklo:2
bible_BKR_Sk.txt,genealogy_lineage,15,1156,0.01298,16,17263,0.00093,16.2,0.01401,pokolení:7; rod:5; zplodit:3; předek:1
bible_BKR_Sk.txt,kinship,94,1156,0.08131,112,17263,0.00649,118.4,0.10242,bratr:49; otec:19; syn:18; žena:8; muž:8; matka:4; dcera:3; rod:2; sestra:1
bible_BKR_Sk.txt,legal,56,1156,0.04844,60,17263,0.00348,61.3,0.05303,zákon:21; svědek:14; soud:7; soudce:6; ustanovení:4; spravedlnost:4; vina:3; smlouva:1
bible_BKR_Sk.txt,life_death,43,1156,0.0372,53,17263,0.00307,52.6,0.0455,mrtvý:19; živý:10; vzkříšení:9; smrt:9; život:4; věčný:2
bible_BKR_Sk.txt,monotheism,109,1156,0.09429,110,17263,0.00637,126.1,0.10908,bůh:109; hospodin:1
bible_BKR_Sk.txt,moral,31,1156,0.02682,32,17263,0.00185,31.7,0.02742,zlý:9; dobrý:8; hřích:7; spravedlivý:6; pravda:2
bible_BKR_Sk.txt,prophetic_speech,42,1156,0.03633,43,17263,0.00249,44.0,0.03806,prorok:28; vidění:14; prorokyně:1
bible_BKR_Sk.txt,ritual_sacrifice,31,1156,0.02682,33,17263,0.00191,36.9,0.03192,kněz:25; oběť:5; beránek:1; oltář:1; posvětit:1
bible_BKR_Sk.txt,royal_power,49,1156,0.04239,51,17263,0.00295,52.9,0.04576,král:19; kníže:13; království:9; stolice:9; vládnout:1
bible_BKR_Sk.txt,sacred_space,16,1156,0.01384,16,17263,0.00093,15.1,0.01306,chrám:15; oltář:1
bible_BKR_Sk.txt,war_conflict,21,1156,0.01817,22,17263,0.00127,22.2,0.0192,vojsko:9; zabít:8; nepřítel:2; meč:2; boj:1
bible_BKR_Sk.txt,wisdom,4,1156,0.00346,4,17263,0.00023,4.0,0.00346,moudrost:4
bible_BKR_Sk.txt,yhwh_elements,1,1156,0.00087,1,17263,6e-05,1.0,0.00087,hospodin:1
bible_BKR_Tit.txt,christian_elements,5,37,0.13514,10,653,0.01531,10.0,0.27027,spasitel:5; ježíš:3; kristus:1; apoštol:1
bible_BKR_Tit.txt,covenant_law,1,37,0.02703,1,653,0.00153,1.0,0.02703,zákon:1
bible_BKR_Tit.txt,divine,11,37,0.2973,24,653,0.03675,24.5,0.66216,bůh:6; víra:4; milost:4; ježíš:3; pán:2; kristus:1; sláva:1; svatý:1; spasit:1; duch:1
bible_BKR_Tit.txt,divine_hierarchy,0,37,0.0,0,653,0.0,0.0,0.0,
bible_BKR_Tit.txt,eschatology,0,37,0.0,0,653,0.0,0.0,0.0,
bible_BKR_Tit.txt,genealogy_lineage,1,37,0.02703,1,653,0.00153,1.0,0.02703,rod:1
bible_BKR_Tit.txt,kinship,1,37,0.02703,1,653,0.00153,1.0,0.02703,muž:1
bible_BKR_Tit.txt,legal,3,37,0.08108,3,653,0.00459,3.0,0.08108,spravedlnost:1; soud:1; zákon:1
bible_BKR_Tit.txt,life_death,3,37,0.08108,5,653,0.00766,5.0,0.13514,věčný:2; život:2; živý:1
bible_BKR_Tit.txt,monotheism,6,37,0.16216,6,653,0.00919,6.0,0.16216,bůh:6
bible_BKR_Tit.txt,moral,12,37,0.32432,14,653,0.02144,14.0,0.37838,dobrý:7; pravda:2; zlý:2; milovat:2; spravedlivý:1
bible_BKR_Tit.txt,prophetic_speech,1,37,0.02703,1,653,0.00153,1.5,0.04054,prorok:1
bible_BKR_Tit.txt,ritual_sacrifice,0,37,0.0,0,653,0.0,0.0,0.0,
bible_BKR_Tit.txt,royal_power,1,37,0.02703,1,653,0.00153,1.0,0.02703,kníže:1
bible_BKR_Tit.txt,sacred_space,0,37,0.0,0,653,0.0,0.0,0.0,
bible_BKR_Tit.txt,war_conflict,0,37,0.0,0,653,0.0,0.0,0.0,
bible_BKR_Tit.txt,wisdom,0,37,0.0,0,653,0.0,0.0,0.0,
bible_BKR_Tit.txt,yhwh_elements,0,37,0.0,0,653,0.0,0.0,0.0,
bible_BKR_Z.txt,christian_elements,652,2813,0.23178,654,30957,0.02113,719.5,0.25578,hospodin:648; spasitel:4; vykupitel:2
bible_BKR_Z.txt,covenant_law,80,2813,0.02844,84,30957,0.00271,85.1,0.03025,zákon:34; ustanovení:29; smlouva:21
bible_BKR_Z.txt,divine,980,2813,0.34838,1167,30957,0.0377,1259.2,0.44764,hospodin:648; bůh:368; modlitba:33; svatý:27; sláva:25; duch:25; pán:12; milost:11; modlit:7; stvořit:5
bible_BKR_Z.txt,divine_hierarchy,10,2813,0.00355,10,30957,0.00032,10.7,0.0038,anděl:9; cherubín:1
bible_BKR_Z.txt,eschatology,12,2813,0.00427,12,30957,0.00039,12.0,0.00427,peklo:7; věčnost:3; poslední:2
bible_BKR_Z.txt,genealogy_lineage,24,2813,0.00853,24,30957,0.00078,24.4,0.00867,pokolení:9; potomek:6; prvorozený:5; předek:2; zplodit:1; rod:1
bible_BKR_Z.txt,kinship,76,2813,0.02702,83,30957,0.00268,86.4,0.03071,syn:47; matka:13; otec:9; dcera:8; bratr:5; žena:1
bible_BKR_Z.txt,legal,212,2813,0.07536,234,30957,0.00756,245.7,0.08734,spravedlnost:77; soud:54; zákon:34; ustanovení:29; smlouva:21; soudce:7; právo:6; svědek:3; řád:2; potrestat:1
bible_BKR_Z.txt,life_death,113,2813,0.04017,118,30957,0.00381,120.8,0.04294,věčný:43; smrt:28; živý:24; život:14; mrtvý:7; zemřít:2
bible_BKR_Z.txt,monotheism,929,2813,0.33025,1019,30957,0.03292,1109.5,0.39442,hospodin:648; bůh:368; všemohoucí:2; stvořitel:1
bible_BKR_Z.txt,moral,284,2813,0.10096,316,30957,0.01021,321.2,0.11418,spravedlivý:60; dobrý:50; pravda:48; zlý:42; milovat:35; bezbožný:31; nenávidět:20; hřích:19; lež:11
bible_BKR_Z.txt,prophetic_speech,4,2813,0.00142,4,30957,0.00013,4.0,0.00142,prorok:3; vidění:1
bible_BKR_Z.txt,ritual_sacrifice,30,2813,0.01066,34,30957,0.0011,32.6,0.01159,oběť:20; oltář:5; kněz:5; krev:2; zápalný:1; beránek:1
bible_BKR_Z.txt,royal_power,109,2813,0.03875,116,30957,0.00375,121.8,0.0433,král:57; trůn:14; kníže:13; panovat:12; království:10; stolice:5; vládnout:5
bible_BKR_Z.txt,sacred_space,24,2813,0.00853,25,30957,0.00081,24.7,0.00878,svatyně:12; chrám:8; oltář:5
bible_BKR_Z.txt,war_conflict,147,2813,0.05226,151,30957,0.00488,160.0,0.05688,nepřítel:97; meč:18; boj:14; vojsko:8; válka:6; pobít:4; zabít:3; bitva:1
bible_BKR_Z.txt,wisdom,20,2813,0.00711,21,30957,0.00068,22.0,0.00782,moudrost:7; rozumnost:7; rada:4; přísloví:3
bible_BKR_Z.txt,yhwh_elements,648,2813,0.23036,648,30957,0.02093,713.5,0.25364,hospodin:648
bible_BKR_Za.txt,christian_elements,103,270,0.38148,103,4022,0.02561,132.5,0.49074,hospodin:103
bible_BKR_Za.txt,covenant_law,3,270,0.01111,3,4022,0.00075,2.7,0.01,smlouva:2; zákon:1
bible_BKR_Za.txt,divine,109,270,0.4037,127,4022,0.03158,155.9,0.57741,hospodin:103; bůh:11; duch:6; sláva:3; svatý:2; milost:2
bible_BKR_Za.txt,divine_hierarchy,19,270,0.07037,19,4022,0.00472,24.0,0.08889,anděl:19
bible_BKR_Za.txt,eschatology,0,270,0.0,0,4022,0.0,0.0,0.0,
bible_BKR_Za.txt,genealogy_lineage,4,270,0.01481,4,4022,0.00099,4.0,0.01481,zplodit:2; pokolení:1; prvorozený:1
bible_BKR_Za.txt,kinship,7,270,0.02593,8,4022,0.00199,9.0,0.03333,otec:3; syn:2; matka:2; dcera:1
bible_BKR_Za.txt,legal,6,270,0.02222,6,4022,0.00149,5.7,0.02111,soud:2; smlouva:2; zákon:1; spravedlnost:1
bible_BKR_Za.txt,life_death,4,270,0.01481,4,4022,0.00099,4.0,0.01481,živý:4
bible_BKR_Za.txt,monotheism,106,270,0.39259,114,4022,0.02834,143.5,0.53148,hospodin:103; bůh:11
bible_BKR_Za.txt,moral,13,270,0.04815,15,4022,0.00373,15.0,0.05556,zlý:4; pravda:3; milovat:3; dobrý:2; spravedlivý:1; lež:1; hřích:1
bible_BKR_Za.txt,prophetic_speech,12,270,0.04444,13,4022,0.00323,13.5,0.05,prorok:12; vidění:1
bible_BKR_Za.txt,ritual_sacrifice,9,270,0.03333,9,4022,0.00224,8.7,0.03222,kněz:6; oltář:2; krev:1
bible_BKR_Za.txt,royal_power,9,270,0.03333,10,4022,0.00249,11.0,0.04074,král:8; trůn:1; panovat:1
bible_BKR_Za.txt,sacred_space,6,270,0.02222,6,4022,0.00149,5.4,0.02,chrám:4; oltář:2
bible_BKR_Za.txt,war_conflict,8,270,0.02963,8,4022,0.00199,8.0,0.02963,meč:3; boj:3; nepřítel:1; vojsko:1
bible_BKR_Za.txt,wisdom,1,270,0.0037,1,4022,0.00025,1.0,0.0037,rada:1
bible_BKR_Za.txt,yhwh_elements,103,270,0.38148,103,4022,0.02561,132.5,0.49074,hospodin:103
bible_BKR_Zd.txt,christian_elements,21,294,0.07143,26,4719,0.00551,29.2,0.09932,kristus:12; ježíš:11; ježíšův:1; kříž:1; církev:1
bible_BKR_Zd.txt,covenant_law,26,294,0.08844,29,4719,0.00615,31.5,0.10714,zákon:16; smlouva:12; ustanovení:1
bible_BKR_Zd.txt,divine,88,294,0.29932,116,4719,0.02458,128.0,0.43537,bůh:47; víra:13; duch:12; kristus:12; ježíš:11; svatý:7; milost:7; pán:3; sláva:2; modlitba:1
bible_BKR_Zd.txt,divine_hierarchy,12,294,0.04082,12,4719,0.00254,11.9,0.04048,anděl:12
bible_BKR_Zd.txt,eschatology,5,294,0.01701,5,4719,0.00106,5.0,0.01701,vzkříšení:2; vzkřísit:2; poslední:1
bible_BKR_Zd.txt,genealogy_lineage,12,294,0.04082,12,4719,0.00254,12.2,0.0415,prvorozený:3; pokolení:3; zplodit:2; rod:2; předek:1; potomek:1
bible_BKR_Zd.txt,kinship,25,294,0.08503,30,4719,0.00636,30.9,0.1051,syn:11; bratr:9; otec:6; rod:2; matka:1; dcera:1
bible_BKR_Zd.txt,legal,42,294,0.14286,49,4719,0.01038,50.9,0.17313,zákon:16; smlouva:12; řád:7; spravedlnost:6; soud:3; svědek:2; ustanovení:1; soudce:1; právo:1
bible_BKR_Zd.txt,life_death,28,294,0.09524,36,4719,0.00763,36.4,0.12381,živý:11; smrt:7; věčný:7; mrtvý:6; vzkříšení:2; zemřít:2; život:1
bible_BKR_Zd.txt,monotheism,47,294,0.15986,47,4719,0.00996,54.5,0.18537,bůh:47
bible_BKR_Zd.txt,moral,38,294,0.12925,41,4719,0.00869,40.7,0.13844,hřích:22; dobrý:7; spravedlivý:5; zlý:3; milovat:2; nepravost:1; pravda:1
bible_BKR_Zd.txt,prophetic_speech,2,294,0.0068,2,4719,0.00042,2.0,0.0068,prorok:2
bible_BKR_Zd.txt,ritual_sacrifice,49,294,0.16667,59,4719,0.0125,61.4,0.20884,kněz:27; oběť:18; krev:8; posvětit:2; oltář:2; kadidlnice:1; zápalný:1
bible_BKR_Zd.txt,royal_power,9,294,0.03061,10,4719,0.00212,10.7,0.03639,království:3; trůn:3; král:2; stolice:1; panovat:1
bible_BKR_Zd.txt,sacred_space,12,294,0.04082,12,4719,0.00254,11.7,0.0398,svatyně:10; oltář:2
bible_BKR_Zd.txt,war_conflict,8,294,0.02721,10,4719,0.00212,10.4,0.03537,boj:4; meč:3; nepřítel:2; vojsko:1
bible_BKR_Zd.txt,wisdom,0,294,0.0,0,4719,0.0,0.0,0.0,
bible_BKR_Zd.txt,yhwh_elements,0,294,0.0,0,4719,0.0,0.0,0.0,
bible_BKR_Zj.txt,christian_elements,33,532,0.06203,38,7809,0.00487,40.2,0.07556,církev:16; kristus:8; ježíš:7; ježíšův:5; evangelium:1; apoštol:1
bible_BKR_Zj.txt,covenant_law,2,532,0.00376,2,7809,0.00026,2.0,0.00376,smlouva:1; ustanovení:1
bible_BKR_Zj.txt,divine,92,532,0.17293,126,7809,0.01614,135.7,0.25508,bůh:54; duch:23; kristus:8; sláva:8; pán:8; ježíš:7; svatý:7; víra:3; modlitba:3; milost:2
bible_BKR_Zj.txt,divine_hierarchy,72,532,0.13534,72,7809,0.00922,79.7,0.14981,anděl:72
bible_BKR_Zj.txt,eschatology,14,532,0.02632,14,7809,0.00179,15.0,0.0282,poslední:7; peklo:4; vzkříšení:2; armageddon:1
bible_BKR_Zj.txt,genealogy_lineage,15,532,0.0282,15,7809,0.00192,15.0,0.0282,pokolení:13; prvorozený:1; rod:1
bible_BKR_Zj.txt,kinship,17,532,0.03195,18,7809,0.00231,17.1,0.03214,syn:6; bratr:5; otec:4; žena:2; muž:1
bible_BKR_Zj.txt,legal,9,532,0.01692,9,7809,0.00115,9.5,0.01786,svědek:4; soud:2; smlouva:1; ustanovení:1; právo:1
bible_BKR_Zj.txt,life_death,43,532,0.08083,48,7809,0.00615,49.9,0.0938,smrt:14; mrtvý:13; živý:12; život:3; zemřít:3; vzkříšení:2; věčný:1
bible_BKR_Zj.txt,monotheism,55,532,0.10338,63,7809,0.00807,65.5,0.12312,bůh:54; všemohoucí:9
bible_BKR_Zj.txt,moral,14,532,0.02632,15,7809,0.00192,15.0,0.0282,spravedlivý:5; milovat:4; hřích:2; lež:2; zlý:1; nenávidět:1
bible_BKR_Zj.txt,prophetic_speech,21,532,0.03947,21,7809,0.00269,22.0,0.04135,prorok:11; proroctví:7; zjevení:1; prorokyně:1; vidění:1
bible_BKR_Zj.txt,ritual_sacrifice,29,532,0.05451,33,7809,0.00423,34.6,0.06504,beránek:17; oltář:8; kněz:3; krev:2; kadidlnice:2; kadidlo:1
bible_BKR_Zj.txt,royal_power,63,532,0.11842,69,7809,0.00884,70.2,0.13195,trůn:34; král:19; království:8; stolice:4; kníže:3; vládnout:1
bible_BKR_Zj.txt,sacred_space,19,532,0.03571,20,7809,0.00256,19.7,0.03703,chrám:12; oltář:8
bible_BKR_Zj.txt,war_conflict,19,532,0.03571,20,7809,0.00256,21.4,0.04023,meč:9; boj:5; vojsko:2; nepřítel:2; válka:1; zabít:1
bible_BKR_Zj.txt,wisdom,4,532,0.00752,4,7809,0.00051,4.0,0.00752,moudrost:4
bible_BKR_Zj.txt,yhwh_elements,0,532,0.0,0,7809,0.0,0.0,0.0,
