sentence_id,file_name,elements,matched_words,sentence
2,bible_BKR_1J.txt,kinship; life_death,otec; věčný; život,"(Nebo ten život zjeven jest, a my jsme viděli, a svědčíme, i zvěstujeme vám ten život věčný, kterýž byl u Otce, a zjeven jest nám),"
3,bible_BKR_1J.txt,christian_elements; divine; kinship,ježíš; ježíš; otec,"Což jsme viděli a slyšeli, zvěstujeme vám, abyste i vy s námi obecenství měli, a obecenství naše aby bylo s Otcem i s Synem jeho Jezukristem."
5,bible_BKR_1J.txt,divine; monotheism,bůh; bůh,"Toť jest tedy zvěstování to, kteréž jsme slýchali od něho, a zvěstujeme vám: Že Bůh jest světlo, a tmy v něm nižádné není."
6,bible_BKR_1J.txt,moral,pravda,"Díme-li, že s ním obecenství máme, a ve tmě chodíme, lžeme, a nečiníme pravdy."
7,bible_BKR_1J.txt,christian_elements; divine; moral,hřích; ježíš; ježíš; kristus; kristus,"Pakliť chodíme v světle, jako on jest v světle, obecenství máme vespolek, a krev Krista Ježíše Syna jeho očišťuje nás od všelikého hříchu."
8,bible_BKR_1J.txt,moral,hřích; pravda,"Pakliť díme, že hříchu nemáme, sami se svodíme, a pravdy v nás není."
9,bible_BKR_1J.txt,divine; monotheism; moral,bůh; bůh; hřích; nepravost; spravedlivý,"Jestliže pak budeme vyznávati hříchy své, věrnýť jest Bůh a spravedlivý, aby nám odpustil hříchy, a očistil nás od všeliké nepravosti."
11,bible_BKR_1J.txt,christian_elements; divine; kinship; moral,ježíš; ježíš; kristus; kristus; otec; spravedlivý,"Synáčkové moji, totoť vám píši, abyste nehřešili. Pakliť by kdo zhřešil, přímluvci máme u Otce, Ježíše Krista spravedlivého."
12,bible_BKR_1J.txt,moral; ritual_sacrifice,hřích; oběť,"A onť jest obět slitování za hříchy naše, a netoliko za naše, ale i za všeho světa."
14,bible_BKR_1J.txt,moral,pravda,"Dí-liť kdo: Znám jej, a přikázaní jeho neostříhá, lhářť jest, a pravdy v něm není."
26,bible_BKR_1J.txt,kinship,otec,"Nebo všecko, což jest na světě, jako žádost těla, a žádost očí, a pýcha života, toť není z Otce, ale jest z světa."
28,bible_BKR_1J.txt,eschatology,antikrist; poslední,"Dítky, poslední hodina jest, a jakož jste slýchali, že antikrist přijíti má, i nyníť antikristové mnozí povstali. Odkudž známe, že poslední hodina jest."
31,bible_BKR_1J.txt,moral,lež; pravda,"Nepsal jsem vám, proto že byste neznali pravdy, ale že ji znáte, a že všeliká lež není z pravdy."
32,bible_BKR_1J.txt,christian_elements; divine; eschatology; kinship,antikrist; ježíš; ježíš; kristus; kristus; otec,"A kdo jest lhář? Není-li ten, kdož zapírá, že by Ježíš nebyl Kristus? Tenť jest antikrist, kdož zapírá Otce i Syna."
33,bible_BKR_1J.txt,kinship,otec; syn,"Každý kdož zapírá Syna, nemáť ani Otce."
34,bible_BKR_1J.txt,kinship,otec; syn,"A protož zůstaniž v vás to, což jste slýchali od počátku. Zůstane-liť v vás to, co jste slýchali od počátku, i vy také v Synu i v Otci zůstanete."
35,bible_BKR_1J.txt,life_death,věčný; život,"A toť jest to zaslíbení, kteréž on nám zaslíbil, totiž ten život věčný."
39,bible_BKR_1J.txt,legal; moral,spravedlivý; spravedlnost,"Poněvadž víte, že on spravedlivý jest, znejtež také, že každý, kdož činí spravedlnost, z něho jest narozen."
41,bible_BKR_1K.txt,christian_elements; divine; kinship,apoštol; bratr; ježíš; ježíš; kristus; kristus,"Pavel, povolaný apoštol Ježíše Krista, skrze vůli Boží, a bratr Sostenes,"
42,bible_BKR_1K.txt,christian_elements; divine,ježíš; ježíš; kristus; kristus,"Církvi Boží, kteráž jest v Korintu, posvěceným v Kristu Ježíši, povolaným svatým, spolu se všechněmi, kteříž vzývají jméno Pána našeho Jezukrista na všelikém místě, i jejich i našem:"
43,bible_BKR_1K.txt,christian_elements; divine; monotheism,bůh; bůh; ježíš; ježíš; milost,Milost vám a pokoj od Boha Otce našeho a Pána Jezukrista.
44,bible_BKR_1K.txt,christian_elements; divine; monotheism,bůh; bůh; ježíš; ježíš; kristus; kristus; milost,"Děkuji Bohu svému vždycky z vás pro tu milost Boží, kteráž dána jest vám v Kristu Ježíši,"
46,bible_BKR_1K.txt,christian_elements; divine,kristus; kristus,"Jakož svědectví Kristovo upevněno jest mezi vámi,"
47,bible_BKR_1K.txt,christian_elements; divine; prophetic_speech,ježíš; ježíš; zjevení,"Tak že, nemáte žádného nedostatku v žádném daru, očekávajíce zjevení Pána našeho Jezukrista,"
48,bible_BKR_1K.txt,christian_elements; divine,ježíš; ježíš,Kterýž i utvrdí vás až do konce bez ouhony ke dni Pána našeho Jezukrista.
49,bible_BKR_1K.txt,christian_elements; divine; monotheism,bůh; bůh; ježíš; ježíš,"Věrnýť jest Bůh, skrze něhož povoláni jste k účastenství Syna jeho Jezukrista, Pána našeho."
50,bible_BKR_1K.txt,christian_elements; divine,ježíš; ježíš,"Prosímť pak vás, bratří, skrze jméno Pána našeho Jezukrista, abyste jednostejně mluvili všickni, a aby nebylo mezi vámi roztržek, ale buďte spojeni jednostejnou myslí, a jednostejným smyslem."
52,bible_BKR_1K.txt,christian_elements; divine,kristus; kristus,"Míním pak toto, že jeden každý z vás říká: Já jsem Pavlův, já Apollův, já Petrův, já pak Kristův."
53,bible_BKR_1K.txt,christian_elements; divine,kristus; kristus,Rozdělen-liž jest Kristus? Zdali Pavel ukřižován jest za vás? aneb zdali jste ve jménu Pavlovu pokřtěni byli?
54,bible_BKR_1K.txt,divine; monotheism,bůh; bůh,"Děkuji Bohu, že jsem žádného z vás nekřtil, než Krispa a Gáia,"
57,bible_BKR_1K.txt,christian_elements; divine; wisdom,evangelium; kristus; kristus; kříž; moudrost,"Nebo neposlal mne Kristus křtíti, ale evangelium kázati, ne v moudrosti řeči, aby nebyl vyprázdněn kříž Kristův."
59,bible_BKR_1K.txt,wisdom,moudrost,"Nebo psáno jest: Zahladím moudrost moudrých, a opatrnost opatrných zavrhu."
60,bible_BKR_1K.txt,divine; monotheism; wisdom,bůh; bůh; moudrost,Kde jest moudrý? A kde učený? A kde chytrák tohoto světa? Zdaliž Bůh neobrátil moudrosti tohoto světa v bláznovství?
61,bible_BKR_1K.txt,divine; monotheism; wisdom,bůh; bůh; moudrost,"Nebo když v moudrosti Boží svět nepoznal skrze moudrost Boha, zalíbilo se Bohu skrze bláznové kázaní spasiti věřící,"
62,bible_BKR_1K.txt,wisdom,moudrost,"Poněvadž i Židé zázraků žádají, i Řekové hledají moudrosti."
63,bible_BKR_1K.txt,christian_elements; divine,kristus; kristus,"Myť pak kážeme Krista ukřižovaného, Židům zajisté pohoršení, a Řekům bláznovství,"
64,bible_BKR_1K.txt,christian_elements; divine; wisdom,kristus; kristus; moudrost,"Ale povolaným i Židům i Řekům Krista, Boží moc a Boží moudrost."
67,bible_BKR_1K.txt,divine; monotheism,bůh; bůh,"Ale což bláznivého jest u světa, to vyvolil Bůh, aby zahanbil moudré, a to, což jest u světa mdlé, vyvolil Bůh, aby zahanbil silné."
68,bible_BKR_1K.txt,divine; monotheism,bůh; bůh,"A neurozené u světa a za nic položené vyvolil Bůh, anobrž kteréž nejsou, aby ty věci, kteréž jsou, zahladil,"
70,bible_BKR_1K.txt,christian_elements; divine; legal; monotheism; wisdom,bůh; bůh; ježíš; ježíš; kristus; kristus; moudrost; spravedlnost,"Vy pak jste z něho v Kristu Ježíši, kterýž učiněn jest nám moudrost od Boha, i spravedlnost, i posvěcení, i vykoupení,"
72,bible_BKR_1K.txt,wisdom,moudrost,"I já přišed k vám, bratří, nepřišel jsem s důstojností řeči neb moudrosti, zvěstuje vám svědectví Boží."
73,bible_BKR_1K.txt,christian_elements; divine,ježíš; ježíš; kristus; kristus,"Nebo tak jsem usoudil nic jiného neuměti mezi vámi, nežli Ježíše Krista, a to toho ukřižovaného."
75,bible_BKR_1K.txt,divine; wisdom,duch; moudrost,"A řeč má a kázaní mé nebylo v slibných lidské moudrosti řečech, ale v dokázaní Ducha a moci,"
76,bible_BKR_1K.txt,divine; wisdom,moudrost; víra,"Aby víra vaše nebyla na moudrosti lidské založena, ale na moci Boží."
77,bible_BKR_1K.txt,wisdom,moudrost,"Moudrost pak mluvíme mezi dokonalými, ale moudrost ne tohoto světa, ani knížat světa tohoto, kteráž hynou."
78,bible_BKR_1K.txt,divine; monotheism; wisdom,bůh; bůh; moudrost,"Ale mluvíme tu moudrost Boží v tajemství skrytou, kterouž Bůh předuložil před věky k slávě naší,"
80,bible_BKR_1K.txt,divine; monotheism,bůh; bůh,"Ale jakož psáno jest: Čeho oko nevídalo, ani ucho neslýchalo, ani na srdce lidské nevstoupilo, co připravil Bůh těm, kteříž jej milují."
81,bible_BKR_1Kr.txt,royal_power,král,"Král pak David sstaral se a sešel věkem, a ačkoli jej šaty přikrývali, však nemohl se zahřívati."
82,bible_BKR_1Kr.txt,royal_power,král,"I řekli jemu služebníci jeho: Nechť pohledají pánu našemu králi děvečky panny, kteráž by byla při králi a opatrovala jej, a aby spala v lůnu jeho, a zahřívala pána našeho krále."
83,bible_BKR_1Kr.txt,royal_power,král,"A protož hledajíce děvečky krásné ve všech končinách Izraelských, nalezli Abizag Sunamitskou, a přivedli ji k králi."
84,bible_BKR_1Kr.txt,royal_power,král,"Kterážto děvečka byla velmi krásná. I opatrovala krále a přisluhovala jemu, ale král jí nepoznal."
85,bible_BKR_1Kr.txt,kinship,syn,"Adoniáš pak syn Haggity pozdvihoval se, říkaje: Jáť budu kralovati. I najednal sobě vozů a jezdců, a padesáte mužů, kteříž by běhali před ním."
86,bible_BKR_1Kr.txt,kinship,otec,"A nikdy ho nezarmoutil otec jeho, aby řekl: Proč jsi to učinil? Nebo byl i on velmi krásné postavy, kteréhož porodila po Absolonovi."
88,bible_BKR_1Kr.txt,kinship; prophetic_speech; ritual_sacrifice,kněz; prorok; syn,"Ale Sádoch kněz a Banaiáš syn Joiadův, též Nátan prorok a Simei i Rehi, a jiní přednější, kteréž měl David, nebyli s Adoniášem."
91,bible_BKR_1Kr.txt,kinship,syn,"I mluvil Nátan k Betsabé matce Šalomounově, řka: Neslyšela-lis, že kraluje Adoniáš syn Haggity, a pán náš David nic neví o tom?"
92,bible_BKR_1Kr.txt,kinship,syn,"Protož nyní poď, prosím, a dámť radu, kterouž vysvobodíš život svůj, i život syna svého Šalomouna."
93,bible_BKR_1Kr.txt,kinship; royal_power,král; syn,"Jdiž, a vejda k králi Davidovi, rci jemu: Zdaliž jsi ty, pane můj králi, nepřisáhl služebnici své, řka: Šalomoun syn tvůj kralovati bude po mně, a onť seděti bude na stolici mé? Pročež tedy kraluje Adoniáš?"
94,bible_BKR_1Kr.txt,royal_power,král,"A aj, když ty ještě tam mluviti budeš s králem, přijduť za tebou a doplním řeč tvou."
95,bible_BKR_1Kr.txt,royal_power,král,"A tak vešla Betsabé k králi do pokoje. Král pak již byl velmi starý, a Abizag Sunamitská přisluhovala králi."
96,bible_BKR_1Kr.txt,royal_power,král,"Tedy Betsabé naklonivši hlavy, poklonila se králi. Jížto řekl král: Což chceš?"
97,bible_BKR_1Kr.txt,christian_elements; divine; monotheism; yhwh_elements,bůh; bůh; hospodin; hospodin; hospodin; hospodin,"I odpověděla jemu: Pane můj, ty jsi přisáhl skrze Hospodina Boha svého služebnici své, řka: Šalomoun syn tvůj kralovati bude po mně, a on seděti bude na stolici mé."
98,bible_BKR_1Kr.txt,royal_power,král,"A nyní, hle, Adoniáš kraluje, ty pak nyní, pane můj králi, nic nevíš o tom."
99,bible_BKR_1Kr.txt,ritual_sacrifice,kněz,"Nebo nabiv volů a krmného dobytka a ovec množství, pozval všech synů královských, i Abiatara kněze a Joába hejtmana vojska, Šalomouna pak služebníka tvého nepozval."
100,bible_BKR_1Kr.txt,royal_power,král,"Ješto ty, pane můj králi, víš, že oči všeho Izraele na tebe jsou obráceny, abys jim oznámil, kdo by seděti měl na stolici pána mého krále po tobě."
101,bible_BKR_1Kr.txt,kinship; royal_power,král; otec; syn,"Sic jinak bude to, když usne pán můj král s otci svými, že já a syn můj Šalomoun budeme jako hříšníci."
102,bible_BKR_1Kr.txt,prophetic_speech; royal_power,král; prorok,"A aj, když ještě ona mluvila s králem, přišel Nátan prorok."
103,bible_BKR_1Kr.txt,prophetic_speech; royal_power,král; prorok,"I oznámili králi, řkouce: Aj, teď Nátan prorok. A tak všel před krále, a poklonil se jemu tváří svou až k zemi."
104,bible_BKR_1Kr.txt,royal_power,král,"Zatím řekl Nátan: Pane můj králi, ty-lis pověděl: Adoniáš kralovati bude po mně, a on seděti bude na stolici mé?"
105,bible_BKR_1Kr.txt,ritual_sacrifice; royal_power,kněz; král,"Nebo odšed dnes, nabil volů a krmného dobytka, i ovec množství, a sezval všecky syny královy a hejtmany vojska, i Abiatara kněze. A hle, oni jedí a pijí před ním, a praví: Živ buď král Adoniáš."
106,bible_BKR_1Kr.txt,kinship; ritual_sacrifice,kněz; syn,"Mne pak služebníka tvého, a Sádocha kněze, a Banaiáše syna Joiadova, a Šalomouna služebníka tvého nepozval."
107,bible_BKR_1Kr.txt,royal_power,král,"Tak-liž jest ode pána mého krále nařízeno? Mně jsi zajisté neoznámil služebníku svému, kdo bude seděti na stolici pána mého krále po tobě?"
108,bible_BKR_1Kr.txt,royal_power,král,"A odpovídaje král David, řekl: Zavolejte mi Betsabé. Kteráž všedši před krále, stála před ním."
109,bible_BKR_1Kr.txt,christian_elements; divine; monotheism; royal_power; yhwh_elements,hospodin; hospodin; hospodin; hospodin; král,"I přisáhl král, řka: Živť jest Hospodin, kterýž vysvobodil duši mou ze všelikých úzkostí,"
110,bible_BKR_1Kr.txt,christian_elements; divine; monotheism; yhwh_elements,bůh; bůh; hospodin; hospodin; hospodin; hospodin,"Že jakož jsem přisáhl tobě skrze Hospodina Boha Izraelského, řka, že syn tvůj Šalomoun kralovati bude po mně, a on seděti bude na stolici mé místo mně, takť učiním dnes."
111,bible_BKR_1Kr.txt,royal_power,král,"A naklonivši hlavy Betsabé tváří k zemi, poklonu učinila králi a řekla: Živ buď pán můj král David na věky."
112,bible_BKR_1Kr.txt,kinship; ritual_sacrifice; royal_power,kněz; král; syn,"Řekl ještě král David: Zavolejte ke mně Sádocha kněze a Nátana proroka, a Banaiáše syna Joiadova. Kteřížto vešli před krále."
113,bible_BKR_1Kr.txt,kinship; royal_power,král; syn,"I řekl jim král: Vezměte s sebou služebníky pána svého, a vsaďte Šalomouna syna mého na mezkyni mou, a veďte ji k Gihonu."
114,bible_BKR_1Kr.txt,prophetic_speech; ritual_sacrifice; royal_power,kněz; král; prorok,"I pomaže ho tam Sádoch kněz a Nátan prorok za krále nad Izraelem, a troubiti budete troubou, a díte: Živ buď král Šalomoun."
116,bible_BKR_1Kr.txt,christian_elements; divine; monotheism; royal_power; yhwh_elements,bůh; bůh; hospodin; hospodin; hospodin; hospodin; král,"A odpovídaje Banaiáš syn Joiadův králi, řekl: Amen. Způsobiž to Hospodin, Bůh pána mého krále."
117,bible_BKR_1Kr.txt,christian_elements; divine; monotheism; royal_power; yhwh_elements,hospodin; hospodin; hospodin; hospodin; král,"A jakož byl Hospodin se pánem mým králem, tak budiž i s Šalomounem, a zvelebiž stolici jeho více, než stolici pána mého krále Davida."
118,bible_BKR_1Kr.txt,kinship; prophetic_speech; ritual_sacrifice; royal_power,kněz; král; prorok; syn,"A tak šli dolů Sádoch kněz a Nátan prorok, a Banaiáš syn Joiadův, Cheretejští také i Peletejští, a vsadili Šalomouna na mezkyni krále Davida, a dovedli jej k Gihonu."
119,bible_BKR_1Kr.txt,ritual_sacrifice; royal_power,kněz; král,"Vzal také Sádoch kněz roh oleje z stánku, a pomazal Šalomouna. Potom troubili trubou, a řekl všecken lid: Živ buď král Šalomoun."
121,bible_BKR_1P.txt,christian_elements; divine,apoštol; ježíš; ježíš; kristus; kristus,"Petr, apoštol Ježíše Krista, příchozím rozptýleným v Pontu, Galacii, Kappadocii, v Azii, a v Bitynii,"
122,bible_BKR_1P.txt,christian_elements; divine; monotheism,bůh; bůh; duch; ježíš; ježíš; kristus; kristus; milost,"Vyvoleným podlé předzvědění Boha Otce, v posvěcení Ducha, ku poslušenství a skropení krví Ježíše Krista: Milost vám a pokoj rozmnožen buď."
123,bible_BKR_1P.txt,christian_elements; divine; eschatology; life_death; monotheism,bůh; bůh; ježíš; ježíš; kristus; kristus; vzkříšení; vzkříšení,"Požehnaný Bůh a Otec Pána našeho Ježíše Krista, kterýž podlé mnohého milosrdenství svého znovu zplodil nás v naději živou skrze vzkříšení Ježíše Krista z mrtvých,"
127,bible_BKR_1P.txt,christian_elements; divine; prophetic_speech,ježíš; ježíš; kristus; kristus; víra; zjevení,"Aby zkušení víry vaší, mnohem dražší nežli zlato, kteréž hyne, a však se v ohni zkušuje, nalezeno bylo vám k chvále, a ke cti i k slávě při zjevení Ježíše Krista."
129,bible_BKR_1P.txt,divine,víra,"Docházejíce konce víry své, spasení duší."
130,bible_BKR_1P.txt,divine,milost,"O kterémž spasení bedlivě přemyšlovali, a je vystihati usilovali proroci, kteříž o té milosti, kteráž se vám státi měla, prorokovali,"
131,bible_BKR_1P.txt,christian_elements; divine,duch; kristus; kristus,"Vystihajíce to, na který aneb jaký čas mínil by ten, kterýž v nich byl, Duch Kristův, předpovídající o utrpeních Kristových a o veliké za tím slávě."
132,bible_BKR_1P.txt,christian_elements; divine,duch; evangelium,"Kterýmžto zjeveno jest, že ne sobě, ale nám tím přisluhovali, což jest vám nyní zvěstováno skrze ty, kteříž vám kázali evangelium, v Duchu svatém seslaném s nebe, na kteréž věci žádostivi jsou andělé patřiti."
133,bible_BKR_1P.txt,christian_elements; divine; prophetic_speech,ježíš; ježíš; kristus; kristus; milost; zjevení,"Protož přepášíce bedra mysli své, a střízlivi jsouce, dokonale doufejte v té milosti, kteráž vám dána bude při zjevení Ježíše Krista,"
134,bible_BKR_1P.txt,kinship,syn,"Jakožto synové poslušní, nepřirovnávající se prvním neznámosti své žádostem."
137,bible_BKR_1P.txt,kinship,otec,"A poněvadž Otcem nazýváte toho, kterýž bez přijímání osob soudí vedlé skutků jednoho každého, viztež, abyste v bázni čas svého zde putování konali,"
139,bible_BKR_1P.txt,christian_elements; divine,kristus; kristus,"Ale drahou krví jakožto Beránka nevinného a nepoškvrněného, Krista,"
141,bible_BKR_1P.txt,divine; monotheism,bůh; bůh; víra,"Kteříž skrze něho věříte v Boha, jenž jej vzkřísil z mrtvých, a dal jemu slávu, aby víra vaše a naděje byla v Bohu."
142,bible_BKR_1P.txt,divine; moral,duch; pravda,"Poněvadž duše své očistili jste poslušenstvím pravdy skrze Ducha, k milování neošemetnému bratrstva, z čistého srdce jedni druhé milujte snažně,"
149,bible_BKR_1P.txt,divine; monotheism,bůh; bůh,"K kterémuž přistupujíce k kameni živému, od lidí zajisté zavrženému, ale od Boha vyvolenému a drahému,"
150,bible_BKR_1P.txt,christian_elements; divine; monotheism,bůh; bůh; ježíš; ježíš,"I vy, jako kamení živé, vzdělávejte se v dům duchovní, kněžstvo svaté, k obětování duchovních obětí, vzácných Bohu skrze Jezukrista."
154,bible_BKR_1P.txt,genealogy_lineage,rod,"Ale vy jste rod vyvolený, královské kněžstvo, národ svatý, lid dobytý, abyste zvěstovali ctnosti toho, kterýž vás povolal ze tmy v předivné světlo své."
157,bible_BKR_1P.txt,divine; monotheism; moral,bůh; bůh; dobrý,"Obcování své mezi pohany majíce dobré, aby místo toho, kdež utrhají vám jako zločincům, dobré skutky vaše spatřujíce, velebili Boha v den navštívení."
158,bible_BKR_1P.txt,royal_power,král,"Poddáni tedy buďte všelikému lidskému zřízení pro Pána, buďto králi, jako nejvyššímu,"
165,bible_BKR_1Pa.txt,kinship,syn,"Synové Jáfetovi: Gomer, Magog, Madai, Javan, Tubal, Mešech a Tiras."
166,bible_BKR_1Pa.txt,kinship,syn,"Synové pak Gomerovi: Ascenez, Difat a Togorma."
167,bible_BKR_1Pa.txt,kinship,syn,"Synové pak Javanovi: Elisa, Tarsis, Cetim a Rodanim."
168,bible_BKR_1Pa.txt,kinship,syn,"Synové Chamovi: Chus, Mizraim, Put a Kanán."
169,bible_BKR_1Pa.txt,kinship,syn,"A synové Chusovi: Sába, Evila, Sabata, Regma, Sabatacha. Synové pak Regmovi: Sába a Dedan."
177,bible_BKR_1Pa.txt,kinship,syn,"Synové Semovi: Elam, Assur, Arfaxad, Lud, Aram, Hus a Hul, Geter a Mas."
179,bible_BKR_1Pa.txt,kinship,syn,"Heberovi pak narodili se dva synové, z nichž jednoho jméno Peleg, proto že za dnů jeho rozdělena byla země, jméno pak bratra jeho Jektan."
183,bible_BKR_1Pa.txt,kinship,syn,"A Ofira, Evila a Jobaba. Všickni ti byli synové Jektanovi."
188,bible_BKR_1Pa.txt,kinship,syn,Synové Abrahamovi: Izák a Izmael.
189,bible_BKR_1Pa.txt,genealogy_lineage,prvorozený,"Tito jsou rodové jejich: Prvorozený Izmaelův Nabajot, Cedar, Adbeel a Mabsan,"
191,bible_BKR_1Pa.txt,kinship,syn,"Jetur, Nafis a Cedma. Ti jsou synové Izmaelovi."
192,bible_BKR_1Pa.txt,kinship,syn,"Synové pak Cetury, ženiny Abrahamovy: Ta porodila Zamrana, Jeksana, Madana, Madiana, Jezbocha a Suecha. Synové pak Jeksanovi: Sába a Dedan."
193,bible_BKR_1Pa.txt,kinship,syn,"Synové pak Madianovi: Efa, Efer, Enoch, Abida a Helda. Všickni ti synové Cetury."
194,bible_BKR_1Pa.txt,kinship,syn,Zplodil tedy Abraham Izáka. Synové pak Izákovi: Ezau a Izrael.
195,bible_BKR_1Pa.txt,kinship,syn,"Synové Ezau: Elifaz, Rahuel, Jehus, Jhelom a Kore."
196,bible_BKR_1Pa.txt,kinship,syn,"Synové Elifazovi: Teman, Omar, Sefi, Gatam, Kenaz a syn Tamny, totiž Amalech."
197,bible_BKR_1Pa.txt,kinship,syn,"Synové Rahuelovi: Nahat, Zára, Samma a Méza."
198,bible_BKR_1Pa.txt,kinship,syn,"Synové pak Seir: Lotan, Sobal, Sebeon, Ana, Dison, Eser a Dízan."
199,bible_BKR_1Pa.txt,kinship,sestra; syn,Synové pak Lotanovi: Hori a Homam. Sestra pak Lotanova: Tamna.
200,bible_BKR_1Pa.txt,kinship,syn,"Synové Sobalovi: Alian, Manáhat, Ebal, Sefi a Onam. Synové pak Sebeonovi: Aia a Ana."
201,bible_BKR_1S.txt,kinship,syn,"Byl muž nějaký z Ramataim Zofim, s hory Efraim, jehož jméno bylo Elkána, syn Jerochama, syna Elihu, syna Tohu, syna Zuf Efratejského."
203,bible_BKR_1S.txt,christian_elements; divine; monotheism; ritual_sacrifice; yhwh_elements,hospodin; hospodin; hospodin; hospodin; kněz,"I chodíval muž ten z města svého každého roku, aby se klaněl a obětoval Hospodinu zástupů, do Sílo, kdež byli dva synové Elí, Ofni a Fínes, kněží Hospodinovi."
205,bible_BKR_1S.txt,christian_elements; divine; monotheism; yhwh_elements,hospodin; hospodin; hospodin; hospodin,"Anně pak dal díl jeden výborný, nebo Annu miloval, ale Hospodin zavřel byl život její."
206,bible_BKR_1S.txt,christian_elements; divine; monotheism; yhwh_elements,hospodin; hospodin; hospodin; hospodin,"Přesto kormoutila ji také velmi protivnice její, toliko aby ji popouzela, proto že Hospodin zavřel byl život její."
207,bible_BKR_1S.txt,christian_elements; divine; monotheism; yhwh_elements,hospodin; hospodin; hospodin; hospodin,"To když činíval každého roku, a Anna též chodívala do domu Hospodinova, tak ji kormoutívala protivnice; ona pak plakávala a nic nejídala."
209,bible_BKR_1S.txt,christian_elements; divine; monotheism; ritual_sacrifice; yhwh_elements,hospodin; hospodin; hospodin; hospodin; kněz,"Vstala tedy Anna, když pojedli v Sílo a napili se; a Elí kněz seděl na stolici u veřeje chrámu Hospodinova."
210,bible_BKR_1S.txt,christian_elements; divine; monotheism; yhwh_elements,hospodin; hospodin; hospodin; hospodin,"Ona pak jsuci v hořkosti srdce, modlila se Hospodinu a plakala velmi."
211,bible_BKR_1S.txt,christian_elements; divine; monotheism; yhwh_elements,hospodin; hospodin; hospodin; hospodin,"A učinila slib, řkuci: Hospodine zástupů, jestliže vzhlédneš na trápení děvky své a rozpomeneš se na mne, a nezapomeneš na děvku svou, ale dáš služebnici své plod pohlaví mužského: tedy dám jej tobě, Hospodine, po všecky dny života jeho, a břitva nevejde na hlavu jeho."
212,bible_BKR_1S.txt,christian_elements; divine; monotheism; yhwh_elements,hospodin; hospodin; hospodin; hospodin,"I stalo se, když se dlouho modlila před Hospodinem, že Elí pozor měl na ústa její."
215,bible_BKR_1S.txt,christian_elements; divine; monotheism; yhwh_elements,duch; hospodin; hospodin; hospodin; hospodin,"Odpověděla Anna, řkuci: Nikoli, pane můj, žena jsem ducha truchlivého, ani vína ani nápoje opojného jsem nepila, ale vylila jsem duši svou před Hospodinem."
217,bible_BKR_1S.txt,divine; monotheism,bůh; bůh,"Jíž odpověděl Elí, řka: Jdiž u pokoji, a Bůh Izraelský dejž tobě k prosbě tvé, zač jsi ho prosila."
218,bible_BKR_1S.txt,divine,milost,"I řekla: Ó by nalezla děvka tvá milost před očima tvýma! Tedy odšedši žena cestou svou, pojedla, a tvář její nebyla více smutná."
219,bible_BKR_1S.txt,christian_elements; divine; monotheism; yhwh_elements,hospodin; hospodin; hospodin; hospodin,"I vstali velmi ráno, a poklonu učinivše před Hospodinem, navrátili se, a přišli do domu svého do Ramata. Poznal pak Elkána Annu manželku svou, a Hospodin rozpomenul se na ni."
220,bible_BKR_1S.txt,christian_elements; divine; monotheism; yhwh_elements,hospodin; hospodin; hospodin; hospodin,"I stalo se po vyplnění dnů, jakž počala Anna, že porodila syna, a nazvala jméno jeho Samuel; nebo řekla: Vyprosila jsem ho na Hospodinu."
221,bible_BKR_1S.txt,christian_elements; divine; monotheism; ritual_sacrifice; yhwh_elements,hospodin; hospodin; hospodin; hospodin; oběť,"Šel pak muž ten Elkána se vší čeledí svou, aby obětoval Hospodinu obět výroční a slib svůj."
222,bible_BKR_1S.txt,christian_elements; divine; monotheism; yhwh_elements,hospodin; hospodin; hospodin; hospodin,"Ale Anna nešla, nebo řekla muži svému: Až odchovám dítě, tehdy povedu je, aby ukáže se před Hospodinem, zůstalo tam na věky."
223,bible_BKR_1S.txt,christian_elements; divine; kinship; monotheism; moral; yhwh_elements,dobrý; hospodin; hospodin; hospodin; hospodin; muž; žena,"I řekl jí Elkána muž její: Učiň, cožť se dobrého vidí, zůstaň, dokudž neodchováš jeho. Ó by toliko utvrdil Hospodin slovo své! A tak zůstala žena, a krmila syna svého, až jej i odchovala."
224,bible_BKR_1S.txt,christian_elements; divine; monotheism; yhwh_elements,hospodin; hospodin; hospodin; hospodin,"Potom, když ho odchovala, vedla jej s sebou, se třmi volky a jednou efi mouky a nádobou vína, i uvedla jej do domu Hospodinova v Sílo; dítě pak ještě bylo malé."
226,bible_BKR_1S.txt,christian_elements; divine; monotheism; yhwh_elements,hospodin; hospodin; hospodin; hospodin,"Ona pak řekla: Poslyš mne, pane můj. Jako jest živa duše tvá, pane můj, já jsem žena ta, kteráž jsem stála tuto s tebou, modleci se Hospodinu."
227,bible_BKR_1S.txt,christian_elements; divine; monotheism; yhwh_elements,hospodin; hospodin; hospodin; hospodin,"Za toto dítě jsem prosila, a dal mi Hospodin k prosbě mé to, čehož jsem prosila od něho."
228,bible_BKR_1S.txt,christian_elements; divine; monotheism; yhwh_elements,hospodin; hospodin; hospodin; hospodin,"Protož já také oddávám jej Hospodinu; po všecky dny, v nichž živ bude, oddanýť jest Hospodinu. A učinil tu poklonu Hospodinu."
229,bible_BKR_1S.txt,christian_elements; divine; monotheism; yhwh_elements,hospodin; hospodin; hospodin; hospodin,"I modlila se Anna a řekla: Zplésalo srdce mé v Hospodinu, a vyzdvižen jest roh můj v Hospodinu; rozšířila se ústa má proti nepřátelům mým, nebo rozveselila jsem se v spasení tvém."
230,bible_BKR_1S.txt,christian_elements; divine; monotheism; yhwh_elements,bůh; bůh; hospodin; hospodin; hospodin; hospodin; svatý,"Neníť žádný tak svatý jako Hospodin; nýbrž žádného není kromě tebe, neníť žádný tak silný jako Bůh náš."
231,bible_BKR_1S.txt,christian_elements; divine; monotheism; yhwh_elements,bůh; bůh; hospodin; hospodin; hospodin; hospodin,"Nemluvtež již více hrdě, a nevycházej z úst vašich slovo pyšné; nebo Bůh silný vševědoucí jest Hospodin, a usilování jeho jemu nepochybují."
234,bible_BKR_1S.txt,christian_elements; divine; monotheism; yhwh_elements,hospodin; hospodin; hospodin; hospodin,"Hospodin umrtvuje i obživuje, uvodí do pekla i vyvodí."
235,bible_BKR_1S.txt,christian_elements; divine; monotheism; yhwh_elements,hospodin; hospodin; hospodin; hospodin,"Hospodin ochuzuje i zbohacuje, ponižuje i povyšuje."
237,bible_BKR_1S.txt,moral,bezbožný,"Onť ostříhá noh svatých svých, ale bezbožní ve tmě umlknou; nebo ne v síle záleží síla člověka."
238,bible_BKR_1S.txt,christian_elements; divine; monotheism; royal_power; yhwh_elements,hospodin; hospodin; hospodin; hospodin; král,"Kteříž se protiví Hospodinu, setříni budou, na takové s nebe hřímati bude. Hospodin souditi bude končiny země, a dá sílu králi svému, a vyvýší roh pomazaného svého."
239,bible_BKR_1S.txt,christian_elements; divine; monotheism; yhwh_elements,hospodin; hospodin; hospodin; hospodin,"I navrátil se Elkána do Ramaty, do domu svého, a pacholátko přisluhovalo Hospodinu při knězi Elí."
240,bible_BKR_1S.txt,christian_elements; divine; monotheism; moral; yhwh_elements,bezbožný; hospodin; hospodin; hospodin; hospodin,"Synové pak Elí byli bezbožní, a neznali Hospodina."
241,bible_BKR_1Te.txt,christian_elements; divine; monotheism,bůh; bůh; ježíš; ježíš; kristus; kristus; milost,Pavel a Silván a Timoteus církvi Tessalonicenských v Bohu Otci a Pánu Ježíši Kristu: Milost vám a pokoj od Boha Otce našeho a Pána Jezukrista.
242,bible_BKR_1Te.txt,divine; monotheism,bůh; bůh,"Díky činíme Bohu vždycky ze všech vás, zmínku činíce o vás na modlitbách svých."
243,bible_BKR_1Te.txt,christian_elements; divine; monotheism,bůh; bůh; ježíš; ježíš; víra,"Bez přestání pamatujíce na skutek víry vaší a na práci lásky, a na trpělivost naděje Pána našeho Jezukrista, před Bohem a Otcem naším,"
244,bible_BKR_1Te.txt,divine; monotheism,bůh; bůh,"Vědouce, bratří Bohu milí, o vyvolení vašem."
245,bible_BKR_1Te.txt,christian_elements; divine,duch; evangelium,"Nebo evangelium naše k vám nezáleželo toliko v slovu, ale i v moci, i v Duchu svatém, a v jistotě mnohé, jakož víte, jací jsme byli mezi vámi pro vás."
246,bible_BKR_1Te.txt,divine,duch,"A vy následovníci naši i Páně učiněni jste, přijavše slovo ve mnohé úzkosti, s radostí Ducha svatého,"
248,bible_BKR_1Te.txt,divine; monotheism,bůh; bůh; víra,"Nebo od vás rozhlásilo se slovo Páně netoliko v Macedonii a v Achaii, ale i na všelikém místě víra vaše, kteráž jest v Boha, roznesla se, tak že nepotřebí nám o tom nic mluviti."
249,bible_BKR_1Te.txt,divine; monotheism,bůh; bůh,"Oniť zajisté sami o nás vypravují, jaký byl příchod náš k vám, a kterak jste se obrátili k Bohu od modl, abyste sloužili Bohu živému a pravému,"
250,bible_BKR_1Te.txt,christian_elements; divine; kinship,ježíš; ježíš; syn,"A očekávali Syna jeho s nebe, kteréhož vzkřísil z mrtvých, totiž Ježíše, kterýž vysvobodil nás od hněvu budoucího."
252,bible_BKR_1Te.txt,christian_elements; divine; monotheism,bůh; bůh; evangelium,"Ale i prvé trpěvše, i pohanění snáševše, (jakož víte), v městě Filippis, osvobodili jsme se v Bohu svém mluviti vám směle evangelium Boží s mnohými odpory."
254,bible_BKR_1Te.txt,christian_elements; divine; monotheism,bůh; bůh; evangelium,"Ale jakož Bůh nás oblíbil, aby nám svěřeno bylo evangelium, takť mluvíme, ne jako lidem se líbíce, ale Bohu, kterýž libuje srdce naše."
255,bible_BKR_1Te.txt,legal,svědek,"Anižť jsme zajisté kdy užívali řeči pochlebné, jakož víte, ani za příčinou něčeho lakomství provodili. Bůhť jest svědek."
256,bible_BKR_1Te.txt,christian_elements; divine,kristus; kristus,"Ani jsme hledali od lidí chvály, ani od vás, ani od jiných, ač jsme mohli vás obtěžovati, jako Kristovi apoštolé."
257,bible_BKR_1Te.txt,kinship,matka,"Ale byli jsme tiší mezi vámi, jako když matka chová dítky své."
258,bible_BKR_1Te.txt,christian_elements,evangelium,"Tak nakloněni k vám byvše, hotovi jsme byli s velikou chutí vydati vám netoliko evangelium Boží, ale také i duše své, proto že jste nám byli milí."
259,bible_BKR_1Te.txt,christian_elements,evangelium,"Nebo pamatujete, bratří, na práci naši a ustávání. Ve dne i v noci zajisté pracovavše, proto abychom žádného z vás neobtěžovali, kázali jsme u vás evangelium Boží."
260,bible_BKR_1Te.txt,divine; monotheism,bůh; bůh,"Vy jste svědkové i Bůh, žeť jsme svatě, a spravedlivě, a bez úhony obcovali mezi vámi, kteříž jste uvěřili,"
261,bible_BKR_1Te.txt,kinship,otec,"Jakož víte, že jednoho každého z vás, jako otec dítek svých, napomínali jsme a potěšovali,"
262,bible_BKR_1Te.txt,divine; monotheism; royal_power,bůh; bůh; království,"I s osvědčováním, abyste chodili hodně Bohu, kterýž povolal vás do království svého a v slávu."
263,bible_BKR_1Te.txt,divine; monotheism; moral,bůh; bůh; pravda,"Protož i my díky činíme Bohu bez přestání, že přijavše slovo Boží, kteréž jste slyšeli od nás, přijali jste ne jako slovo lidské, ale (jakož v pravdě jest), jako slovo Boží, kterýž i dílo své působí v vás věřících."
264,bible_BKR_1Te.txt,christian_elements; divine; genealogy_lineage,ježíš; ježíš; kristus; kristus; pokolení,"Vy zajisté, bratří, následovníci učiněni jste církví Božích, kteréž jsou v Židovstvu v Kristu Ježíši; nebo jste takovéž věci i vy trpěli od svého pokolení, jako i oni od Židů."
265,bible_BKR_1Te.txt,christian_elements; divine; monotheism,bůh; bůh; ježíš; ježíš,"Kteříž i Pána Ježíše zabili, i své vlastní proroky, a nás vyhnali, a Bohu se nelíbí, a všechněm lidem jsou odporní,"
266,bible_BKR_1Te.txt,moral,hřích,"Nedopouštějíce nám mluviti pohanům, aby spaseni byli, aby tak vždy doplňovali hříchy své. Nebo vylit jest na ně hněv konečný."
269,bible_BKR_1Te.txt,christian_elements; divine,ježíš; ježíš,Nebo která jest naše naděje neb radost aneb koruna chlouby? Zdali ne i vy před oblíčejem Pána našeho Jezukrista v příchodu jeho?
272,bible_BKR_1Te.txt,christian_elements; divine,evangelium; víra,"A poslali jsme Timotea, bratra svého, a služebníka Božího, a pomocníka svého v evangelium Kristovu, aby potvrdil vás, a napomenul k tomu, což náleží k víře vaší,"
275,bible_BKR_1Te.txt,divine,víra,"Protož i já, nemoha se déle zdržeti, poslal jsem, abych zvěděl o víře vaší, aťby snad nějak nepokoušel vás ten pokušitel, i byla by daremná práce naše."
276,bible_BKR_1Te.txt,divine,víra,"Nyní pak když k nám přišel Timoteus od vás, a zvěstoval nám novinu veselou o víře a lásce vaší, a že nás připomínáte dobře, žádajíce vždycky nás viděti, jako i my vás,"
279,bible_BKR_1Te.txt,divine; monotheism,bůh; bůh,"A jakým děkováním z vás můžeme se odměniti Bohu za všecku tu radost, kterouž radujeme se pro vás před Bohem svým,"
280,bible_BKR_1Te.txt,divine,víra,"Dnem i noci přehorlivě modléce se, abychom uzřeli tvář vaši, a doplnili to, čehož by se nedostávalo víře vaší?"
281,bible_BKR_1Tm.txt,christian_elements; divine; monotheism,apoštol; bůh; bůh; ježíš; ježíš; kristus; kristus,"Pavel, apoštol Ježíše Krista, podlé zřízení Boha spasitele našeho, a Pána Jezukrista, naděje naší,"
282,bible_BKR_1Tm.txt,christian_elements; divine; monotheism,bůh; bůh; ježíš; ježíš; kristus; kristus; milost; víra,"Timoteovi, vlastnímu synu u víře: Milost, milosrdenství a pokoj od Boha Otce našeho, a od Krista Ježíše Pána našeho."
284,bible_BKR_1Tm.txt,divine,víra,"Ani oblibovati básní a vypravování rodů, čemuž konce není, odkudž jen hádky pocházejí, více nežli vzdělání Boží, kteréž jest u víře."
285,bible_BKR_1Tm.txt,divine; moral,dobrý; víra,"Ješto konec přikázaní jest láska z srdce čistého, a z svědomí dobrého a z víry neošemetné."
287,bible_BKR_1Tm.txt,covenant_law; legal,zákon; zákon,"Chtěvše býti učitelé zákona, a nerozuměvše, ani co mluví, ani čeho zastávají."
288,bible_BKR_1Tm.txt,covenant_law; legal; moral,dobrý; zákon; zákon,"Víme pak, že dobrý jest zákon, když by ho kdo náležitě užíval,"
289,bible_BKR_1Tm.txt,covenant_law; legal,zákon; zákon,"Toto znaje, že spravedlivému není uložen zákon, ale nepravým a nepoddaným, bezbožným a hříšníkům, nešlechetným a nečistým, mordéřům otců a matek, vražedlníkům,"
291,bible_BKR_1Tm.txt,christian_elements; divine; monotheism,bůh; bůh; evangelium,"Podlé slavného evangelium blahoslaveného Boha, kteréž mně jest svěřeno."
292,bible_BKR_1Tm.txt,christian_elements; divine,ježíš; ježíš; kristus; kristus,"Protož děkuji tomu, kterýž mne zmocnil, Kristu Ježíši Pánu našemu, že mne za věrného soudil, aby mne v službě té postavil,"
294,bible_BKR_1Tm.txt,christian_elements; divine,ježíš; ježíš; kristus; kristus; milost,"Rozhojnila se pak náramně milost Pána našeho, s věrou a s milováním v Kristu Ježíši."
295,bible_BKR_1Tm.txt,christian_elements; divine,ježíš; ježíš; kristus; kristus,"Věrnáť jest tato řeč a všelijak oblíbení hodná, že Kristus Ježíš přišel na svět, aby hříšné spasil, z nichž já první jsem."
296,bible_BKR_1Tm.txt,christian_elements; divine,ježíš; ježíš; kristus; kristus,"Ale proto milosrdenství jsem došel, aby na mně prvním dokázal Ježíš Kristus všeliké dobrotivosti, ku příkladu těm, kteříž mají uvěřiti v něho k životu věčnému."
297,bible_BKR_1Tm.txt,divine; monotheism; royal_power,bůh; bůh; král; sláva,"Protož králi věků nesmrtelnému, neviditelnému, samému moudrému Bohu budiž čest i sláva na věky věků. Amen."
298,bible_BKR_1Tm.txt,kinship; moral; prophetic_speech; war_conflict,boj; dobrý; proroctví; syn,"Totoť přikázaní poroučím tobě, synu Timotee, abys podlé předešlých o tobě proroctví bojoval v tom dobrý boj,"
299,bible_BKR_1Tm.txt,divine; moral,dobrý; víra,"Maje víru a dobré svědomí, kteréž někteří potrativše, zhynuli u víře."
302,bible_BKR_1Tm.txt,royal_power,král,"Za krále i za všecky v moci postavené, abychom pohodlný a pokojný život vedli ve vší pobožnosti a šlechetnosti."
303,bible_BKR_1Tm.txt,divine; monotheism; moral,bůh; bůh; dobrý,"Nebo toť jest dobré a vzácné před spasitelem naším Bohem,"
304,bible_BKR_1Tm.txt,moral,pravda,"Kterýž chce, aby všickni lidé spaseni byli, a k známosti pravdy přišli."
305,bible_BKR_1Tm.txt,christian_elements; divine; monotheism,bůh; bůh; ježíš; ježíš; kristus; kristus,"Jedenť jest zajisté Bůh, jeden také i prostředník Boží a lidský, člověk Kristus Ježíš,"
307,bible_BKR_1Tm.txt,christian_elements; divine; moral,kristus; kristus; pravda; víra,"K čemuž postaven jsem já za kazatele a apoštola, (pravduť pravím v Kristu a neklamámť), za učitele pohanů u víře a pravdě."
315,bible_BKR_1Tm.txt,divine,víra,"Ale však spasena bude v plození dětí, jestliže by zůstala u víře, a v lásce, a v posvěcení, s středmostí."
320,bible_BKR_1Tm.txt,christian_elements,církev,"(Nebo jestliže kdo domu svého spraviti neumí, kterak o církev Páně pečovati bude?)"
321,bible_BKR_2J.txt,christian_elements; divine; moral,kristus; kristus; pravda,"Starší v Kristu vyvolené paní i synům jejím, kteréž já miluji v pravdě, a ne sám já, ale i všickni, kteříž poznali pravdu,"
323,bible_BKR_2J.txt,christian_elements; divine; monotheism; moral,bůh; bůh; ježíš; ježíš; milost; pravda,"Budiž s vámi milost, milosrdenství, a pokoj od Boha Otce, i od Pána Jezukrista, Syna Otcova, v pravdě a v lásce."
324,bible_BKR_2J.txt,kinship; moral,otec; pravda,"Zradoval jsem se velmi, že jsem nalezl některé z synů tvých, an chodí v pravdě, jakož jsme přikázaní vzali od Otce."
327,bible_BKR_2J.txt,christian_elements; divine; eschatology,antikrist; ježíš; ježíš,"Nebo mnozí bludaři vyšli na svět, kteříž nevyznávají Jezukrista přišlého v těle. Takový každý jest bludař a antikrist."
329,bible_BKR_2J.txt,divine; monotheism,bůh; bůh,"Každý, kdož přestupuje, a nezůstává v učení Kristovu, nemá Boha; kdož zůstává v učení Kristovu, tenť i Otce i Syna má."
333,bible_BKR_2J.txt,kinship,syn,Pozdravují tě synové sestry tvé v Pánu vyvolené. Amen.
334,bible_BKR_2K.txt,christian_elements; divine; kinship,apoštol; bratr; ježíš; ježíš; kristus; kristus,"Pavel apoštol Ježíše Krista skrze vůli Boží, a Timoteus bratr, církvi Boží, kteráž jest v Korintu, se všechněmi svatými, kteříž jsou ve vší Achaii:"
335,bible_BKR_2K.txt,christian_elements; divine; monotheism,bůh; bůh; ježíš; ježíš; milost,Milost vám a pokoj od Boha Otce našeho a Pána Jezukrista.
336,bible_BKR_2K.txt,christian_elements; divine; monotheism,bůh; bůh; ježíš; ježíš,"Požehnaný Bůh a Otec Pána našeho Jezukrista, Otec milosrdenství, a Bůh všelikého potěšení,"
337,bible_BKR_2K.txt,divine; monotheism,bůh; bůh,"Kterýž těší nás ve všelikém ssoužení našem, abychom i my mohli potěšovati těch, kteříž by byli v jakémkoli ssoužení, tím potěšením, kterýmž i my potěšeni jsme od Boha."
338,bible_BKR_2K.txt,christian_elements; divine,kristus; kristus,"Nebo jakož se rozhojňují utrpení Kristova při nás, tak skrze Krista rozhojňuje se i potěšení naše."
342,bible_BKR_2K.txt,divine; life_death; monotheism,bůh; bůh; mrtvý,"Nýbrž sami v sobě již jsme byli tak usoudili, že nebylo lze než umříti, abychom nedoufali sami v sobě, ale v Bohu i mrtvé křísícím."
343,bible_BKR_2K.txt,life_death,smrt,"Kterýž od takové smrti vytrhl nás, a vytrhuje, v něhož doufáme, že i ještě vytrhne,"
345,bible_BKR_2K.txt,divine; wisdom,milost; moudrost,"Nebo chlouba naše tato jest, svědectví svědomí našeho, že v sprostnosti a v upřímosti Boží, ne v moudrosti tělesné, ale v milosti Boží obcovali jsme na světě, zvláště pak u vás."
347,bible_BKR_2K.txt,christian_elements; divine,ježíš; ježíš,"Jakož jste i poznali nás z částky, žeť jsme chlouba vaše, podobně jako i vy naše, v den Pána Ježíše."
348,bible_BKR_2K.txt,divine,milost,"A v tomť doufání chtěl jsem k vám přijíti nejprvé, abyste druhou milost měli,"
351,bible_BKR_2K.txt,divine; monotheism,bůh; bůh,"Anobrž víť věrný Bůh, že řeč naše k vám nebyla: Jest, a není."
352,bible_BKR_2K.txt,christian_elements; divine,ježíš; ježíš; kristus; kristus,"Nebo Syn Boží Ježíš Kristus, kterýž mezi vámi kázán jest skrze nás, skrze mne a Silvána a Timotea, nebyl: Jest, a není, ale bylo v něm: Jest."
353,bible_BKR_2K.txt,divine; monotheism,bůh; bůh,"Nebo kolikžkoli jest zaslíbení Božích, v němť jsou: Jest, a v němť jest: Amen, k slávě Bohu skrze nás."
354,bible_BKR_2K.txt,christian_elements; divine; monotheism,bůh; bůh; kristus; kristus,"Ten pak, kterýž potvrzuje nás s vámi v Kristu, a kterýž pomazal nás, Bůh jest."
355,bible_BKR_2K.txt,divine,duch,"Kterýž i znamenal nás, a dal závdavek Ducha v srdce naše."
356,bible_BKR_2K.txt,divine; monotheism,bůh; bůh,"Já pak Boha za svědka beru na svou duši, že lituje vás, ještě jsem nepřišel do Korintu."
369,bible_BKR_2K.txt,christian_elements; divine,duch; evangelium; kristus; kristus,"Když jsem pak přišel do Troady, příčinou evangelium Kristova, ačkoli dvéře mi otevříny byly skrze Pána, však neměl jsem upokojení v duchu svém, proto že jsem nenalezl Tita, bratra svého."
371,bible_BKR_2K.txt,christian_elements; divine; monotheism,bůh; bůh; kristus; kristus,"Bohu pak chvála, kterýž vždycky dává nám vítězství v Kristu, a vůni známosti své zjevuje skrze nás na každém místě."
372,bible_BKR_2K.txt,christian_elements; divine; monotheism,bůh; bůh; kristus; kristus,"Neboť jsme Kristova vůně dobrá Bohu v těch, kteříž k spasení přicházejí, i v těch, kteříž hynou,"
373,bible_BKR_2K.txt,life_death,smrt; život,"Těmto zajisté vůně smrtelná k smrti, oněmno pak vůně života k životu. Ale k tomu kdo jest způsobný?"
374,bible_BKR_2Kr.txt,life_death,smrt,V tom zprotivil se Moáb Izraelovi po smrti Achabově.
375,bible_BKR_2Kr.txt,divine; monotheism,bůh; bůh,"A Ochoziáš spadl skrze mříži paláce svého letního, kterýž byl v Samaří, a stonal. I poslal posly, řka jim: Jděte, pilně se ptejte Belzebuba, boha Akaron, povstanu-li z nemoci této?"
376,bible_BKR_2Kr.txt,christian_elements; divine; divine_hierarchy; monotheism; royal_power; yhwh_elements,anděl; bůh; bůh; hospodin; hospodin; hospodin; hospodin; král,"Ale anděl Hospodinův řekl Eliášovi Tesbitskému: Vstana, jdi vstříc poslům krále Samařského a mluv k nim: Zdali není Boha v Izraeli, že jdete dotazovati se Belzebuba, boha Akaron?"
377,bible_BKR_2Kr.txt,christian_elements; divine; monotheism; yhwh_elements,hospodin; hospodin; hospodin; hospodin,"Protož takto praví Hospodin: S ložce, na kterémžs se složil, nesejdeš, ale jistotně umřeš. I odšel Eliáš."
379,bible_BKR_2Kr.txt,christian_elements; divine; monotheism; royal_power; yhwh_elements,bůh; bůh; hospodin; hospodin; hospodin; hospodin; král,"Odpověděli jemu: Muž nějaký vyšel nám v cestu a řekl nám: Jděte, navraťte se k králi, kterýž vás poslal, a rcete jemu: Takto praví Hospodin: Zdali není Boha v Izraeli, že ty posíláš tázati se Belzebuba, boha Akaron? Protož s ložce, na kterémžs se složil, nesejdeš, ale jistotně umřeš."
382,bible_BKR_2Kr.txt,royal_power,král,"Protož poslal pro něj padesátníka s padesáti jeho. Kterýž šel k němu, a aj, seděl na vrchu hory. I řekl jemu: Muži Boží, král rozkázal, abys sstoupil dolů."
384,bible_BKR_2Kr.txt,royal_power,král,"Opět poslal k němu král padesátníka jiného s padesáti jeho. Kterýž mluvil a řekl jemu: Muži Boží, takto rozkázal král: Rychle sstup dolů."
388,bible_BKR_2Kr.txt,christian_elements; divine; divine_hierarchy; monotheism; royal_power; yhwh_elements,anděl; hospodin; hospodin; hospodin; hospodin; král,"Řekl pak anděl Hospodinův Eliášovi: Sstup s ním, neboj se nic tváři jeho. Tedy vstav, šel s ním k králi."
389,bible_BKR_2Kr.txt,christian_elements; divine; monotheism; yhwh_elements,bůh; bůh; hospodin; hospodin; hospodin; hospodin,"A mluvil jemu: Takto praví Hospodin: Proto že jsi poslal posly tázati se Belzebuba, boha Akaron, (jako by nebylo Boha v Izraeli, abys se tázal slova jeho), protož s ložce, na kterémžs se složil, nesejdeš, ale jistotně umřeš."
390,bible_BKR_2Kr.txt,kinship; royal_power,král; syn,"I umřel podlé řeči Hospodinovy, kterouž mluvil Eliáš, a kraloval Joram místo něho léta druhého Jehorama syna Jozafatova, krále Judského; nebo on neměl syna."
392,bible_BKR_2Kr.txt,christian_elements; divine; monotheism; yhwh_elements,hospodin; hospodin; hospodin; hospodin,"Stalo se potom, když měl již vzíti Hospodin Eliáše u vichru do nebe, že vyšel Eliáš s Elizeem z Galgala."
393,bible_BKR_2Kr.txt,christian_elements; divine; monotheism; yhwh_elements,hospodin; hospodin; hospodin; hospodin,"I řekl Eliáš Elizeovi: Medle, poseď tuto, nebo Hospodin poslal mne až do Bethel. Jemuž řekl Elizeus: Živť jest Hospodin, a živať jest duše tvá, žeť se tebe nespustím. I přišli do Bethel."
394,bible_BKR_2Kr.txt,christian_elements; divine; monotheism; yhwh_elements,hospodin; hospodin; hospodin; hospodin,"Tedy vyšli synové proročtí, kteříž byli v Bethel, k Elizeovi a řekli jemu: Víš-liž, že dnes Hospodin vezme pána tvého od tebe? Kterýž odpověděl: A já vím, mlčte."
395,bible_BKR_2Kr.txt,christian_elements; divine; monotheism; yhwh_elements,hospodin; hospodin; hospodin; hospodin,"Opět řekl jemu Eliáš: Elizee, medle poseď tuto, nebo Hospodin poslal mne do Jericha. Kterýž odpověděl: Živť jest Hospodin, a živať jest duše tvá, žeť se tebe nespustím. I přišli do Jericha."
396,bible_BKR_2Kr.txt,christian_elements; divine; monotheism; yhwh_elements,hospodin; hospodin; hospodin; hospodin,"Přistoupivše pak synové proročtí, kteříž byli v Jerichu, k Elizeovi, řekli jemu: Víš-liž, že dnes vezme Hospodin pána tvého od tebe? I řekl: A já vím, mlčte."
397,bible_BKR_2Kr.txt,christian_elements; divine; monotheism; yhwh_elements,hospodin; hospodin; hospodin; hospodin,"Řekl mu ještě Eliáš: Poseď medle tuto, nebo Hospodin poslal mne k Jordánu. Kterýž odpověděl: Živť jest Hospodin, a živať jest duše tvá, žeť se tebe nespustím. Šli tedy oba."
400,bible_BKR_2Kr.txt,divine,duch,"V tom když přešli, řekl Eliáš Elizeovi: Žádej sobě, co chceš, prvé než vzat budu od tebe. I řekl Elizeus: Nechť jest, prosím, dvojnásobní díl ducha tvého na mně."
405,bible_BKR_2Kr.txt,christian_elements; divine; monotheism; yhwh_elements,bůh; bůh; hospodin; hospodin; hospodin; hospodin,"Tedy vzav plášť Eliášův, kterýž byl spadl s něho, udeřil na vodu a řekl: Kdež jest Hospodin Bůh Eliášův i on sám? A udeřil, pravím, na vodu, kteráž rozstoupila se sem i tam. I přešel Elizeus."
406,bible_BKR_2Kr.txt,divine; kinship,duch; syn,"Což vidouce synové proročtí z Jericha, naproti stojíce, řekli: Odpočinul duch Eliášův na Elizeovi. I šli proti němu a poklonili se mu až k zemi."
407,bible_BKR_2Kr.txt,christian_elements; divine; monotheism; yhwh_elements,duch; hospodin; hospodin; hospodin; hospodin,"A řekli jemu: Aj, nyní jest s služebníky tvými padesáte mužů silných, medle nechť jdou a hledají pána tvého. Snad ho zanesl duch Hospodinův, a povrhl jej na některé hoře aneb v některém údolí. Kterýž řekl: Neposílejte."
410,bible_BKR_2Kr.txt,moral,zlý,"Muži pak města toho řekli Elizeovi: Hle, nyní byt v městě tomto jest výborný, jakož, pane můj, vidíš, ale vody jsou zlé a země neúrodná."
412,bible_BKR_2Kr.txt,christian_elements; divine; life_death; monotheism; yhwh_elements,hospodin; hospodin; hospodin; hospodin; smrt,"A vyšed k pramenu těch vod, vsypal tam sůl a řekl: Takto praví Hospodin: Uzdravuji vody tyto; nebudeť více odtud smrti, ani nedochůdčete."
414,bible_BKR_2P.txt,christian_elements; divine; legal; monotheism,apoštol; bůh; bůh; ježíš; ježíš; kristus; kristus; spravedlnost; víra,"Šimon Petr, služebník a apoštol Ježíše Krista, těm, kteříž spolu s námi zaroveň drahé dosáhli víry, pro spravedlnost Boha našeho a spasitele Jezukrista:"
415,bible_BKR_2P.txt,christian_elements; divine; monotheism,bůh; bůh; ježíš; ježíš; milost,Milost vám a pokoj rozmnožen buď skrze známost Boha a Ježíše Pána našeho.
418,bible_BKR_2P.txt,divine,víra,"Na to tedy samo všecku snažnost vynaložíce, přičinějte k víře své ctnost, a k ctnosti umění,"
421,bible_BKR_2P.txt,christian_elements; divine,ježíš; ježíš,"Ty zajisté věci když budou při vás a rozhojní se, ne prázdné, ani neužitečné postaví vás v známosti Pána našeho Jezukrista."
424,bible_BKR_2P.txt,christian_elements; divine; royal_power,ježíš; ježíš; království,Takť zajisté hojné způsobeno vám bude vjití k věčnému království Pána našeho a spasitele Jezukrista.
425,bible_BKR_2P.txt,moral,pravda,"Protož nezanedbámť vždycky vám připomínati těch věcí, ačkoli umělí i utvrzení jste v přítomné pravdě."
427,bible_BKR_2P.txt,christian_elements; divine,ježíš; ježíš; kristus; kristus; pán,"Věda, že brzké jest složení stánku mého, jakož mi i Pán náš Ježíš Kristus oznámil."
429,bible_BKR_2P.txt,christian_elements; divine,ježíš; ježíš,"Nebo ne nějakých vtipně složených básní následujíce, známu učinili jsme vám Pána našeho Jezukrista moc a příchod, ale jakožto ti, kteříž jsme očima svýma viděli jeho velebnost."
430,bible_BKR_2P.txt,divine; monotheism,bůh; bůh,"Přijalť zajisté od Boha Otce čest a slávu, když se stal k němu hlas takový od velebné slávy: Tentoť jest ten můj milý Syn, v němž mi se zalíbilo."
433,bible_BKR_2P.txt,prophetic_speech,proroctví,"Toto nejprvé znajíce, že žádného proroctví písma výklad nezáleží na rozumu lidském."
434,bible_BKR_2P.txt,divine; prophetic_speech,duch; proroctví,"Nebo nikdy z lidské vůle nepošlo proroctví, ale Duchem svatým puzeni byvše, mluvili svatí Boží lidé."
436,bible_BKR_2P.txt,moral,pravda,"A mnozí následovati budou jejich zahynutí, skrze něž cesta pravdy bude v porouhání dávána."
438,bible_BKR_2P.txt,divine; monotheism,bůh; bůh,"Nebo poněvadžť Bůh andělům, kteříž zhřešili, neodpustil, ale strhna je do žaláře, řetězům mrákoty oddal, aby k odsouzení chováni byli,"
439,bible_BKR_2P.txt,legal,spravedlnost,"I prvnímu světu neodpustil, ale sama osmého Noé, kazatele spravedlnosti, zachoval, když potopu na svět bezbožníků uvedl,"
441,bible_BKR_2P.txt,moral,spravedlivý,"A spravedlivého Lota, těch nešlechetníků prostopašným obcováním ztrápeného, vytrhl;"
442,bible_BKR_2P.txt,moral,spravedlivý,"Ten zajisté spravedlivý, bydliv mezi nimi, den ode dne hleděním i slyšením spravedlivou duši nešlechetnými jejich skutky trápil:"
447,bible_BKR_2P.txt,moral,nepravost,"A odplatu nepravosti ponesou, jakožto ti, kteříž sobě za rozkoš položili, aby se na každý den v líbostech svých kochali, poškvrny a mrzkosti, ti, kteříž s vámi hodujíce, v svých lstech se kochají,"
448,bible_BKR_2P.txt,kinship,syn,"Oči majíce plné cizoložstva, a bez přestání hřešící, přeluzujíce duše neustavičné, srdce majíce vycvičené v lakomství, synové zlořečenství."
449,bible_BKR_2P.txt,kinship; moral,nepravost; syn,"Kteříž opustivše cestu přímou, zbloudili, následujíce cesty Balámovy syna Bozorova, kterýž mzdu nepravosti zamiloval."
451,bible_BKR_2P.txt,eschatology,věčnost,"Tiť jsou studnice bez vody, mlhy vichrem zbouřené, jimžto mrákota tmy schována jest na věčnost."
452,bible_BKR_2P.txt,moral,pravda,"Nebo přepyšně marné věci vypravujíce, žádostmi těla a chlipnostmi loudí ty, kteříž byli v pravdě utekli od těch, jenž bludu obcují,"
454,bible_BKR_2Pa.txt,christian_elements; divine; monotheism; royal_power; yhwh_elements,bůh; bůh; hospodin; hospodin; hospodin; hospodin; království,"Když se pak zmocnil Šalomoun syn Davidův v království svém, a Hospodin Bůh jeho byl s ním, a zvelebil ho náramně:"
456,bible_BKR_2Pa.txt,christian_elements; divine; monotheism; yhwh_elements,hospodin; hospodin; hospodin; hospodin,"I bral se Šalomoun a všecko to shromáždění s ním na výsost, kteráž byla v Gabaon; nebo tam byl stánek shromáždění Božího, kterýž byl udělal Mojžíš služebník Hospodinův na poušti."
458,bible_BKR_2Pa.txt,kinship; ritual_sacrifice; sacred_space,oltář; oltář; syn,"A oltář měděný, kterýž byl udělal Bezeleel syn Uri, syna Hur, byl tam před stánkem Hospodinovým, kdež hledal ho Šalomoun i všecko to shromáždění."
459,bible_BKR_2Pa.txt,christian_elements; divine; monotheism; yhwh_elements,hospodin; hospodin; hospodin; hospodin,"I obětoval tam Šalomoun před Hospodinem na oltáři měděném, kterýž byl před stánkem úmluvy, a obětoval na něm tisíc zápalů."
460,bible_BKR_2Pa.txt,divine; monotheism,bůh; bůh,"Té noci ukázal se Bůh Šalomounovi, a řekl jemu: Žádej, zač chceš, a dám tobě."
461,bible_BKR_2Pa.txt,divine; monotheism; royal_power,bůh; bůh; král,"I řekl Šalomoun Bohu: Ty jsi učinil otci mému Davidovi milosrdenství veliké, mne jsi též ustanovil králem místo něho."
462,bible_BKR_2Pa.txt,christian_elements; divine; monotheism; royal_power; yhwh_elements,bůh; bůh; hospodin; hospodin; hospodin; hospodin; král,"Již tedy, Hospodine Bože, budiž stálé slovo tvé mluvené s Davidem otcem mým; nebo ty jsi mne ustanovil za krále nad lidem tak mnohým, jako jest prachu zemského."
463,bible_BKR_2Pa.txt,wisdom,moudrost,"Protož dej mi moudrost a umění, aťbych vycházeti mohl před lidem tímto i vcházeti. Nebo kdož by mohl souditi tento lid tvůj tak mnohý?"
464,bible_BKR_2Pa.txt,divine; monotheism; royal_power; wisdom,bůh; bůh; král; moudrost,"Tedy odpověděl Bůh Šalomounovi: Proto že bylo to v srdci tvém, a nežádal jsi bohatství, ani zboží, ani slávy, ani bezživotí těch, jenž tebe nenávidí, aniž jsi také za dlouhý věk žádal, ale žádal jsi sobě moudrosti a umění, abys soudil lid můj, nad nímž jsem tě ustanovil za krále:"
465,bible_BKR_2Pa.txt,wisdom,moudrost,"Moudrost a umění dáno jest tobě, k čemužť přidám i bohatství a zboží, i slávy, tak že žádný z králů, kteříž byli před tebou, nebyl tobě rovný, aniž bude po tobě takového."
467,bible_BKR_2Pa.txt,royal_power,král,"Nashromáždil pak Šalomoun vozů a jezdců, a měl tisíc a čtyři sta vozů, a dvanácte tisíc jezdců, kteréž rozsadil do měst vozů, a při králi v Jeruzalémě."
468,bible_BKR_2Pa.txt,royal_power,král,"I složil král stříbra a zlata v Jeruzalémě jako kamení, a dříví cedrového jako planého fíkoví, kteréž roste v údolí u velikém množství."
473,bible_BKR_2Pa.txt,kinship; royal_power,král; otec,"Poslal také Šalomoun k Chíramovi králi Tyrskému, řka: Jakž jsi se choval k Davidovi otci mému, posílaje mu dříví cedrové, aby sobě stavěl dům k bydlení, tak čiň i mně."
474,bible_BKR_2Pa.txt,christian_elements; divine; monotheism; yhwh_elements,bůh; bůh; hospodin; hospodin; hospodin; hospodin,"Nebo aj, já stavěti chci dům jménu Hospodina Boha svého, aby posvěcen byl jemu k tomu, aby se před ním kadilo vonnými věcmi, a k ustavičnému předkládání chlebů, i k zápalným obětem, ranním i večerním, ve dny sobotní a novoměsíčné, i na slavnosti Hospodina Boha našeho, což v Izraeli na věky trvati má."
475,bible_BKR_2Pa.txt,divine; monotheism,bůh; bůh,"Dům pak, kterýž stavěti chci, veliký býti má; nebo Bůh náš větší jest nade všecky bohy."
477,bible_BKR_2Pa.txt,kinship,otec,"Protož nyní pošli mi muže umělého, kterýž by uměl dělati na zlatě, na stříbře, na mědi, na železe, i z zlatohlavu a z červce, a z postavce modrého, a kterýž by uměl řezati řezby s jinými umělými, kteříž jsou u mne v Judstvu a v Jeruzalémě, kteréž zjednal David otec můj."
481,bible_BKR_2Pa.txt,christian_elements; divine; monotheism; royal_power; yhwh_elements,hospodin; hospodin; hospodin; hospodin; král,"I odpověděl Chíram král Tyrský psáním, kteréž poslal k Šalomounovi: Jistě, žeť miluje Hospodin lid svůj, protož tě ustanovil nad nimi za krále."
482,bible_BKR_2Pa.txt,christian_elements; divine; monotheism; royal_power; yhwh_elements,bůh; bůh; hospodin; hospodin; hospodin; hospodin; král,"Řekl dále Chíram: Požehnaný Hospodin Bůh Izraelský, kterýž učinil nebe i zemi, a kterýž dal králi Davidovi syna moudrého, umělého, rozumného a opatrného, aby vystavěl dům Hospodinu a dům svůj královský."
483,bible_BKR_2Pa.txt,kinship,otec,"Protož posílámť teď muže moudrého, umělého a opatrného, kterýž byl u Chírama otce mého,"
484,bible_BKR_2Pa.txt,kinship,otec; syn,"Syna jedné ženy ze dcer Dan, otce pak měl Tyrského, kterýž umí dělati na zlatě, na stříbře, na mědi, železe, kamení a na dříví, i z šarlatu, z postavce modrého, z kmentu a z červce, tolikéž řezati všelijaké řezby, a vymysliti všelijaké dílo, kteréž dáno mu bude s moudrými tvými, a s moudrými pána mého Davida otce tvého."
487,bible_BKR_2Pa.txt,kinship,otec,"A tak sečtl Šalomoun všecky cizozemce, kteříž byli v zemi Izraelské po sečtení tom, kterýmž sečtl je David otec jeho, a nalezeno jich sto a padesát tisíc, tři tisíce a šest set."
489,bible_BKR_2Pa.txt,christian_elements; divine; monotheism; yhwh_elements,hospodin; hospodin; hospodin; hospodin,"I začal stavěti Šalomoun domu Hospodinova v Jeruzalémě na hoře Moria, kteráž byla ukázána Davidovi otci jeho, na místě, kteréž byl připravil David, na humně Ornana Jebuzejského."
490,bible_BKR_2Pa.txt,royal_power,království,"A počal stavěti druhého měsíce, dne druhého, království svého léta čtvrtého."
494,bible_BKR_2S.txt,life_death,smrt,"Stalo se pak po smrti Saulově, když se navrátil David od porážky Amalechitských, že pobyl v Sicelechu za dva dni."
497,bible_BKR_2S.txt,kinship,syn,"Opět řekl jemu David: Cože se stalo? Medle, pověz mi. Kterýž odpověděl: To, že utekl lid z boje, a množství lidu padlo a zbito jest; též i Saul i Jonata syn jeho zbiti jsou."
498,bible_BKR_2S.txt,kinship,syn,"Řekl ještě David mládenci, kterýž mu to oznámil: Kterak ty víš, že umřel Saul i Jonata syn jeho?"
499,bible_BKR_2S.txt,war_conflict,kopí,"Odpověděl mládenec, kterýž to oznamoval jemu: Náhodou přišel jsem na horu Gelboe, a aj, Saul nalehl byl na kopí své, a vozové i jezdci postihali ho."
505,bible_BKR_2S.txt,christian_elements; divine; monotheism; war_conflict; yhwh_elements,hospodin; hospodin; hospodin; hospodin; meč,"A nesouce smutek, plakali a postili se až do večera pro Saule a pro Jonatu syna jeho, i pro lid Hospodinův a pro dům Izraelský, že padli od meče."
506,bible_BKR_2S.txt,kinship,syn,"Řekl pak David mládenci, kterýž mu to oznámil: Odkud jsi ty? Odpověděl: Syn muže příchozího Amalechitského jsem."
507,bible_BKR_2S.txt,christian_elements; divine; monotheism; yhwh_elements,hospodin; hospodin; hospodin; hospodin,"Opět mu řekl David: Kterak jsi směl vztáhnouti ruku svou, abys zahubil pomazaného Hospodinova?"
509,bible_BKR_2S.txt,christian_elements; divine; monotheism; yhwh_elements,hospodin; hospodin; hospodin; hospodin,"I řekl jemu David: Krev tvá budiž na hlavu tvou, neboť jsou ústa tvá svědčila na tebe, řkouce: Já jsem zabil pomazaného Hospodinova."
511,bible_BKR_2S.txt,kinship,syn,"(Přikázav však, aby synové Judovi učeni byli stříleti z luku, jakož psáno v knize Upřímého.):"
515,bible_BKR_2S.txt,war_conflict,meč,"Od krve raněných a od tuku udatných lučiště Jonatovo nikdy zpět neodskočilo, a meč Saulův nenavracoval se prázdný."
516,bible_BKR_2S.txt,life_death,smrt,"Saul a Jonata milí a utěšení v životě svém, také při smrti své nejsou rozloučeni. Nad orlice bystřejší, nad lvy silnější byli."
519,bible_BKR_2S.txt,divine,milost,"Velice jsem po tobě teskliv, bratře můj Jonato. Byl jsi mi příjemný náramně; vzácnější u mne byla milost tvá nežli milost žen."
521,bible_BKR_2S.txt,christian_elements; divine; monotheism; yhwh_elements,hospodin; hospodin; hospodin; hospodin,"I stalo se potom, že se David tázal Hospodina, řka: Mám-li jíti do některého města Judského? Jemuž odpověděl Hospodin: Jdi. I řekl David: Kam mám jíti? Odpověděl: Do Hebronu."
524,bible_BKR_2S.txt,royal_power,král,"I přišli muži Judští, a pomazali tam Davida za krále nad domem Judským. Oznámili také Davidovi, řkouce: Muži Jábes Galád, oni pochovali Saule."
525,bible_BKR_2S.txt,christian_elements; divine; monotheism; yhwh_elements,hospodin; hospodin; hospodin; hospodin,"Tedy poslav David posly k mužům Jábes Galád, řekl jim: Požehnaní jste vy před Hospodinem, že jste učinili to milosrdenství pánu svému Saulovi, pochovavše ho."
526,bible_BKR_2S.txt,christian_elements; divine; monotheism; yhwh_elements,hospodin; hospodin; hospodin; hospodin; milost,"Protož nyní učiniž s vámi Hospodin milosrdenství a pravdu; ano i jáť s vámi učiním milost, kteříž jste to učinili."
527,bible_BKR_2S.txt,royal_power,král,"A tak tedy posilňtež rukou svých a buďtež stateční; nebo ač umřel pán váš Saul, však již mne pomazali dům Judův za krále nad sebou."
528,bible_BKR_2S.txt,kinship,syn,"Abner pak syn Nerův, hejtman vojska Saulova, vzal Izbozeta syna Saulova a uvedl ho do Mahanaim."
529,bible_BKR_2S.txt,royal_power,král,"A ustavil ho králem nad Galád a nad Assur, a nad Jezreel, a nad Efraimem, a nad Beniaminem, i nade vším Izraelem."
530,bible_BKR_2S.txt,kinship,syn,"Ve čtyřidcíti letech byl Izbozet syn Saulův, když počal kralovati nad Izraelem, a kraloval dvě létě. (Toliko dům Judův přídržel se Davida."
531,bible_BKR_2S.txt,royal_power,král,"A byl počet dnů, v nichž byl David králem v Hebronu nad domem Judovým, sedm let a šest měsíců.)"
532,bible_BKR_2S.txt,kinship,syn,"Potom vytáhl Abner syn Nerův, a služebníci Izbozeta syna Saulova z Mahanaim do Gabaon."
533,bible_BKR_2S.txt,kinship,syn,"Joáb také syn Sarvie a služebníci Davidovi vytáhše, potkali se s nimi právě u rybníka Gabaon. I pozůstali tito u rybníka s strany jedné, oni pak u rybníka s druhé strany."
534,bible_BKR_2Te.txt,christian_elements; divine; monotheism,bůh; bůh; ježíš; ježíš; kristus; kristus,Pavel a Silván a Timoteus církvi Tessalonicenské v Bohu Otci našem a Pánu Ježíši Kristu:
535,bible_BKR_2Te.txt,christian_elements; divine; monotheism,bůh; bůh; ježíš; ježíš; milost,Milost vám a pokoj od Boha Otce našeho a Pána Jezukrista.
536,bible_BKR_2Te.txt,divine; monotheism,bůh; bůh; víra,"Povinniť jsme díky činiti Bohu vždycky z vás, bratří, tak jakž hodné jest, proto že velmi roste víra vaše, a rozmáhá se láska jednoho každého z vás, všechněch k sobě vespolek,"
538,bible_BKR_2Te.txt,moral; royal_power,království; spravedlivý,"A tať jsou zjevný důvod spravedlivého soudu Božího, abyste tak za hodné jmíni byli království Božího, pro něž i trpíte,"
539,bible_BKR_2Te.txt,divine; monotheism,bůh; bůh,"Poněvadž spravedlivé jest u Boha, aby zase odplaceno bylo těm, kteříž vás ssužují, ssoužením,"
540,bible_BKR_2Te.txt,christian_elements; divine; prophetic_speech,ježíš; ježíš; zjevení,"Vám pak, kteříž úzkost trpíte, odpočinutím s námi, při zjevení Pána Ježíše s nebe s anděly moci jeho,"
541,bible_BKR_2Te.txt,christian_elements; divine; monotheism,bůh; bůh; evangelium; ježíš; ježíš,"V plameni ohně, kterýž pomstu uvede na ty, ješto neznají Boha, a neposlouchají evangelium Pána našeho Jezukrista."
544,bible_BKR_2Te.txt,divine; monotheism,bůh; bůh; víra,"Pročež i modlíme se vždycky za vás, aby vás hodné učiniti ráčil povolání toho Bůh náš, a vyplnil všecku dobře libou vůli dobrotivosti, i skutek víry mocně,"
545,bible_BKR_2Te.txt,christian_elements; divine; monotheism,bůh; bůh; ježíš; ježíš; milost,"Aby oslaveno bylo jméno Pána našeho Jezukrista v vás, a vy v něm, podlé milosti Boha našeho, a Pána Jezukrista."
546,bible_BKR_2Te.txt,christian_elements; divine,ježíš; ježíš,"Prosímeť pak vás, bratří, skrze příští Pána našeho Jezukrista, a naše shromáždění v něj,"
547,bible_BKR_2Te.txt,christian_elements; divine,duch; kristus; kristus,"Abyste se nedali rychle vyrážeti z mysli, ani kormoutiti, buď skrze ducha, buď skrze řeč, neb skrze list, jako od nás poslaný, jako by nastával den Kristův."
549,bible_BKR_2Te.txt,divine; monotheism,bůh; bůh,"Protivící a povyšující se nade všecko, což slove Bůh, aneb čemuž se děje Božská čest, tak že se v chrámě Božím jako Bůh posadí, počínaje sobě, jako by byl Bůh."
552,bible_BKR_2Te.txt,moral,nepravost,"Nebo již tajemství nepravosti působí, toliko až by ten, kterýž jej zdržuje nyní, z prostředku byl vyvržen."
553,bible_BKR_2Te.txt,divine,duch,"A tehdážť zjeven bude ten bezbožník, kteréhož Pán zabije duchem úst svých, a zkazí zjevením jasné přítomnosti své,"
555,bible_BKR_2Te.txt,moral,nepravost; pravda,"A se všelikým podvodem nepravosti, v těch, kteříž hynou, proto že lásky pravdy nepřijali, aby spaseni byli."
556,bible_BKR_2Te.txt,divine; monotheism; moral,bůh; bůh; lež,"A protož pošle jim Bůh mocné dílo podvodů aby věřili lži,"
557,bible_BKR_2Te.txt,moral,nepravost; pravda,"A aby odsouzeni byli všickni, kteříž neuvěřili pravdě, ale oblíbili sobě nepravost."
558,bible_BKR_2Te.txt,divine; monotheism; moral,bůh; bůh; duch; pravda; víra,"Myť pak jsme povinni děkovati Bohu vždycky z vás, bratří Pánu milí, že vyvolil vás Bůh od počátku k spasení, v posvěcení Ducha, a u víře pravdy,"
559,bible_BKR_2Te.txt,christian_elements; divine,evangelium; ježíš; ježíš,"K čemuž povolal vás skrze evangelium naše, k dojití slávy Pána našeho Jezukrista."
561,bible_BKR_2Te.txt,christian_elements; divine; monotheism,bůh; bůh; ježíš; ježíš; kristus; kristus; milost; pán,"Ten pak náš Pán Ježíš Kristus, a Bůh i Otec náš, kterýž zamiloval nás, a dal potěšení věčné, a naději dobrou z milosti,"
564,bible_BKR_2Te.txt,divine,víra,A abychom vysvobozeni byli od nezbedných a zlých lidí. Neboť ne všech jest víra.
565,bible_BKR_2Te.txt,moral,zlý,"Ale věrnýť jest Pán, kterýž utvrdí vás, a ostříhati bude od zlého."
567,bible_BKR_2Te.txt,christian_elements; divine,kristus; kristus; pán,"Pán pak spravujž srdce vaše k lásce Boží, a k trpělivému očekávání Krista."
568,bible_BKR_2Te.txt,christian_elements; divine; wisdom,ježíš; ježíš; naučení,"Přikazujemeť pak vám, bratří, ve jménu Pána našeho Jezukrista, abyste se oddělovali od každého bratra, kterýž by se choval neřádně, a ne podlé naučení vydaného, kteréž přijal od nás."
574,bible_BKR_2Tm.txt,christian_elements; divine,apoštol; ježíš; ježíš; kristus; kristus,"Pavel, apoštol Ježíše Krista, skrze vůli Boží, podlé zaslíbení života, kterýž jest v Kristu Ježíši,"
575,bible_BKR_2Tm.txt,christian_elements; divine; monotheism,bůh; bůh; ježíš; ježíš; kristus; kristus; milost,"Timoteovi milému synu: Milost, milosrdenství, pokoj od Boha Otce a Krista Ježíše Pána našeho."
576,bible_BKR_2Tm.txt,divine; monotheism,bůh; bůh,"Díky činím Bohu, jemuž sloužím, jako i předkové, v svědomí čistém, že mám na tě ustavičnou pamět na svých modlitbách ve dne i v noci,"
580,bible_BKR_2Tm.txt,divine; monotheism,bůh; bůh; duch,"Nebo nedal nám Bůh ducha bázně, ale moci, a milování, a mysli způsobné."
581,bible_BKR_2Tm.txt,christian_elements,evangelium,"Protož nestyď se za svědectví Pána našeho, ani za mne, vězně jeho, ale čitedlen buď úzkostí pro evangelium podlé moci Boží,"
582,bible_BKR_2Tm.txt,christian_elements; divine,ježíš; ježíš; kristus; kristus; milost,"Kterýž spasil nás, a povolal povoláním svatým, ne podlé skutků našich, ale podlé uložení svého a milosti nám dané v Kristu Ježíši před časy věků,"
583,bible_BKR_2Tm.txt,christian_elements; divine; life_death,evangelium; ježíš; ježíš; smrt; život,"Nyní pak zjevené skrze příští patrné spasitele našeho Jezukrista, kterýž zahladil smrt, život pak na světlo vyvedl, i nesmrtelnost skrze evangelium,"
586,bible_BKR_2Tm.txt,christian_elements; divine,ježíš; ježíš; kristus; kristus; víra,"Mějž jistý příklad zdravých řečí, kteréž jsi slýchal ode mne, u víře a v lásce, kteráž jest v Kristu Ježíši."
587,bible_BKR_2Tm.txt,divine,duch,"Výborného toho pokladu ostříhej, skrze Ducha svatého přebývajícího v nás."
592,bible_BKR_2Tm.txt,christian_elements; divine,ježíš; ježíš; kristus; kristus; milost,"Protož ty, synu můj, zmocniž se v milosti, kteráž jest v Kristu Ježíši."
594,bible_BKR_2Tm.txt,christian_elements; divine,ježíš; ježíš; kristus; kristus,"A tak ty snášej protivenství, jako ctný rytíř Ježíše Krista."
599,bible_BKR_2Tm.txt,christian_elements; divine,evangelium; ježíš; ježíš; kristus; kristus,"Pamatuj, že Ježíš Kristus vstal z mrtvých, z semene Davidova, podlé evangelium mého."
601,bible_BKR_2Tm.txt,christian_elements; divine,ježíš; ježíš; kristus; kristus,"Protož všecko snáším pro vyvolené, aby i oni spasení došli, kteréž jest v Kristu Ježíši, s slávou věčnou."
606,bible_BKR_2Tm.txt,divine; monotheism; moral,bůh; bůh; pravda,"Pilně se snažuj vydati sebe Bohu milého dělníka, za nějž by se nebylo proč styděti, kterýž by právě slovo pravdy rozděloval."
609,bible_BKR_2Tm.txt,eschatology; life_death; moral,pravda; vzkříšení; vzkříšení,"Kteříž při pravdě pobloudili od cíle, pravíce, že by se již stalo vzkříšení, a převracejí víru některých."
610,bible_BKR_2Tm.txt,christian_elements; divine; moral,kristus; kristus; nepravost; pán,"Ale však pevný základ Boží stojí, maje znamení toto: Znáť Pán ty, kteříž jsou jeho, a: Odstup od nepravosti každý, kdož vzývá jméno Kristovo."
613,bible_BKR_2Tm.txt,divine; legal,spravedlnost; víra,"Mládenčích pak žádostí utíkej, ale následuj spravedlnosti, víry, lásky, pokoje, s těmi, kteříž vzývají Pána z srdce čistého."
614,bible_BKR_3J.txt,moral,pravda,"Starší Gáiovi milému, kteréhož já miluji v pravdě."
617,bible_BKR_3J.txt,kinship,syn,"Nemámť větší radosti, než abych slyšel, že synové moji chodí v upřímnosti."
619,bible_BKR_3J.txt,divine; monotheism,bůh; bůh,"Kteříž svědectví vydali o lásce tvé před církví. Kteréžto vyprovodíš-li, tak jakž sluší na Boha, dobře učiníš."
621,bible_BKR_3J.txt,moral,pravda,"Mámeť tedy my takové přijímati, abychom byli pomocníci pravdy."
623,bible_BKR_3J.txt,moral,zlý,"Protož přijdu-li tam, připomenuť skutky jeho, kteréž činí, mluvě proti nám zlé řeči. A nemaje dosti na tom, i sám bratří nepřijímá, i těm, kteříž by chtěli, nedopouští, a ze zboru je vylučuje."
624,bible_BKR_3J.txt,divine; monotheism; moral,bůh; bůh; dobrý; zlý,"Nejmilejší, nenásledujž zlého, ale dobrého. Kdož dobře činí, z Boha jest; ale kdož zle činí, nevidí Boha."
625,bible_BKR_3J.txt,moral,pravda,"Demetriovi svědectví vydáno jest ode všech, i od samé pravdy; ano i my svědectví o něm vydáváme, a víte, že svědectví naše pravé jest."
629,bible_BKR_Abd.txt,christian_elements; divine; monotheism; prophetic_speech; yhwh_elements,hospodin; hospodin; hospodin; hospodin; vidění,"Vidění Abdiášovo. Takto praví Panovník Hospodin o zemi Idumejské: Pověst jsme slyšeli od Hospodina, a legáta k národům vyslaného: Nuže, povstaňmež k boji proti ní."
632,bible_BKR_Abd.txt,christian_elements; divine; monotheism; yhwh_elements,hospodin; hospodin; hospodin; hospodin,"Bys pak vysoko udělal jako orlice, nýbrž bys mezi hvězdami položil hnízdo své, i odtud strhnu tě, praví Hospodin."
636,bible_BKR_Abd.txt,christian_elements; divine; monotheism; yhwh_elements,hospodin; hospodin; hospodin; hospodin,"Zdaliž v ten den, praví Hospodin, nevyhladím moudrých z země Idumejské, a rozumných s hory Ezau?"
638,bible_BKR_Abd.txt,eschatology,věčnost,"Pro nátisk bratru tvému Jákobovi činěný přikryje tě hanba, a vypléněn budeš na věčnost."
639,bible_BKR_Abd.txt,war_conflict,vojsko,"Stál jsi v ten den naproti, a když zajímali cizí vojsko jeho, a když cizozemci vcházeli do bran jeho, a o Jeruzalém metali losy, ty jsi také byl jako jeden z nich."
643,bible_BKR_Abd.txt,christian_elements; divine; monotheism; yhwh_elements,hospodin; hospodin; hospodin; hospodin,"Nebo blízko jest den Hospodinův proti všechněm těm národům. Jakž jsi činil, tak se stane tobě, odplata tvá navrátí se na hlavu tvou."
646,bible_BKR_Abd.txt,christian_elements; divine; monotheism; yhwh_elements,hospodin; hospodin; hospodin; hospodin,"I bude dům Jákobův oheň, a dům Jozefův plamen, dům pak Ezau plevy, i rozpálí se na ně a sehltí je, aniž kdo pozůstane z domu Ezau; nebo Hospodin mluvil."
648,bible_BKR_Abd.txt,war_conflict,vojsko,"I zajaté vojsko toto synů Izraelských v tom, což bylo Kananejských až do Sarepty, zajatí pak Jeruzalémští v tom, což jest na konci panství, děditi budou s městy na poledne."
649,bible_BKR_Abd.txt,christian_elements; divine; monotheism; royal_power; yhwh_elements,hospodin; hospodin; hospodin; hospodin; království,"I vstoupí vysvoboditelé na horu Sion, aby soudili horu Ezau, a tak bude Hospodinovo království."
650,bible_BKR_Abk.txt,prophetic_speech,prorok; vidění,"Břímě, kteréž u vidění viděl Abakuk prorok."
651,bible_BKR_Abk.txt,christian_elements; divine; monotheism; yhwh_elements,hospodin; hospodin; hospodin; hospodin,"Až dokud, ó Hospodine, křičeti budu, a nevyslyšíš? Volati budu k tobě pro nátisk, a nespomůžeš?"
652,bible_BKR_Abk.txt,moral,nepravost,"Proč dopouštíš, abych hleděti musil na nepravost, a na bezpráví se dívati, též na zhoubu a na nátisk proti mně? A vždy jest, kdož svár a různici vzbuzuje."
653,bible_BKR_Abk.txt,covenant_law; legal; moral,bezbožný; soud; spravedlivý; zákon; zákon,"Odkudž se děje opuštění zákona, a nedochází nikdá soud. Nebo bezbožný obkličuje spravedlivého, pročež vychází soud převrácený."
656,bible_BKR_Abk.txt,legal,soud,"Strašlivý a hrozný, od něhož soud jeho i vyvýšenost jeho vyjde."
660,bible_BKR_Abk.txt,divine; monotheism,bůh; bůh; duch,"Tehdy promění se duch jeho, a přestoupí i zaviní, mysle, že ta moc jeho boha jeho jest."
661,bible_BKR_Abk.txt,christian_elements; divine; monotheism; yhwh_elements,bůh; bůh; hospodin; hospodin; hospodin; hospodin; svatý,"Hospodine Bože můj, Svatý můj, zdaliž ty nejsi od věčnosti? Myť nezemřeme. Hospodine, k soudu postavil jsi jej, ty, ó skálo, k trestání nastrojil jsi ho."
662,bible_BKR_Abk.txt,moral,zlý,"Čistéť jsou tvé oči, tak že na zlé věci hleděti, a na bezpráví se dívati nemůžeš. Pročež přehlídati máš nešlechetníkům a mlčeti, poněvadž bezbožník sehlcuje spravedlivějšího, než sám jest."
667,bible_BKR_Abk.txt,divine; monotheism,bůh; bůh,"Na stráži své státi budu, a postavím se na baště, vyhlédaje, abych viděti mohl, co mluviti bude ke mně Bůh, a co bych odpovídati měl po svém trestání."
668,bible_BKR_Abk.txt,christian_elements; divine; monotheism; prophetic_speech; yhwh_elements,hospodin; hospodin; hospodin; hospodin; vidění,"I odpověděl mi Hospodin, a řekl: Napiš vidění, a to zřetelně na dskách, aby je přeběhl čtenář,"
669,bible_BKR_Abk.txt,prophetic_speech,vidění,"Proto že ještě do jistého času bude vidění, a směle mluviti bude až do konce, a nesklamáť. Jestliže by pak poprodlilo, posečkej na ně; neboť jistotně dojde, aniž bude meškati."
670,bible_BKR_Abk.txt,divine; moral,spravedlivý; víra,"Aj ten, kdož se zpíná, tohoť duše není upřímá v něm, ale spravedlivý z víry své živ bude."
671,bible_BKR_Abk.txt,eschatology; life_death,peklo; smrt,"Ovšem pak více opilec, nešlechetnost a pýchu provodě, neostojí v příbytku; kterýž rozšiřuje jako peklo duši svou, jest jako smrt, kteráž se nemůže nasytiti, byť pak shromáždil k sobě všecky národy, a shrnul k sobě všecky lidi."
672,bible_BKR_Abk.txt,wisdom,přísloví,"Zdaliž všickni ti proti němu přísloví nevynesou, a světlých slov i pohádek o něm? A neřeknou-liž: Běda tomu, kterýž rozmnožuje věci ne své, (až dokud pak?) a obtěžuje se hustým blátem?"
679,bible_BKR_Abk.txt,christian_elements; divine; monotheism; yhwh_elements,hospodin; hospodin; hospodin; hospodin,"Aj, zdaliž to není od Hospodina zástupů, že, o čemž pracují lidé a národové až do ustání nadarmo, oheň zkazí."
684,bible_BKR_Abk.txt,moral,lež,"Co prospívá rytina, že ji vyryl řemeslník její? Slitina i učitel lži, že doufá učinitel v účinek svůj, dělaje modly němé?"
685,bible_BKR_Abk.txt,divine,duch,"Běda tomu, kterýž říká dřevu: Prociť, a kameni němému: Probuď se. On-liž by učiti mohl? Pohleď na něj. Obloženť jest zlatem a stříbrem, ale není v něm žádného ducha."
686,bible_BKR_Abk.txt,christian_elements; divine; monotheism; yhwh_elements,hospodin; hospodin; hospodin; hospodin,"Hospodin pak v chrámě svatosti své jest, umlkniž před oblíčejem jeho všecka země."
687,bible_BKR_Abk.txt,divine,modlitba,Modlitba Abakuka proroka podlé Šigejonót:
688,bible_BKR_Abk.txt,christian_elements; divine; monotheism; yhwh_elements,hospodin; hospodin; hospodin; hospodin,"Ó Hospodine, uslyšev pohrůžku tvou, ulekl jsem se. Hospodine, dílo své u prostřed let při životu zachovej, u prostřed let známé učiň, v hněvě na milosrdenství se rozpomeň."
689,bible_BKR_Abk.txt,divine; monotheism,bůh; bůh; svatý,"Když se Bůh bral od poledne, a Svatý s hory Fáran, Sélah, slávu jeho přikryla nebesa, a země byla plná chvály jeho."
690,bible_BKR_Ag.txt,christian_elements; divine; monotheism; royal_power; yhwh_elements,hospodin; hospodin; hospodin; hospodin; král,"Léta druhého Daria krále, měsíce šestého, prvního dne téhož měsíce, stalo se slovo Hospodinovo skrze Aggea proroka k Zorobábelovi synu Salatielovu, knížeti Judskému, a k Jozue synu Jozadakovu, knězi nejvyššímu, řkoucí:"
691,bible_BKR_Ag.txt,christian_elements; divine; monotheism; yhwh_elements,hospodin; hospodin; hospodin; hospodin,"Takto dí Hospodin zástupů, řka: Lid tento praví, že nepřišel čas, čas, v němž by dům Hospodinův staven byl."
692,bible_BKR_Ag.txt,christian_elements; divine; monotheism; yhwh_elements,hospodin; hospodin; hospodin; hospodin,"Pročež stalo se slovo Hospodinovo skrze Aggea proroka, řkoucí:"
694,bible_BKR_Ag.txt,christian_elements; divine; monotheism; yhwh_elements,hospodin; hospodin; hospodin; hospodin,Protož nyní takto praví Hospodin zástupů: Přiložte srdce své k cestám svým.
696,bible_BKR_Ag.txt,christian_elements; divine; monotheism; yhwh_elements,hospodin; hospodin; hospodin; hospodin,Takto praví Hospodin zástupů: Přiložte srdce své k cestám svým.
697,bible_BKR_Ag.txt,christian_elements; divine; monotheism; yhwh_elements,hospodin; hospodin; hospodin; hospodin,"Vstupte na tuto horu, a svezouce dříví, stavějte dům tento, i oblíbím sobě to, a budu oslaven, praví Hospodin."
698,bible_BKR_Ag.txt,christian_elements; divine; monotheism; yhwh_elements,hospodin; hospodin; hospodin; hospodin,"Patříte na mnoho, a aj, maličko jest, a což vnášíte do domu, já to rozdmychuji. Proč se to děje? dí Hospodin zástupů. I pro dům můj, že pustý jest, ješto vy jeden každý pečlivi jste o dům svůj."
701,bible_BKR_Ag.txt,christian_elements; divine; monotheism; ritual_sacrifice; yhwh_elements,bůh; bůh; hospodin; hospodin; hospodin; hospodin; kněz,"I uposlechl Zorobábel syn Salatielův, a Jozue syn Jozadakův, kněz nejvyšší, i všickni ostatkové lidu hlasu Hospodina Boha svého, a slov Aggea proroka, poněvadž jej poslal Hospodin Bůh jejich; nebo se bál lid tváři Hospodinovy."
702,bible_BKR_Ag.txt,christian_elements; divine; monotheism; yhwh_elements,hospodin; hospodin; hospodin; hospodin,"Tedy Aggeus posel Hospodinův mluvil lidu v poselství Hospodinovu, řka: Já s vámi jsem, praví Hospodin."
703,bible_BKR_Ag.txt,christian_elements; divine; monotheism; ritual_sacrifice; yhwh_elements,bůh; bůh; duch; hospodin; hospodin; hospodin; hospodin; kněz,"V tom vzbudil Hospodin ducha Zorobábele syna Salatielova, knížete Judského, a ducha Jozue syna Jozadakova, kněze nejvyššího, a ducha ostatků všeho lidu, a přišedše, dělali dílo v domě Hospodina zástupů, Boha svého."
704,bible_BKR_Ag.txt,royal_power,král,"Dne dvadcátého čtvrtého, měsíce šestého, léta druhého Daria krále."
705,bible_BKR_Ag.txt,christian_elements; divine; monotheism; yhwh_elements,hospodin; hospodin; hospodin; hospodin,"Měsíce sedmého, dvadcátého prvního dne téhož měsíce, stalo se slovo Hospodinovo skrze Aggea proroka, řkoucí:"
706,bible_BKR_Ag.txt,kinship,syn,"Mluv nyní k Zorobábelovi synu Salatielovu, knížeti Judskému, a Jozue synu Jozadakovu, knězi nejvyššímu, i k ostatkům lidu, řka:"
708,bible_BKR_Ag.txt,christian_elements; divine; monotheism; yhwh_elements,hospodin; hospodin; hospodin; hospodin,"A však nyní posilň se Zorobábeli, praví Hospodin, posilň se i Jozue synu Jozadakův, kněže nejvyšší, a posilň se všecken lide země této, praví Hospodin, a dodělejte; nebo já s vámi jsem, praví Hospodin zástupů,"
709,bible_BKR_Ag.txt,divine,duch,"Podlé slova, jímž jsem smlouvu učinil s vámi, když jste vycházeli z Egypta. Duch také můj stane u prostřed vás, nebojtež se."
710,bible_BKR_Ag.txt,christian_elements; divine; monotheism; yhwh_elements,hospodin; hospodin; hospodin; hospodin,"Nebo takto praví Hospodin zástupů: Po malém času, aj, já ještě jednou pohnu nebem i zemí, a mořem i suchostí."
711,bible_BKR_Ag.txt,christian_elements; divine; monotheism; yhwh_elements,hospodin; hospodin; hospodin; hospodin,"Pohnu, pravím, všemi národy, a přijdou k Žádoucímu všechněm národům, i naplním dům tento slávou, praví Hospodin zástupů."
712,bible_BKR_Ag.txt,christian_elements; divine; monotheism; yhwh_elements,hospodin; hospodin; hospodin; hospodin,"Méť jest stříbro a mé jest zlato, praví Hospodin zástupů."
713,bible_BKR_Ag.txt,christian_elements; divine; monotheism; yhwh_elements,hospodin; hospodin; hospodin; hospodin; sláva,"Větší bude sláva domu tohoto posledního, než onoho prvního, praví Hospodin zástupů; nebo na tomto místě způsobím pokoj, praví Hospodin zástupů."
714,bible_BKR_Ag.txt,christian_elements; divine; monotheism; yhwh_elements,hospodin; hospodin; hospodin; hospodin,"Dvadcátého čtvrtého dne, devátého měsíce, léta druhého Daria, stalo se slovo Hospodinovo skrze Aggea proroka, řkoucí:"
715,bible_BKR_Ag.txt,christian_elements; covenant_law; divine; legal; monotheism; ritual_sacrifice; yhwh_elements,hospodin; hospodin; hospodin; hospodin; kněz; zákon; zákon,"Takto praví Hospodin zástupů: Vzeptej se nyní kněží na zákon, řka:"
716,bible_BKR_Ag.txt,ritual_sacrifice,kněz,"Ej, kdyby někdo nesl maso svaté v křídle sukně své, aneb dotkl by se křídlem svým chleba, neb vaření, neb vína, neb oleje, neb jakéžkoli krmě, zdali bude posvěcen? I odpověděli kněží a řekli: Nikoli."
717,bible_BKR_Ag.txt,ritual_sacrifice,kněz,"Tedy řekl Aggeus: Jestliže někdo jsa nečistý od těla mrtvého, dotkl by se něčeho z těch věcí, bude-li nečisté? I odpověděli kněží a řekli: Nečisté bude."
718,bible_BKR_Ag.txt,christian_elements; divine; monotheism; yhwh_elements,hospodin; hospodin; hospodin; hospodin,"Tedy odpovídaje Aggeus, řekl: Tak lid tento a tak národ tento před tváří mou, praví Hospodin, a tak všecko dílo rukou jejich, i cožkoli obětovali tam, nečisté bylo."
721,bible_BKR_Ag.txt,christian_elements; divine; monotheism; yhwh_elements,hospodin; hospodin; hospodin; hospodin,"Bil jsem vás suchem a rzí, i krupobitím všecko dílo rukou vašich, však žádný z vás neobrátil se ke mně, praví Hospodin."
722,bible_BKR_Ag.txt,christian_elements; divine; monotheism; sacred_space; yhwh_elements,chrám; hospodin; hospodin; hospodin; hospodin,"Přiložte již srdce své od tohoto dne až do onoho, ode dne dvadcátého čtvrtého, měsíce devátého, až do dne, v kterémž založen byl chrám Hospodinův, (přiložte srdce své)."
724,bible_BKR_Ag.txt,christian_elements; divine; monotheism; yhwh_elements,hospodin; hospodin; hospodin; hospodin,"Potom stalo se slovo Hospodinovo po druhé k Aggeovi, dvadcátého čtvrtého dne téhož měsíce, řkoucí:"
726,bible_BKR_Ag.txt,royal_power; war_conflict,království; meč,"A podvrátím stolici království, a zkazím sílu království pohanských; podvrátím, pravím, vůz i ty, kteříž na něm jezdí, a sejdou koni i jezdci jejich jeden každý od meče bratra svého."
727,bible_BKR_Ag.txt,christian_elements; divine; monotheism; yhwh_elements,hospodin; hospodin; hospodin; hospodin,"V ten den, praví Hospodin zástupů, vezmu tebe, Zorobábeli synu Salatielův, služebníče můj, praví Hospodin, a učiním tě jako pečetní prsten; nebo jsem tě vyvolil, praví Hospodin zástupů."
728,bible_BKR_Am.txt,kinship; royal_power,král; syn,"Slova Amosova, (kterýž byl mezi pastýři) z Tekoa, kteráž viděl o Izraelovi za dnů Uziáše krále Judského, a za dnů Jeroboáma syna Joasova, krále Izraelského, dvě létě před země třesením."
729,bible_BKR_Am.txt,christian_elements; divine; monotheism; yhwh_elements,hospodin; hospodin; hospodin; hospodin,"I řekl: Hospodin řváti bude z Siona, a z Jeruzaléma vydá hlas svůj, i budou kvíliti salášové pastýřů, a vyschnou pole nejvýbornější."
730,bible_BKR_Am.txt,christian_elements; divine; monotheism; yhwh_elements,hospodin; hospodin; hospodin; hospodin,"Takto praví Hospodin: Pro troji nešlechetnost Damašku, ovšem pro čtveru neodpustím jemu, proto že mlátili Galáda cepami okovanými."
732,bible_BKR_Am.txt,christian_elements; divine; monotheism; yhwh_elements,hospodin; hospodin; hospodin; hospodin,"I polámi závoru Damašku, a vypléním obyvatele z údolí Aven, a toho, kterýž drží berlu, z domu Eden, i půjde v zajetí lid Syrský do Kir, dí Hospodin."
733,bible_BKR_Am.txt,christian_elements; divine; monotheism; yhwh_elements,hospodin; hospodin; hospodin; hospodin,"Takto praví Hospodin: Pro troji nešlechetnost Gázy, ovšem pro čtveru neslituji se nad ním, proto že je zajímajíce, v zajetí věčné podrobovali Idumejským."
735,bible_BKR_Am.txt,christian_elements; divine; monotheism; yhwh_elements,hospodin; hospodin; hospodin; hospodin,"A vypléním obyvatele z Azotu, i toho, kterýž drží berlu, z Aškalon, a obrátím ruku svou proti Akaron, i zahyne ostatek Filistinských, praví Panovník Hospodin."
736,bible_BKR_Am.txt,christian_elements; divine; monotheism; yhwh_elements,hospodin; hospodin; hospodin; hospodin,"Takto praví Hospodin: Pro troji nešlechetnost Týru, ovšem pro čtveru neodpustím jemu, proto že je v zajetí věčné podrobili Idumejským, a nepamatovali na smlouvu bratrskou."
738,bible_BKR_Am.txt,christian_elements; divine; monotheism; war_conflict; yhwh_elements,hospodin; hospodin; hospodin; hospodin; meč,"Takto praví Hospodin: Pro troji nešlechetnost Edoma, ovšem pro čtveru neslituji se nad ním, proto že udusiv v sobě všecku lítostivost, stihá mečem bratra svého, a hněv jeho ustavičně rozsapává, anobrž vzteklost jeho špehuje bez přestání."
740,bible_BKR_Am.txt,christian_elements; divine; monotheism; yhwh_elements,hospodin; hospodin; hospodin; hospodin,"Toto praví Hospodin: Pro troji nešlechetnost synů Ammon, ovšem pro čtveru neodpustím jemu, proto že roztínali těhotné Galádské, jen aby rozšiřovali pomezí své."
742,bible_BKR_Am.txt,christian_elements; divine; monotheism; royal_power; yhwh_elements,hospodin; hospodin; hospodin; hospodin; král,"I půjde král jejich v zajetí, on i knížata jeho s ním, praví Hospodin."
743,bible_BKR_Am.txt,christian_elements; divine; monotheism; royal_power; yhwh_elements,hospodin; hospodin; hospodin; hospodin; král,"Takto praví Hospodin: Pro troji nešlechetnost Moábovu, ovšem pro čtveru neodpustím jemu, proto že spálil kosti krále Idumejského na vápno."
745,bible_BKR_Am.txt,christian_elements; divine; legal; monotheism; yhwh_elements,hospodin; hospodin; hospodin; hospodin; soudce,"A vypléním soudce jeho, i všecka knížata jeho zmorduji s ním, praví Hospodin."
746,bible_BKR_Am.txt,christian_elements; covenant_law; divine; legal; monotheism; yhwh_elements,hospodin; hospodin; hospodin; hospodin; ustanovení; ustanovení; zákon; zákon,"Takto praví Hospodin: Pro troji nešlechetnost Judovu, ovšem pro čtveru neslituji se nad ním, proto že oni pohrdají zákonem Hospodinovým, a ustanovení jeho neostříhají, a svodí se lžmi svými, jichž následovali otcové jejich."
748,bible_BKR_Am.txt,christian_elements; divine; monotheism; moral; yhwh_elements,hospodin; hospodin; hospodin; hospodin; spravedlivý,"Takto praví Hospodin: Pro troji nešlechetnost Izraelovu, ovšem pro čtveru neodpustím jemu, proto že prodávají spravedlivého za peníze, a nuzného za pár střevíců."
749,bible_BKR_Am.txt,kinship,otec; syn,"Kteříž dychtí, aby chudé s prstí smísili, a cestu tichých převracejí; nadto syn i otec vcházejí k jedné a též mladici, aby poškvrnili jména svatosti mé."
753,bible_BKR_Am.txt,christian_elements; divine; monotheism; yhwh_elements,hospodin; hospodin; hospodin; hospodin,"A vzbuzoval jsem z synů vašich proroky, a z mládenců vašich Nazarejské. Zdaliž není tak, ó synové Izraelští? praví Hospodin."
758,bible_BKR_Am.txt,christian_elements; divine; monotheism; yhwh_elements,hospodin; hospodin; hospodin; hospodin,"Ale i zmužilého srdce mezi nejudatnějšími nahý utíkati bude v ten den, praví Hospodin."
759,bible_BKR_Am.txt,christian_elements; divine; monotheism; yhwh_elements,hospodin; hospodin; hospodin; hospodin,"Slyšte slovo to, kteréž mluví Hospodin proti vám, synové Izraelští, proti vší té rodině, kterouž jsem vyvedl z země Egyptské, řka:"
764,bible_BKR_Am.txt,christian_elements; divine; monotheism; moral; yhwh_elements,hospodin; hospodin; hospodin; hospodin; zlý,"Zdaliž když se troubí trubou v městě, lid s strachem se nezbíhá? Zdaž když se má státi v městě co zlého, Hospodin toho známa nečiní?"
765,bible_BKR_Am.txt,christian_elements; divine; monotheism; yhwh_elements,hospodin; hospodin; hospodin; hospodin,"Nečiníť zajisté Panovník Hospodin ničeho, leč by zjevil tajemství své služebníkům svým prorokům."
766,bible_BKR_Am.txt,christian_elements; divine; monotheism; yhwh_elements,hospodin; hospodin; hospodin; hospodin,"Lev řve, kdož by se nebál? Panovník Hospodin velí, kdož by neprorokoval?"
768,bible_BKR_Da.txt,royal_power,král,"Léta třetího kralování Joakima krále Judského, přitáhl Nabuchodonozor král Babylonský k Jeruzalému, a oblehl jej."
769,bible_BKR_Da.txt,divine; monotheism; royal_power,bůh; bůh; král; pán,"I vydal Pán v ruku jeho Joakima krále Judského, a něco nádobí domu Božího. Kterýž zavezl je do země Sinear, do domu boha svého, a nádobí to dal vnésti do domu pokladu boha svého."
770,bible_BKR_Da.txt,royal_power,král,"Rozkázal také král Ašpenazovi, správci dvořanů svých, aby přivedl z synů Izraelských, z semene královského a z knížat,"
771,bible_BKR_Da.txt,wisdom,moudrost,"Mládence, na nichž by nebylo žádné poškvrny, a krásného oblíčeje, a vtipné ke vší moudrosti, a schopné k umění i k nabývání jeho, a v kterýchž by byla síla, aby stávali na palácu královském, a učili se liternímu umění a jazyku Kaldejskému."
772,bible_BKR_Da.txt,royal_power,král,"I nařídil jim král odměřený pokrm na každý den z stolu královského, i vína, kteréž on sám pil, a aby je tak choval za tři léta, a po dokonání jich aby stávali před králem."
775,bible_BKR_Da.txt,royal_power,král,"Ale Daniel uložil v srdci svém, aby se nepoškvrňoval pokrmem z stolu královského, a vínem, kteréž král pil. Pročež hledal toho u správce nad dvořany, aby se nemusil poškvrňovati."
776,bible_BKR_Da.txt,divine; monotheism,bůh; bůh; milost,I způsobil Bůh Danielovi milost a lásku u správce nad dvořany.
777,bible_BKR_Da.txt,royal_power,král,"A řekl správce nad dvořany Danielovi: Já se bojím pána svého krále, kterýž vyměřil pokrm váš a nápoj váš, tak že uzřel-li by, že tváře vaše opadlejší jsou, nežli mládenců těch, kteříž podobně jako i vy chování býti mají, způsobíte mi to u krále, že přijdu o hrdlo."
784,bible_BKR_Da.txt,divine; monotheism; prophetic_speech; wisdom,bůh; bůh; moudrost; vidění,"Mládence pak ty čtyři obdařil Bůh povědomostí a rozumností ve všelikém literním umění a moudrostí; nadto Danielovi dal, aby rozuměl všelikému vidění a snům."
785,bible_BKR_Da.txt,royal_power,král,"A když se dokonali dnové, po kterýchž rozkázal král, aby je přivedli, přivedl je správce dvořanů před Nabuchodonozora."
786,bible_BKR_Da.txt,royal_power,král,"I mluvil s nimi král. Ale není nalezen mezi všemi těmi, jako Daniel, Chananiáš, Mizael a Azariáš. I stávali před králem."
787,bible_BKR_Da.txt,royal_power; wisdom,král; království; moudrost,"A ve všelikém slovu moudrosti a rozumnosti, na kteréž se jich doptával král, nalezl je desetkrát zběhlejší nade všecky mudrce a hvězdáře, kteříž byli ve všem království jeho."
788,bible_BKR_Da.txt,royal_power,král,I zůstával tu Daniel až do léta prvního Cýra krále.
789,bible_BKR_Da.txt,divine,duch,"Léta pak druhého kralování Nabuchodonozora měl Nabuchodonozor sen, a děsil se duch jeho, až se tudy i ze sna protrhl."
790,bible_BKR_Da.txt,royal_power,král,"I rozkázal král svolati mudrce, a hvězdáře i kouzedlníky a Kaldejské, aby oznámili králi sen jeho. Kteřížto přišli, a postavili se před králem."
791,bible_BKR_Da.txt,divine; royal_power,duch; král,"Tedy řekl jim král: Měl jsem sen, a předěsil se duch můj, tak že nevím, jaký to byl sen."
792,bible_BKR_Da.txt,royal_power,král,"I mluvili Kaldejští králi Syrsky: Králi, na věky buď živ. Pověz sen služebníkům svým, a oznámímeť výklad."
793,bible_BKR_Da.txt,royal_power,král,"Odpověděl král a řekl Kaldejským: Ten sen mi již z paměti vyšel. Neoznámíte-li mi snu i výkladu jeho, na kusy rozsekáni budete, a domové vaši v záchody obráceni budou."
795,bible_BKR_Da.txt,royal_power,král,"Odpověděli po druhé a řekli: Nechať král sen poví služebníkům svým, a výklad jeho oznámíme."
796,bible_BKR_Da.txt,royal_power,král,"Odpověděl král a řekl: Jistotně rozumím tomu, že naschvál odtahujete, vidouce, že mi vyšel z paměti ten sen."
798,bible_BKR_Da.txt,royal_power,kníže; král,"Odpověděli Kaldejští králi a řekli: Není člověka na zemi, kterýž by tu věc králi oznámiti mohl. Nadto žádný král, kníže neb potentát takové věci se nedoptával na žádném mudrci a hvězdáři aneb Kaldeovi."
799,bible_BKR_Da.txt,royal_power,král,"Nebo ta věc, na niž se král ptá, nesnadná jest, a není jiného, kdo by ji oznámiti mohl králi, kromě bohů, kteříž bydlení s lidmi nemají."
800,bible_BKR_Da.txt,royal_power,král,"Z té příčiný rozlítil se král a rozhněval velmi, a přikázal, aby zhubili všecky mudrce Babylonské."
803,bible_BKR_Da.txt,royal_power,král,"A odpovídaje, řekl Ariochovi, hejtmanu královskému: Proč ta výpověd náhle vyšla od krále? I oznámil tu věc Arioch Danielovi."
804,bible_BKR_Da.txt,royal_power,král,"Pročež Daniel všed, prosil krále, aby jemu prodlel času k oznámení výkladu toho králi."
806,bible_BKR_Da.txt,divine; monotheism,bůh; bůh,"Aby se za milosrdenství modlili Bohu nebeskému příčinou té věci tajné, a nebyli zahubeni Daniel a tovaryši jeho s pozůstalými mudrci Babylonskými."
807,bible_BKR_Da.txt,divine; monotheism; prophetic_speech,bůh; bůh; vidění,I zjevena jest Danielovi u vidění nočním ta věc tajná. Pročež Daniel dobrořečil Bohu nebeskému.
810,bible_BKR_Dt.txt,christian_elements; divine; monotheism; yhwh_elements,hospodin; hospodin; hospodin; hospodin,"Stalo se pak čtyřidcátého léta, jedenáctého měsíce, v první den téhož měsíce, že mluvil Mojžíš synům Izraelským všecky věci, kteréž jemu byl přikázal Hospodin oznámiti jim,"
811,bible_BKR_Dt.txt,royal_power,král,"Kdyžto již byl zabil Seona, krále Amorejského, kterýž bydlil v Ezebon, a Oga, krále Bázan, kterýž bydlil v Astarot, zabil v Edrei."
812,bible_BKR_Dt.txt,covenant_law; legal,zákon; zákon,"Před Jordánem, v zemi Moábské, počal Mojžíš vysvětlovati zákona tohoto, řka:"
813,bible_BKR_Dt.txt,christian_elements; divine; monotheism; yhwh_elements,bůh; bůh; hospodin; hospodin; hospodin; hospodin,"Hospodin Bůh náš mluvil k nám na Orébě, řka: Dosti jste již na hoře této bydlili."
815,bible_BKR_Dt.txt,christian_elements; divine; monotheism; yhwh_elements,hospodin; hospodin; hospodin; hospodin,"Ej, ukázal jsem vám tu zemi; vejdětež do ní, a dědičně vládněte jí, kterouž s přísahou zaslíbil dáti Hospodin otcům vašim, Abrahamovi, Izákovi a Jákobovi, i semeni jejich po nich."
817,bible_BKR_Dt.txt,christian_elements; divine; monotheism; yhwh_elements,bůh; bůh; hospodin; hospodin; hospodin; hospodin,"Hospodin Bůh váš rozmnožil vás, a hle, rozmnoženi jste dnes jako hvězdy nebeské."
818,bible_BKR_Dt.txt,christian_elements; divine; monotheism; yhwh_elements,bůh; bůh; hospodin; hospodin; hospodin; hospodin,"(Hospodin Bůh otců vašich rozmnožiž vás nad to, jakž jste nyní, tisíckrát více, a požehnej vám, jakož jest mluvil vám.)"
820,bible_BKR_Dt.txt,genealogy_lineage,pokolení,"Vydejte z sebe muže moudré a opatrné, a zkušené z pokolení svých, abych je vám představil."
822,bible_BKR_Dt.txt,genealogy_lineage,pokolení,"Vzav tedy přední z pokolení vašich, muže moudré a zkušené, ustanovil jsem je knížaty nad vámi, hejtmany nad tisíci, setníky, padesátníky, desátníky a správce v pokoleních vašich."
824,bible_BKR_Dt.txt,legal,soud,"Nebudete přijímati osoby v soudu; jakž malého tak i velikého slyšeti budete, nebudete se báti žádného, nebo Boží soud jest. Jestliže byste pak měli jakou věc nesnadnou, vznesete na mne, a vyslyším ji."
826,bible_BKR_Dt.txt,christian_elements; divine; monotheism; yhwh_elements,bůh; bůh; hospodin; hospodin; hospodin; hospodin,"Potom pak hnuvše se z Oréb, přešli jsme všecku poušť tuto velikou a hroznou, kterouž jste viděli, jdouce cestou k hoře Amorejských, jakož nám byl přikázal Hospodin Bůh náš, a přišli jsme až do Kádesbarne."
827,bible_BKR_Dt.txt,christian_elements; divine; monotheism; yhwh_elements,bůh; bůh; hospodin; hospodin; hospodin; hospodin,"I řekl jsem vám: Přišli jste až k hoře Amorejské, kterouž Hospodin Bůh náš dává nám."
828,bible_BKR_Dt.txt,christian_elements; divine; monotheism; yhwh_elements,bůh; bůh; hospodin; hospodin; hospodin; hospodin,"Ej, dal Hospodin Bůh tvůj tu zemi tobě; vstupiž a vládni jí, jakož řekl Hospodin Bůh otců tvých tobě; neboj se, aniž se strachuj."
830,bible_BKR_Dt.txt,genealogy_lineage,pokolení,"Kterážto řeč líbila se mně, a vzal jsem z vás dvanácte mužů, jednoho muže z každého pokolení."
832,bible_BKR_Dt.txt,christian_elements; divine; monotheism; yhwh_elements,bůh; bůh; hospodin; hospodin; hospodin; hospodin,"Nabrali také s sebou ovoce země té, a přinesli nám, a oznámili nám o těch věcech, řkouce: Dobráť jest země, kterouž Hospodin Bůh náš dává nám."
833,bible_BKR_Dt.txt,christian_elements; divine; monotheism; yhwh_elements,bůh; bůh; hospodin; hospodin; hospodin; hospodin,"A však jste nechtěli jíti, ale odpírali jste řeči Hospodina Boha svého."
834,bible_BKR_Dt.txt,christian_elements; divine; monotheism; yhwh_elements,hospodin; hospodin; hospodin; hospodin,"A reptali jste v staních svých, řkouce: Proto že nás v nenávisti měl Hospodin, vyvedl nás z země Egyptské, aby nás vydal v ruce Amorejského, a zahladil nás."
837,bible_BKR_Dt.txt,christian_elements; divine; monotheism; yhwh_elements,bůh; bůh; hospodin; hospodin; hospodin; hospodin,"Hospodin Bůh váš, kterýž jde před vámi, onť bojovati bude za vás rovně tak, jakž učinil s vámi v Egyptě, před očima vašima."
838,bible_BKR_Dt.txt,christian_elements; divine; monotheism; yhwh_elements,bůh; bůh; hospodin; hospodin; hospodin; hospodin,"Ano i na poušti viděl jsi, kterak nesl tebe Hospodin Bůh tvůj, jako nosí člověk syna svého, a to po vší cestě, kterouž jste šli, až jste přišli na toto místo."
839,bible_BKR_Dt.txt,christian_elements; divine; monotheism; yhwh_elements,bůh; bůh; hospodin; hospodin; hospodin; hospodin,"A ani tak uvěřili jste Hospodinu Bohu svému,"
841,bible_BKR_Dt.txt,christian_elements; divine; monotheism; yhwh_elements,hospodin; hospodin; hospodin; hospodin,"Uslyšel pak Hospodin hlas řečí vašich, a rozhněval se, a přisáhl, řka:"
842,bible_BKR_Dt.txt,genealogy_lineage; moral,dobrý; pokolení; zlý,"Jistě že nižádný z lidí těchto pokolení zlého neuzří země té dobré, kterouž jsem s přísahou zaslíbil dáti otcům vašim,"
843,bible_BKR_Dt.txt,christian_elements; divine; monotheism; yhwh_elements,hospodin; hospodin; hospodin; hospodin,"Kromě Kálefa, syna Jefonova; tenť ji uzří, a jemu dám zemi, po níž chodil, i synům jeho, proto že cele následoval Hospodina."
844,bible_BKR_Dt.txt,christian_elements; divine; monotheism; yhwh_elements,hospodin; hospodin; hospodin; hospodin,"Ano i na mne rozhněval se Hospodin příčinou vaší, řka: Také ani ty nevejdeš tam."
845,bible_BKR_Dt.txt,kinship,syn,"Jozue, syn Nun, kterýž stojí před tebou, onť vejde tam, jeho posilň, nebo on rozdělí ji losem Izraelovi."
846,bible_BKR_Dt.txt,kinship; moral,dobrý; syn; zlý,"A dítky vaše, o kterýchž jste pravili, že v loupež budou, a synové vaši, kteříž ještě neznají dobrého ani zlého, oni vejdou do ní, a jim dám ji; oni dědičně ji obdrží."
848,bible_BKR_Ef.txt,christian_elements; divine,apoštol; ježíš; ježíš; kristus; kristus,"Pavel apoštol Jezukristův, skrze vůli Boží, svatým, kteří jsou v Efezu, a věrným v Kristu Ježíši:"
849,bible_BKR_Ef.txt,christian_elements; divine; monotheism,bůh; bůh; ježíš; ježíš; milost,Milost vám a pokoj od Boha Otce našeho a Pána Jezukrista.
850,bible_BKR_Ef.txt,christian_elements; divine; monotheism,bůh; bůh; ježíš; ježíš; kristus; kristus,"Požehnaný Bůh a Otec Pána našeho Jezukrista, kterýž požehnal nám všelikým požehnáním duchovním v nebeských věcech v Kristu,"
852,bible_BKR_Ef.txt,christian_elements; divine,ježíš; ježíš; kristus; kristus,"Předzřídiv nás k zvolení za syny skrze Ježíše Krista pro sebe, podlé dobře libé vůle své,"
853,bible_BKR_Ef.txt,divine,milost,"K chvále slávy milosti své, kterouž vzácné nás učinil v tom nejmilejším."
854,bible_BKR_Ef.txt,divine,milost,"V němž máme vykoupení skrze krev jeho, totiž odpuštění hříchů, podlé bohatství milosti jeho,"
855,bible_BKR_Ef.txt,wisdom,moudrost,"Kterouž rozhojnil k nám ve vší moudrosti a opatrnosti,"
856,bible_BKR_Ef.txt,moral,dobrý,"Oznámiv nám tajemství vůle své podlé dobré líbosti své, kterouž předuložil byl sám v sobě,"
857,bible_BKR_Ef.txt,christian_elements; divine,kristus; kristus,"Aby v dokonání plnosti časů v jedno shromáždil všecko v Kristu, buď nebeské věci, buď zemské."
859,bible_BKR_Ef.txt,christian_elements; divine,kristus; kristus,"Abychom tak byli k chvále slávy jeho my, kteříž jsme prvé naději měli v Kristu."
860,bible_BKR_Ef.txt,christian_elements; divine; moral,duch; evangelium; pravda,"V kterémž i vy naději máte, slyševše slovo pravdy, totiž evangelium spasení svého, skrze kteréž také, uvěřivše, znamenáni jste Duchem zaslíbení svatým,"
862,bible_BKR_Ef.txt,christian_elements; divine,ježíš; ježíš; víra,"Protož i já, slyšev o vaší víře v Pánu Ježíši, a o lásce ke všechněm svatým,"
864,bible_BKR_Ef.txt,christian_elements; divine; monotheism; prophetic_speech; wisdom,bůh; bůh; duch; ježíš; ježíš; moudrost; poznání; zjevení,"Aby Bůh Pána našeho Jezukrista, Otec slávy, dal vám Ducha moudrosti a zjevení ku poznání jeho,"
867,bible_BKR_Ef.txt,christian_elements; divine,kristus; kristus,"Kteréž dokázal na Kristu, vzkřísiv jej z mrtvých, a posadiv na pravici své na nebesích,"
871,bible_BKR_Ef.txt,life_death,mrtvý,"I vás obživil mrtvé v vinách a hříších,"
872,bible_BKR_Ef.txt,divine,duch,"V nichž jste někdy chodili podlé obyčeje světa tohoto, a podlé knížete mocného v povětří, ducha toho, kterýž nyní dělá v synech zpoury."
873,bible_BKR_Ef.txt,kinship,syn,"Mezi nimiž i my všickni obcovali jsme někdy v žádostech těla svého, činivše to, což se líbilo tělu a mysli, a byli jsme z přirození synové hněvu jako i jiní."
874,bible_BKR_Ef.txt,divine; monotheism,bůh; bůh,"Ale Bůh, bohatý jsa v milosrdenství pro velikou lásku svou, kterouž zamiloval nás,"
875,bible_BKR_Ef.txt,christian_elements; divine; life_death,kristus; kristus; milost; mrtvý,"Také i nás, když jsme mrtví byli v hříších, obživil spolu s Kristem, (milostí spaseni jste),"
876,bible_BKR_Ef.txt,christian_elements; divine,ježíš; ježíš; kristus; kristus,"A spolu s ním vzkřísil, i posadil na nebesích v Kristu Ježíši,"
877,bible_BKR_Ef.txt,christian_elements; divine,ježíš; ježíš; kristus; kristus; milost,"Aby ukázal v věku budoucím nepřevýšené bohatství milosti své, z dobroty své k nám v Kristu Ježíši."
878,bible_BKR_Ef.txt,divine,milost,"Nebo milostí spaseni jste skrze víru, (a to ne sami z sebe, darť jest to Boží),"
880,bible_BKR_Ef.txt,christian_elements; divine; monotheism,bůh; bůh; ježíš; ježíš; kristus; kristus,"Jsme zajisté jeho dílo, jsouce stvořeni v Kristu Ježíši k skutkům dobrým, kteréž Bůh připravil, abychom v nich chodili."
882,bible_BKR_Ef.txt,christian_elements; divine; monotheism,bůh; bůh; kristus; kristus,"Vy jste byli onoho času bez Krista, odcizení od společnosti Izraele, a cizí od úmluv zaslíbení, naděje nemající, a bez Boha na světě."
883,bible_BKR_Ef.txt,christian_elements; divine,ježíš; ježíš; kristus; kristus,"Ale nyní v Kristu Ježíši vy, kteříž jste někdy byli dalecí, blízcí učiněni jste skrze krev Kristovu."
885,bible_BKR_Ef.txt,covenant_law; legal,zákon; zákon,"A nepřátelství, totiž zákon přikázaní v ustanoveních, vyprázdniv skrze tělo své, aby ty oboje vzdělal v samém sobě v jednoho nového člověka, tak čině pokoj,"
886,bible_BKR_Ef.txt,christian_elements; divine; monotheism,bůh; bůh; kříž,"A v mír uvodě oboje v jenom těle Bohu skrze kříž, vyhladiv nepřátelství skrze něj."
888,bible_BKR_Est.txt,royal_power,král,"Stalo se pak za času krále Asvera, (to jest ten Asverus, jenž kraloval od Indie až k Mouřenínské zemi nad sto dvadcíti a sedmi krajinami),"
889,bible_BKR_Est.txt,royal_power,král; království,"Že toho času, když seděl král Asverus na stolici království svého, jenž byla v Susan, městě královském,"
891,bible_BKR_Est.txt,royal_power,království,"Ukazuje bohatství, slávu království svého a čest, i ozdobu důstojnosti své za mnoho dnů, totiž za sto a osmdesáte dnů."
892,bible_BKR_Est.txt,royal_power,král,"(A když se vyplnili dnové ti, učinil král všemu lidu, což ho koli bylo v Susan městě královském, od největšího až do nejmenšího, hody za sedm dní na paláci v zahradě při domě královském.)"
894,bible_BKR_Est.txt,royal_power,král,"Nápoj pak dávali v nádobách zlatých, a to v nádobách jiných a jiných, i vína královského v hojnosti, jakž slušelo na krále."
895,bible_BKR_Est.txt,legal; royal_power,král; nařízení,"Ale ku pití, podlé nařízení, žádný nenutil. Nebo tak poručil král všechněm správcům domu svého, aby činili podlé vůle jednoho každého."
896,bible_BKR_Est.txt,royal_power,král,Také i královna Vasti učinila hody ženám v domě královském krále Asvera.
897,bible_BKR_Est.txt,royal_power,král,"Dne pak sedmého, když se podveselil král vínem, rozkázal Mehumanovi, Biztovi, Charbonovi, Bigtovi a Abagtovi, Zetarovi a Karkasovi, sedmi komorníkům, kteříž sloužili před oblíčejem krále Asvera,"
898,bible_BKR_Est.txt,royal_power,král,"Aby přivedli Vasti královnu před oblíčej krále v koruně královské, aby okázal národům i knížatům krásu její; nebo velmi krásná byla."
899,bible_BKR_Est.txt,royal_power,král,"Ale odepřela královna Vasti přijíti k rozkazu královskému, skrze ty komorníky vzkázanému. Pročež král rozhněval se velmi a rozpálil se hněvem sám v sobě."
900,bible_BKR_Est.txt,royal_power,král,"I řekl král mudrcům znajícím časy, (nebo tak každé věci podával král na všecky zběhlé v právích a soudech),"
901,bible_BKR_Est.txt,royal_power,král,"A nejbližšímu sebe Charsenovi, Setarovi, Admatovi, Tarsisovi, Meresovi, Marsenovi, Memuchanovi, sedmi vývodám Perským a Médským, jenž vídali tvář královskou, a sedali první po králi:"
902,bible_BKR_Est.txt,royal_power,král,"Co se má podlé práva státi s královnou Vasti, proto že nevyplnila rozkazu krále Asvera, stalého skrze komorníky?"
903,bible_BKR_Est.txt,royal_power,král,"Tedy řekl Memuchan před králem i knížaty: Ne proti samému králi zavinila královna Vasti, ale proti všechněm knížatům, a proti všechněm národům všech krajin Asvera krále."
904,bible_BKR_Est.txt,royal_power,král,"Nebo když se donese to, co učinila královna, všech žen, zlehčí sobě muže své a řeknou: An král Asverus rozkázal přivésti královnu Vasti před oblíčej svůj, a však nepřišla."
906,bible_BKR_Est.txt,moral; royal_power,dobrý; král; království,"Jestliže se tedy králi za dobré vidí, nechť se stane výpověď královská od oblíčeje jeho, a nechť jest vepsána mezi práva Perská a Médská, kteráž by nemohla změněna býti, že nechtěla přijíti Vasti před oblíčej krále Asvera, pročež království její dá král jiné, lepší nežli ona."
907,bible_BKR_Est.txt,royal_power,království,"Tak když uslyší výpověd královskou, kterouž vyhlásiti dá po všem království svém, jakkoli veliké jest, všecky ženy v poctivosti míti budou manžely své, od největšího až do nejmenšího."
908,bible_BKR_Est.txt,royal_power,král,"I líbila se ta rada králi i knížatům, a učinil král podlé rady Memuchanovy."
910,bible_BKR_Est.txt,royal_power,král,"Ty věci když se zběhly, a když se upokojila prchlivost krále Asvera, zpomenul na Vasti a na to, což byla učinila, též i na to, jaká se výpověd stala proti ní."
911,bible_BKR_Est.txt,royal_power,král,"I řekli mládenci královští, služebníci jeho: Nechť hledají králi mladic, panen krásných."
912,bible_BKR_Est.txt,royal_power,král; království,"A nechť zřídí král úředníky ve všech krajinách království svého, kteříž by shromáždili všecky mladice, panny krásné, do Susan města královského, do domu ženského, pod stráž Hegai komorníka královského, strážce žen, a ať jim vydává okrasy jejich."
913,bible_BKR_Est.txt,royal_power,král,"A mladice, kteráž by se zalíbila králi, aby kralovala místo Vasti. I líbila se ta věc králi, a učinil tak."
914,bible_BKR_Est.txt,genealogy_lineage; kinship,pokolení; syn,"Byl pak jeden Žid v Susan, městě královském, jménem Mardocheus syn Jairův, syna Simei, syna Cis, z pokolení Beniamin."
915,bible_BKR_Est.txt,royal_power,král,"A ten byl přestěhován z Jeruzaléma s přestěhovanými, kteříž přestěhováni byli s Jekoniášem králem Judským, kteréhož přestěhoval Nabuchodonozor král Babylonský."
916,bible_BKR_Est.txt,kinship; life_death,otec; smrt,"Ten choval Hadassu, jinak Esteru, dceru strýce svého, proto že neměla otce ani matky. A děvečka ta byla pěkné postavy a krásné tváři, kterouž po smrti otce a matky její vzal sobě Mardocheus za dceru."
918,bible_BKR_Est.txt,divine,milost,"I líbila se jemu ta mladice, a našla milost u něho. Pročež i hned dal jí okrasu její a díl její, a sedm panen způsobných z domu královského; k tomu opatření její i jejích panen proměnil v lepší v domě ženském."
921,bible_BKR_Est.txt,royal_power,král,"Když pak přišel jistý čas jedné každé panny, aby vešla před krále Asvera, když se vyplnilo při ní podlé práva žen, za dvanácte měsíců, (nebo za tolik dnů ozdobovaly se, šest měsíců olejem mirrovým, a šest měsíců věcmi vonnými a ozdobami ženskými),"
922,bible_BKR_Est.txt,royal_power,král,"A tak přicházela panna před krále. Cožkoli řekla, dávalo se jí, aby s tím šla z domu žen až k domu královskému."
923,bible_BKR_Est.txt,royal_power,král,"U večer vcházela k králi, a ráno zase odcházela do druhého domu ženského, pod stráž Saasgazy, komorníka královského, strážce ženin. Nepřicházela více k králi, ale jestliže se líbila králi, povolána bývala ze jména."
924,bible_BKR_Est.txt,royal_power,král,"Tedy když přišel čas jistý Estery, dcery Abichaile, strýce Mardocheova, kterouž byl vzal sobě za dceru, aby vešla k králi, nežádala ničeho, než což řekl Hegai komorník královský, strážce žen. I líbila se Ester všechněm, kteříž ji viděli."
925,bible_BKR_Est.txt,royal_power,král,"A tak vzata jest Ester k králi Asverovi do domu jeho královského, měsíce desátého, (jenž jest měsíc Tebet), léta sedmého kralování jeho."
926,bible_BKR_Est.txt,divine; royal_power,král; milost,"I zamiloval král Ester nade všecky jiné ženy, a nalezla milost a lásku u něho nade všecky panny, tak že vstavil korunu královskou na hlavu její, a učinil ji královnou místo Vasti."
927,bible_BKR_Est.txt,royal_power,král,"K tomu také učinil král hody veliké všechněm knížatům svým a služebníkům svým, totiž hody Estery, a dal odpočinutí krajinám, a daroval je tak, jakž slušelo na krále."
933,bible_BKR_Ex.txt,genealogy_lineage,rod,"I umřel Jozef a všickni bratří jeho, a všecken ten rod."
934,bible_BKR_Ex.txt,kinship,syn,"Synové pak Izraelští rozmnožili se a rodili se v hojnosti; a rozhojňovali se, i zsilili se náramně velmi, a naplněna jest jimi země."
935,bible_BKR_Ex.txt,royal_power,král,"V tom povstal král nový v Egyptě, kterýž neznal Jozefa."
937,bible_BKR_Ex.txt,war_conflict,válka,"Nuže, opatrně sobě počínejme před ním, aby se nerozmohl; a když by přišla válka, aby se nepřipojil i on k nepřátelům našim, a nebojoval proti nám, a nevyšel z země."
942,bible_BKR_Ex.txt,royal_power,král,"I poručil král Egyptský babám Hebrejským, z nichž jedna sloula Sefora a druhá Fua,"
943,bible_BKR_Ex.txt,kinship,dcera; syn,"A řekl: Když budete pomáhati ženám Hebrejským při porodu, a uzříte, že již rodí, byl-li by syn, zabíte ho, pakli dcera, tedy ať jest živa."
944,bible_BKR_Ex.txt,divine; monotheism; royal_power,bůh; bůh; král,"Bály se pak ty baby Boha, a nečinily tak, jakž jim poručil král Egyptský, ale živých nechávaly pacholíků."
945,bible_BKR_Ex.txt,royal_power,král,"Povolav tedy bab král Egyptský, mluvil jim: Proč jste to učinily, že jste živé zachovaly pacholíky?"
947,bible_BKR_Ex.txt,divine; monotheism,bůh; bůh,"I učinil dobře Bůh těm babám. A rozmnožen jest lid, a zsilili se velmi."
948,bible_BKR_Ex.txt,divine; monotheism,bůh; bůh,"Stalo se pak proto, že se bály baby ty Boha, vzdělal jim domy."
949,bible_BKR_Ex.txt,kinship,syn,"I přikázal Farao všemu lidu svému, řka: Každého syna, kterýž se narodí, do řeky uvrzte; každé pak dcery nechte živé."
950,bible_BKR_Ex.txt,genealogy_lineage,pokolení,"Odšed pak muž jeden z domu Léví, vzal dceru z pokolení Léví."
951,bible_BKR_Ex.txt,kinship,syn,"I počala žena ta, a porodila syna; a viduci, že jest krásný, kryla ho za tři měsíce."
954,bible_BKR_Ex.txt,kinship,dcera,"A v tom sešla dcera Faraonova, aby se myla v řece; a děvečky její procházely se po břehu řeky. A uzřevši ošitku mezi rákosím, poslala děvečku svou, a vzala ji."
956,bible_BKR_Ex.txt,kinship,sestra,"I řekla sestra jeho k dceři Faraonově: Mám-li jíti a zavolati tobě chůvy z žen Hebrejských, kteráž by odchovala tobě dítě?"
957,bible_BKR_Ex.txt,kinship,dcera,Odpověděla dcera Faraonova: Jdi. Tedy šla děvečka a zavolala matky toho dítěte.
958,bible_BKR_Ex.txt,kinship,dcera,"I řekla jí dcera Faraonova: Vezmi toto dítě, a odchovej mi je; a jáť dám mzdu tvou. I vzala žena dítě, a chovala je."
959,bible_BKR_Ex.txt,kinship,syn,"A když odrostlo pachole, dovedla je k dceři Faraonově, kteráž jej měla za syna; a nazvala jméno jeho Mojžíš, řkuci: Nebo jsem ho z vody vytáhla."
964,bible_BKR_Ex.txt,kinship; royal_power,kníže; otec,"Kníže pak Madianské mělo sedm dcer. Kteréžto přišedše, vážily vodu, a nalívaly do koryt, aby napájely dobytek otce svého."
966,bible_BKR_Ex.txt,kinship,otec,"A když se navrátily k Raguelovi, otci svému, řekl on: Jakž jste to dnes tak brzo přišly?"
968,bible_BKR_Ez.txt,prophetic_speech,vidění,"Stalo se pak třidcátého léta, čtvrtého měsíce, dne pátého, když jsem byl mezi zajatými u řeky Chebar, že otevřína byla nebesa, a viděl jsem vidění Boží."
969,bible_BKR_Ez.txt,royal_power,král,"Pátého dne téhož měsíce, pátého léta zajetí krále Joachina,"
970,bible_BKR_Ez.txt,christian_elements; divine; monotheism; moral; yhwh_elements,hospodin; hospodin; hospodin; hospodin; pravda,"V pravdě stalo se slovo Hospodinovo k Ezechielovi knězi, synu Buzi, v zemi Kaldejské u řeky Chebar, a byla nad ním ruka Hospodinova."
979,bible_BKR_Ez.txt,divine,duch,"A každé přímo na svou stranu šlo. Kamkoli ukazoval duch, aby šla, tam šla, neuchylovala se, když chodila."
987,bible_BKR_Ez.txt,divine,duch,"Kdekoli chtěl Duch, aby šla, tam šla; kde Duch chtěl jíti, i kola vznášela se naproti nim, nebo duch zvířat byl v kolách."
988,bible_BKR_Ez.txt,divine,duch,"Když ona šla, šla, a když ona stála, stála, a když se vznášela od země, vznášela se také kola s nimi, nebo duch zvířat byl v kolách."
995,bible_BKR_Ez.txt,prophetic_speech,vidění,"Na pohledění jako duha, kteráž bývá na oblace v čas deště, takový na pohledění byl blesk vůkol. To bylo vidění podobenství slávy Hospodinovy. Kteréžto viděv, padl jsem na tvář svou, a slyšel jsem hlas mluvícího."
996,bible_BKR_Ez.txt,kinship,syn,"Kterýž řekl ke mně: Synu člověčí, postav se na nohy své, ať mluvím s tebou."
997,bible_BKR_Ez.txt,divine,duch,"I vstoupil do mne duch, když promluvil ke mně, a postavil mne na nohy mé, a slyšel jsem, an mluví ke mně."
998,bible_BKR_Ez.txt,kinship,syn,"Kterýž řekl mi: Synu člověčí, já tě posílám k synům Izraelským, k národům zpurným, kteříž zpurně se postavovali proti mně; oni i otcové jejich zpronevěřovali se mi, až právě do tohoto dne."
999,bible_BKR_Ez.txt,christian_elements; divine; monotheism; yhwh_elements,hospodin; hospodin; hospodin; hospodin,"K těch, pravím, synům nestydaté tváři a zatvrdilého srdce já posílám tě, a díš k nim: Takto praví Panovník Hospodin,"
1000,bible_BKR_Ez.txt,prophetic_speech,prorok,"Již oni slyšte neb nechte: Že dům zpurný jsou. Ať vědí, že prorok byl u prostřed nich."
1001,bible_BKR_Ez.txt,kinship; war_conflict,boj; syn,"Ty pak synu člověčí, neboj se jich, aniž se boj slov jejich, že zpurní a jako trní jsou proti tobě, a že mezi štíry bydlíš. Slov jejich neboj se, a tváři jejich se nestrachuj, proto že dům zpurný jsou."
1003,bible_BKR_Ez.txt,kinship,syn,"Ty pak synu člověčí, slyš, co já pravím tobě: Nebuď zpurný jako ten dům zpurný. Otevři ústa svá, a sněz, co já tobě dám."
1006,bible_BKR_Ez.txt,kinship,syn,"Tedy řekl mi: Synu člověčí, což před tebou jest, sněz, sněz knihu tuto, a jdi, mluv k domu Izraelskému."
1008,bible_BKR_Ezd.txt,christian_elements; divine; monotheism; royal_power; yhwh_elements,duch; hospodin; hospodin; hospodin; hospodin; král; království,"Léta prvního Cýra krále Perského, aby se naplnila řeč Hospodinova skrze ústa Jeremiášova, vzbudil Hospodin ducha Cýrova krále Perského, aby dal provolati po všem království svém, ano také i rozepsal, řka:"
1009,bible_BKR_Ezd.txt,christian_elements; divine; monotheism; royal_power; yhwh_elements,bůh; bůh; hospodin; hospodin; hospodin; hospodin; král; království,"Toto praví Cýrus král Perský: Všecka království země dal mi Hospodin Bůh nebeský, a on mi poručil, abych mu vystavěl dům v Jeruzalémě, kterýž jest v Judstvu."
1010,bible_BKR_Ezd.txt,christian_elements; divine; monotheism; yhwh_elements,bůh; bůh; hospodin; hospodin; hospodin; hospodin,"Kdo jest mezi vámi ze všeho lidu jeho, budiž Bůh jeho s ním, a nechať jde do Jeruzaléma, kterýž jest v Judstvu, a staví dům Hospodina Boha Izraelského, toho Boha, kterýž jest v Jeruzalémě."
1011,bible_BKR_Ezd.txt,ritual_sacrifice,oběť,"Kdož by pak zůstal na kterémkoli místě, kdež jest pohostinu, lidé místa toho ať mu pomohou stříbrem a zlatem, statkem i hovady, mimo oběti dobrovolné k domu Božímu, kterýž jest v Jeruzalémě."
1012,bible_BKR_Ezd.txt,christian_elements; divine; genealogy_lineage; monotheism; ritual_sacrifice; yhwh_elements,bůh; bůh; duch; hospodin; hospodin; hospodin; hospodin; kněz; pokolení,"I povstali přední z čeledí otců z pokolení Judova a Beniaminova, kněží také a Levítové i každý, číhož ducha vzbudil Bůh, aby šli k stavení domu Hospodinova, kterýž jest v Jeruzalémě."
1014,bible_BKR_Ezd.txt,christian_elements; divine; monotheism; royal_power; yhwh_elements,bůh; bůh; hospodin; hospodin; hospodin; hospodin; král,"Král také Cýrus vydal nádoby domu Hospodinova, kteréž byl pobral Nabuchodonozor z Jeruzaléma, a dal je byl do domu Boha svého."
1015,bible_BKR_Ezd.txt,royal_power,král,"Vydal je pak Cýrus král Perský skrze Mitridata správce nad poklady, kterýž je vyčtl Sesbazarovi knížeti Judskému."
1019,bible_BKR_Ezd.txt,royal_power,král,"Tito pak jsou lidé té krajiny, kteříž se z zajetí a přestěhování toho brali, jakž je byl přestěhoval Nabuchodonozor král Babylonský do Babylona, a navrátili se do Jeruzaléma a do Judstva, jeden každý do města svého,"
1048,bible_BKR_Fm.txt,christian_elements; divine; kinship,bratr; ježíš; ježíš; kristus; kristus,"Pavel, vězeň Krista Ježíše, a Timoteus bratr, Filemonovi milému, a pomocníku našemu,"
1050,bible_BKR_Fm.txt,christian_elements; divine; monotheism,bůh; bůh; ježíš; ježíš; milost,Milost vám a pokoj od Boha Otce našeho a Pána Jezukrista.
1051,bible_BKR_Fm.txt,divine; monotheism,bůh; bůh,"Díky činím Bohu svému, vždycky zmínku o tobě čině na svých modlitbách,"
1052,bible_BKR_Fm.txt,divine,víra,"Slyše o lásce tvé, a víře, kterouž máš ku Pánu Ježíšovi, i ke všechněm svatým,"
1053,bible_BKR_Fm.txt,christian_elements; divine; moral; wisdom,dobrý; ježíš; ježíš; kristus; kristus; poznání; víra,"Aby společnost víry tvé mocná byla ku poznání všeho toho, cožkoli dobrého jest v vás skrze Krista Ježíše."
1055,bible_BKR_Fm.txt,christian_elements; divine,kristus; kristus,"Protož ačkoli mnohou smělost mám v Kristu rozkázati tobě, což by náleželo,"
1056,bible_BKR_Fm.txt,christian_elements; divine,ježíš; ježíš; kristus; kristus,"Však pro lásku raději prosím, jsa takový, totiž Pavel starý, a nyní i vězeň Ježíše Krista."
1057,bible_BKR_Fm.txt,kinship,syn,"Prosímť pak tebe za syna svého, kteréhož jsem zplodil v vězení svém, Onezima,"
1060,bible_BKR_Fm.txt,christian_elements,evangelium,"Kteréhož já chtěl jsem byl při sobě zdržeti, aby mi posluhoval místo tebe v vězení pro evangelium;"
1061,bible_BKR_Fm.txt,moral,dobrý,"Ale bez vědomí tvého nechtěl jsem nic učiniti, aby dobrý skutek tvůj nebyl bezděčný, ale dobrovolný."
1070,bible_BKR_Fm.txt,christian_elements; divine,ježíš; ježíš; kristus; kristus,"Pozdravují tě Epafras, (spoluvězeň můj pro Krista Ježíše),"
1072,bible_BKR_Fm.txt,christian_elements; divine,duch; ježíš; ježíš; milost,Milost Pána našeho Jezukrista s duchem vaším. Amen.
1073,bible_BKR_Fp.txt,christian_elements; divine,ježíš; ježíš; kristus; kristus,"Pavel a Timoteus, služebníci Ježíše Krista, všechněm svatým v Kristu Ježíši, kteříž jsou v městě Filippis, s biskupy a s jahny:"
1074,bible_BKR_Fp.txt,christian_elements; divine; monotheism,bůh; bůh; ježíš; ježíš; milost,Milost vám a pokoj od Boha Otce našeho a Pána Jezukrista.
1075,bible_BKR_Fp.txt,divine; monotheism,bůh; bůh,"Děkuji Bohu svému, když se koli na vás rozpomenu,"
1077,bible_BKR_Fp.txt,christian_elements,evangelium,"Z vašeho obcování evangelium, hned od prvního dne až posavad,"
1078,bible_BKR_Fp.txt,christian_elements; divine; moral,dobrý; ježíš; ježíš; kristus; kristus,"Jist jsa tím, že ten, kterýž začal v vás dílo dobré, dokoná až do dne Ježíše Krista,"
1079,bible_BKR_Fp.txt,christian_elements; divine,evangelium; milost,"Jakož jest mi spravedlivé tak smysliti o všech vás, proto že vás v srdci mám i v vězení svém, a v obraňování i v utvrzování evangelium, vás všecky účastníky milosti mně dané."
1080,bible_BKR_Fp.txt,christian_elements; divine; legal; monotheism,bůh; bůh; ježíš; ježíš; kristus; kristus; svědek,"Svědek mi jest zajisté Bůh, kterak po všech po vás toužím v střevách Ježíše Krista."
1083,bible_BKR_Fp.txt,christian_elements; divine; legal,ježíš; ježíš; spravedlnost,"Naplněni jsouce ovocem spravedlnosti, kteréž nesete skrze Jezukrista, k slávě a k chvále Boží."
1084,bible_BKR_Fp.txt,christian_elements,evangelium,"Chciť pak, bratří, abyste věděli, že to, což mne obklíčilo, k většímu prospěchu evangelium přišlo,"
1085,bible_BKR_Fp.txt,christian_elements; divine,kristus; kristus,"Tak že vězení mé pro Krista rozhlášeno jest po všem rathouzu, i jinde všudy."
1087,bible_BKR_Fp.txt,christian_elements; divine,kristus; kristus,"A však někteří z závisti a navzdoru, někteří pak také z oblíbení Krista káží."
1088,bible_BKR_Fp.txt,christian_elements; divine,kristus; kristus,"Ti pak, kteříž navzdoru Krista zvěstují, ne v čistotě, domnívají se, že mi k vězení mému ssoužení přidadí;"
1089,bible_BKR_Fp.txt,christian_elements,evangelium,"Kteří pak z lásky, ti vědí, že jsem k obraně evangelium postaven."
1090,bible_BKR_Fp.txt,christian_elements; divine; moral,kristus; kristus; pravda,"Ale což pak o to? Nýbrž jakýmkoli způsobem, buď v samé tvárnosti, buď v pravdě Kristus se zvěstuje, i z tohoť se raduji, a ještě radovati budu."
1091,bible_BKR_Fp.txt,divine,duch,"Nebo vím, že mi to přijde k spasení skrze vaši modlitbu, a pomoc Ducha Jezukristova,"
1092,bible_BKR_Fp.txt,christian_elements; divine; life_death,kristus; kristus; smrt; život,"Podlé pečlivého očekávání a naděje mé, že v ničem nebudu zahanben, ale ve vší doufanlivé smělosti, jakž prvé vždycky, tak i nyní veleben bude Kristus na těle mém, buď skrze život, buď skrze smrt."
1093,bible_BKR_Fp.txt,christian_elements; divine,kristus; kristus,"Mně zajisté živu býti jest Kristus, a umříti zisk."
1095,bible_BKR_Fp.txt,christian_elements; divine,kristus; kristus,"K obémuť se k tomu nakloňuji, žádost maje umříti, a býti s Kristem, což by mnohem lépe bylo,"
1097,bible_BKR_Fp.txt,divine,víra,"Načež spoléhaje, vím, že pobudu, a s vámi se všemi spolu pozůstanu k vašemu prospěchu, a k radosti víry,"
1098,bible_BKR_Fp.txt,christian_elements; divine,ježíš; ježíš; kristus; kristus,"Aby se vaše ze mne chlouba v Kristu Ježíši rozhojnila, skrze mou vám zase přítomnost."
1099,bible_BKR_Fp.txt,christian_elements; divine,duch; evangelium; víra,"Toliko, jakž sluší evangelium Kristovu, obcujte, abych, buď přijda a vás vida, buď vzdálen jsa, slyšel o vás, že stojíte v jednom duchu, jednomyslně pracujíce u víře evangelium,"
1100,bible_BKR_Fp.txt,divine; monotheism,bůh; bůh,"A v ničemž se nestrachujíce protivníků, což jest jim jistým znamením zahynutí, vám pak spasení, a to od Boha."
1101,bible_BKR_Fp.txt,christian_elements; divine,kristus; kristus; milost,"Nebo vám jest to z milosti dáno pro Krista, abyste netoliko v něho věřili, ale také pro něj i trpěli,"
1102,bible_BKR_Fp.txt,war_conflict,boj,"Týž boj majíce, jakýž jste při mně viděli, i nyní o mně slyšíte."
1103,bible_BKR_Fp.txt,christian_elements; divine,duch; kristus; kristus,"Protož jestli jaké potěšení v Kristu, jestli které utěšení lásky, jestli která společnost Ducha, jsou-li která střeva a slitování,"
1107,bible_BKR_Fp.txt,christian_elements; divine,ježíš; ježíš; kristus; kristus,"To tedy, ciťte při sobě, co i při Kristu Ježíši."
1108,bible_BKR_Fp.txt,divine; monotheism,bůh; bůh,"Kterýž jsa v způsobu Božím, nepoložil sobě toho za loupež rovný býti Bohu,"
1110,bible_BKR_Fp.txt,life_death,smrt,"A v způsobu nalezen jako člověk, ponížil se, poslušný byv až do smrti, a to smrti kříže."
1111,bible_BKR_Fp.txt,divine; monotheism,bůh; bůh,"Protož i Bůh povýšil ho nade vše, a dal jemu jméno nad každé jméno,"
1112,bible_BKR_Fp.txt,christian_elements; divine,ježíš; ježíš,"Aby ve jménu Ježíše každé koleno klekalo, těch, kteříž jsou na nebesích, a těch, kteříž jsou na zemi, i těch, kteříž jsou pod zemí,"
1113,bible_BKR_Ga.txt,christian_elements; divine; monotheism,apoštol; bůh; bůh; ježíš; ježíš,"Pavel apoštol, (ne od lidí, ani skrze člověka, ale skrze Jezukrista, a Boha Otce, kterýž jej vzkřísil z mrtvých),"
1115,bible_BKR_Ga.txt,christian_elements; divine; monotheism,bůh; bůh; ježíš; ježíš; milost,"Milost vám a pokoj od Boha Otce a Pána našeho Jezukrista,"
1116,bible_BKR_Ga.txt,divine; monotheism; moral,bůh; bůh; hřích; zlý,"Kterýž vydal sebe samého za hříchy naše, aby nás vytrhl z tohoto přítomného věku zlého, podlé vůle Boha a Otce našeho,"
1118,bible_BKR_Ga.txt,christian_elements; divine,evangelium; milost,"Divím se, že jste tak rychle od toho, kterýž vás povolal v milost Kristovu, uchýlili se k jinému evangelium."
1119,bible_BKR_Ga.txt,christian_elements; divine,evangelium; kristus; kristus,"Kteréž není jiné, ale jsou někteří, ješto vás kormoutí, a převrátiti chtějí evangelium Kristovo."
1120,bible_BKR_Ga.txt,divine_hierarchy,anděl,"Ale bychom pak i my neb anděl s nebe kázal vám mimo to, což jsme vám kázali, prokletý buď."
1121,bible_BKR_Ga.txt,christian_elements,evangelium,"Jakož jsme prvé pověděli, a ještě znovu pravím: Jestliže by vám kdo jiné evangelium kázal mimo to, kteréž jste přijali, prokletý buď."
1122,bible_BKR_Ga.txt,christian_elements; divine,kristus; kristus,"Nebo lidské-liž věci, čili Boží předkládám? Zdaliž lidem se líbiti hledám? Kdybych se zajisté ještě lidem zaliboval, služebník Kristův bych nebyl."
1123,bible_BKR_Ga.txt,christian_elements,evangelium,"Oznamujiť pak vám, bratří, že evangelium to, kteréž kázáno jest ode mne, není podlé člověka."
1124,bible_BKR_Ga.txt,christian_elements; divine; prophetic_speech,ježíš; ježíš; kristus; kristus; zjevení,"Nebo aniž jsem já ho přijal od člověka, ani se naučil, ale skrze zjevení Ježíše Krista."
1126,bible_BKR_Ga.txt,covenant_law; genealogy_lineage; legal,pokolení; ustanovení; ustanovení,"A že jsem prospíval v Židovstvu nad mnohé mně rovné v pokolení svém, byv velmi horlivý milovník otcovských ustanovení."
1127,bible_BKR_Ga.txt,divine; life_death; monotheism,bůh; bůh; milost; život,"Ale když se zalíbilo Bohu, kterýž mne byl oddělil z života matky mé, a povolal skrze milost svou,"
1128,bible_BKR_Ga.txt,kinship,syn,"Zjeviti Syna svého mně, abych jej kázal mezi pohany, hned jsem se neporadil s tělem a krví;"
1132,bible_BKR_Ga.txt,divine; monotheism,bůh; bůh,"Cožť pak píši vám, aj, před Bohem, žeť neklamám."
1134,bible_BKR_Ga.txt,christian_elements; divine,kristus; kristus,"Nebyl jsem pak známý osobou zborům Židovským, kteříž byli v Kristu,"
1136,bible_BKR_Ga.txt,divine; monotheism,bůh; bůh,A slavili ve mně Boha.
1138,bible_BKR_Ga.txt,christian_elements; prophetic_speech,evangelium; zjevení,"Vstoupil jsem pak podlé zjevení, a vypravoval jsem jim evangelium, kteréž káži mezi pohany, a zvláště pak znamenitějším, abych snad nadarmo neběžel nyní i prvé."
1140,bible_BKR_Ga.txt,christian_elements; divine,ježíš; ježíš; kristus; kristus,"Totiž pro podešlé falešné bratří, kteříž se byli vloudili k vyšpehování svobody naší, kterouž máme v Kristu Ježíši, aby nás v službu podrobili."
1141,bible_BKR_Ga.txt,christian_elements; moral,evangelium; pravda,"Kterýmž ani na chvilku neustoupili jsme, a nepoddali se, aby pravda evangelium zůstala u vás."
1143,bible_BKR_Ga.txt,christian_elements,evangelium,"Nýbrž naodpor, když uzřeli, že jest mi svěřeno evangelium, abych je kázal neobřezaným, jako i Petrovi mezi Židy,"
1145,bible_BKR_Ga.txt,divine,milost,"A poznavše milost mně danou, Jakub a Petr a Jan, kteříž se zdadí sloupové býti, podali pravic mně a Barnabášovi na tovaryšství, abychom my mezi pohany, a oni mezi Židy kázali."
1150,bible_BKR_Ga.txt,christian_elements; moral,evangelium; pravda,"Ale já uzřev, že nesprostně chodí v pravdě evangelium, řekl jsem Petrovi přede všemi: Poněvadž ty jsa Žid, pohansky živ jsi, a ne Židovsky, proč pohany k Židovskému způsobu nutíš?"
1152,bible_BKR_Ga.txt,christian_elements; covenant_law; divine; legal,ježíš; ježíš; kristus; kristus; víra; zákon; zákon,"Vědouce, že nebývá člověk ospravedlněn z skutků zákona, ale skrze víru v Jezukrista, i my v Krista uvěřili jsme, abychom ospravedlněni byli z víry Kristovy, a ne z skutků zákona, proto že nebude ospravedlněn z skutků zákona žádný člověk."
1153,bible_BKR_Gn.txt,divine; monotheism,bůh; bůh,Na počátku stvořil Bůh nebe a zemi.
1154,bible_BKR_Gn.txt,divine,duch,"Země pak byla nesličná a pustá, a tma byla nad propastí, a Duch Boží vznášel se nad vodami."
1155,bible_BKR_Gn.txt,divine; monotheism,bůh; bůh,I řekl Bůh: Buď světlo! I bylo světlo.
1156,bible_BKR_Gn.txt,divine; monotheism; moral,bůh; bůh; dobrý,"A viděl Bůh světlo, že bylo dobré; i oddělil Bůh světlo od tmy."
1157,bible_BKR_Gn.txt,divine; monotheism,bůh; bůh,"A nazval Bůh světlo dnem, a tmu nazval nocí. I byl večer a bylo jitro, den první."
1158,bible_BKR_Gn.txt,divine; monotheism,bůh; bůh,"Řekl také Bůh: Buď obloha u prostřed vod, a děl vody od vod!"
1159,bible_BKR_Gn.txt,divine; monotheism,bůh; bůh,"I učinil Bůh tu oblohu, a oddělil vody, kteréž jsou pod oblohou, od vod, kteréž jsou nad oblohou. A stalo se tak."
1160,bible_BKR_Gn.txt,divine; monotheism,bůh; bůh,"I nazval Bůh oblohu nebem. I byl večer a bylo jitro, den druhý."
1161,bible_BKR_Gn.txt,divine; monotheism,bůh; bůh,"Řekl také Bůh: Shromažďte se vody, kteréž jsou pod nebem, v místo jedno, a ukaž se místo suché! A stalo se tak."
1162,bible_BKR_Gn.txt,divine; monotheism; moral,bůh; bůh; dobrý,"I nazval Bůh místo suché zemí, shromáždění pak vod nazval mořem. A viděl Bůh, že to bylo dobré."
1163,bible_BKR_Gn.txt,divine; genealogy_lineage; monotheism,bůh; bůh; pokolení,"Potom řekl Bůh: Zploď země trávu, a bylinu vydávající símě, a strom plodný, nesoucí ovoce podlé pokolení svého, v němž by bylo símě jeho na zemi. A stalo se tak."
1164,bible_BKR_Gn.txt,divine; genealogy_lineage; monotheism; moral,bůh; bůh; dobrý; pokolení,"Nebo země vydala trávu, a bylinu nesoucí semeno podlé pokolení svého, i strom přinášející ovoce, v němž bylo símě jeho, podlé pokolení jeho. A viděl Bůh, že to bylo dobré."
1166,bible_BKR_Gn.txt,divine; monotheism,bůh; bůh,"Opět řekl Bůh: Buďte světla na obloze nebeské, aby oddělovala den od noci, a byla na znamení a rozměření časů, dnů a let."
1168,bible_BKR_Gn.txt,divine; monotheism,bůh; bůh,"I učinil Bůh dvě světla veliká, světlo větší, aby správu drželo nade dnem, a světlo menší, aby správu drželo nad nocí; též i hvězdy."
1169,bible_BKR_Gn.txt,divine; monotheism,bůh; bůh,"A postavil je Bůh na obloze nebeské, aby osvěcovala zemi;"
1170,bible_BKR_Gn.txt,divine; monotheism; moral,bůh; bůh; dobrý,"A aby správu držela nade dnem a nocí, a oddělovala světlo od tmy. A viděl Bůh, že to bylo dobré."
1172,bible_BKR_Gn.txt,divine; monotheism,bůh; bůh,"Řekl ještě Bůh: Vydejte vody hmyz duše živé v hojnosti, a ptactvo, kteréž by létalo nad zemí pod oblohou nebeskou!"
1173,bible_BKR_Gn.txt,divine; genealogy_lineage; monotheism; moral,bůh; bůh; dobrý; pokolení,"I stvořil Bůh velryby veliké a všelijakou duši živou, hýbající se, kteroužto v hojnosti vydaly vody podlé pokolení jejich, a všeliké ptactvo křídla mající, podlé pokolení jeho. A viděl Bůh, že to bylo dobré."
1174,bible_BKR_Gn.txt,divine; monotheism,bůh; bůh,"I požehnal jim Bůh, řka: Ploďtež se a množte se, a naplňte vody mořské; též ptactvo ať se rozmnožuje na zemi!"
1176,bible_BKR_Gn.txt,divine; genealogy_lineage; monotheism,bůh; bůh; pokolení,"Řekl též Bůh: Vydej země duši živou, jednu každou podlé pokolení jejího, hovada a zeměplazy, i zvěř zemskou, podlé pokolení jejího. A stalo se tak."
1177,bible_BKR_Gn.txt,divine; genealogy_lineage; monotheism; moral,bůh; bůh; dobrý; pokolení,"I učinil Bůh zvěř zemskou podlé pokolení jejího, též hovada vedlé pokolení jejich, i všeliký zeměplaz podlé pokolení jeho. A viděl Bůh, že bylo dobré."
1178,bible_BKR_Gn.txt,divine; monotheism,bůh; bůh,"Řekl opět Bůh: Učiňme člověka k obrazu našemu, podlé podobenství našeho, a ať panují nad rybami mořskými, a nad ptactvem nebeským, i nad hovady, a nade vší zemí, i nad všelikým zeměplazem hýbajícím se na zemi."
1179,bible_BKR_Gn.txt,divine; monotheism,bůh; bůh,"I stvořil Bůh člověka k obrazu svému, k obrazu Božímu stvořil jej, muže a ženu stvořil je."
1180,bible_BKR_Gn.txt,divine; monotheism,bůh; bůh,"A požehnal jim Bůh, a řekl jim Bůh: Ploďtež se a rozmnožujte se, a naplňte zemi, a podmaňte ji, a panujte nad rybami mořskými, a nad ptactvem nebeským, i nad všelikým živočichem hýbajícím se na zemi."
1181,bible_BKR_Gn.txt,divine; monotheism,bůh; bůh,"Řekl ještě Bůh: Aj, dal jsem vám všelikou bylinu, vydávající símě, kteráž jest na tváři vší země, a všeliké stromoví, (na němž jest ovoce stromu), nesoucí símě; to bude vám za pokrm."
1183,bible_BKR_Gn.txt,divine; monotheism; moral,bůh; bůh; dobrý,"A viděl Bůh vše, což učinil, a aj, bylo velmi dobré. I byl večer a bylo jitro, den šestý."
1184,bible_BKR_Gn.txt,war_conflict,vojsko,"A tak dokonána jsou nebesa a země, i všecko vojsko jejich."
1185,bible_BKR_Gn.txt,divine; monotheism,bůh; bůh,"A dokonal Bůh dne sedmého dílo své, kteréž dělal; a odpočinul v den sedmý ode všeho díla svého, kteréž byl dělal."
1186,bible_BKR_Gn.txt,divine; monotheism,bůh; bůh,"I požehnal Bůh dni sedmému a posvětil ho; nebo v něm odpočinul Bůh ode všeho díla svého, kteréž byl stvořil, aby učiněno bylo."
1187,bible_BKR_Gn.txt,christian_elements; divine; monotheism; yhwh_elements,bůh; bůh; hospodin; hospodin; hospodin; hospodin,"Tiť jsou rodové nebes a země, (když stvořena jsou v den, v němž učinil Hospodin Bůh zemi i nebe),"
1188,bible_BKR_Gn.txt,christian_elements; divine; monotheism; yhwh_elements,bůh; bůh; hospodin; hospodin; hospodin; hospodin,"I každé chrastiny polní, dříve než byla na zemi, i všeliké byliny polní, prvé než vzcházela; nebo ještě byl nedštil Hospodin Bůh na zemi, aniž byl který člověk, ješto by dělal zemi."
1190,bible_BKR_Gn.txt,christian_elements; divine; life_death; monotheism; yhwh_elements,bůh; bůh; hospodin; hospodin; hospodin; hospodin; život,"I učinil Hospodin Bůh člověka z prachu země, a vdechl v chřípě jeho dchnutí života, i byl člověk v duši živou."
1191,bible_BKR_Gn.txt,christian_elements; divine; monotheism; yhwh_elements,bůh; bůh; hospodin; hospodin; hospodin; hospodin,"Štípil pak byl Hospodin Bůh ráj v Eden na východ, a postavil tam člověka, jehož byl učinil."
1192,bible_BKR_Gn.txt,christian_elements; divine; life_death; monotheism; moral; yhwh_elements,bůh; bůh; dobrý; hospodin; hospodin; hospodin; hospodin; zlý; život,"A vyvedl Hospodin Bůh z země všeliký strom na pohledění libý, a ovoce k jídlu chutné; též strom života u prostřed ráje, i strom vědění dobrého a zlého."
1193,bible_BKR_Iz.txt,kinship; prophetic_speech,syn; vidění,"Vidění Izaiáše syna Amosova, kteréž viděl o Judovi a Jeruzalému, za dnů Uziáše, Jotama, Achasa a Ezechiáše, králů Judských."
1194,bible_BKR_Iz.txt,christian_elements; divine; monotheism; yhwh_elements,hospodin; hospodin; hospodin; hospodin,"Slyšte nebesa, a ušima pozoruj země, nebo Hospodin mluví: Syny jsem vychoval a vyvýšil, oni pak strhli se mne."
1196,bible_BKR_Iz.txt,christian_elements; divine; monotheism; yhwh_elements,hospodin; hospodin; hospodin; hospodin,"Ach, národe hříšný, lide obtížený nepravostí, símě zlostníků, synové nešlechetní, opustili Hospodina, pohrdli svatým Izraelským, odvrátili se zpět."
1200,bible_BKR_Iz.txt,kinship,dcera,"I zůstala dcera Sionská jako boudka na vinici, jako chaloupka v zahradě tykevné, a jako město zkažené."
1201,bible_BKR_Iz.txt,christian_elements; divine; monotheism; yhwh_elements,hospodin; hospodin; hospodin; hospodin,"Byť nám byl Hospodin zástupů jakkoli malička ostatků nezanechal, byli bychom jako Sodoma, byli bychom Gomoře podobni."
1202,bible_BKR_Iz.txt,christian_elements; covenant_law; divine; legal; monotheism; yhwh_elements,bůh; bůh; hospodin; hospodin; hospodin; hospodin; zákon; zákon,"Slyšte slovo Hospodinovo, knížata Sodomská, ušima pozorujte zákona Boha našeho, lide Gomorský:"
1203,bible_BKR_Iz.txt,christian_elements; divine; monotheism; yhwh_elements,hospodin; hospodin; hospodin; hospodin,"K čemu jest mi množství obětí vašich? dí Hospodin. Syt jsem zápalných obětí skopců a tuků krmných hovad, a krve volků a beránků a kozlů nejsem žádostiv."
1205,bible_BKR_Iz.txt,moral; ritual_sacrifice,nepravost; oběť,"Nepřinášejte více oběti oklamání. Kadění v ohavnosti mám, novměsíců a sobot a svolávání nemohu trpěti, (nepravost jest), ani shromáždění."
1209,bible_BKR_Iz.txt,legal,spravedlnost,"Učte se dobře činiti, hledejte soudu, pozdvihněte potlačeného, dopomozte k spravedlnosti sirotku, zastaňte vdovy."
1210,bible_BKR_Iz.txt,christian_elements; divine; monotheism; ritual_sacrifice; yhwh_elements,hospodin; hospodin; hospodin; hospodin; červec,"Poďtež nu, a poukažme sobě, praví Hospodin: Budou-li hříchové vaši jako červec dvakrát barvený, jako sníh zbělejí; budou-li červení jako šarlat, jako vlna budou."
1211,bible_BKR_Iz.txt,moral,dobrý,"Budete-li povolní a poslušní, dobré věci země jísti budete."
1212,bible_BKR_Iz.txt,christian_elements; divine; monotheism; war_conflict; yhwh_elements,hospodin; hospodin; hospodin; hospodin; meč,"Pakli nebudete povolní, ale zpurní, od meče sežráni budete; nebo ústa Hospodinova mluvila."
1213,bible_BKR_Iz.txt,legal,spravedlnost,"Jak tě nevěstkou učiněno to město věrné, plné soudu! Spravedlnost přebývala v něm, nyní pak vražedlníci."
1215,bible_BKR_Iz.txt,legal,spravedlnost,"Knížata tvá zpurná a tovaryši zlodějů, jeden každý z nich miluje dary, a dychtí po úplatcích; sirotku k spravedlnosti nedopomáhají, a pře vdovy před ně nepřichází."
1216,bible_BKR_Iz.txt,christian_elements; divine; monotheism; yhwh_elements,hospodin; hospodin; hospodin; hospodin; pán,"Protož dí Pán, Hospodin zástupů, silný Izraelský: Aj, jáť se potěším nad protivníky svými, a vymstím se nad nepřátely svými,"
1218,bible_BKR_Iz.txt,legal,soudce; spravedlnost,"A obnovím soudce tvé tak jako na počátku, a rádce tvé jako s prvu. A tu potom slouti budeš městem spravedlnosti, městem věrným."
1219,bible_BKR_Iz.txt,legal,spravedlnost,"Sion v soudu vykoupen bude, a kteříž zase uvedeni budou do něho, v spravedlnosti."
1220,bible_BKR_Iz.txt,christian_elements; divine; monotheism; yhwh_elements,hospodin; hospodin; hospodin; hospodin,"Setření pak přestupníků a nešlechetných v náhle přijde, a kteříž opouštějí Hospodina, docela zahynou."
1224,bible_BKR_Iz.txt,kinship,syn,"Slovo, kteréž viděl Izaiáš syn Amosův o Judovi a Jeruzalému."
1225,bible_BKR_Iz.txt,christian_elements; divine; monotheism; yhwh_elements,hospodin; hospodin; hospodin; hospodin,"I stane se v posledních dnech, že utvrzena bude hora domu Hospodinova na vrchu hor, a vyvýšena nad pahrbky, i pohrnou se k ní všickni národové."
1226,bible_BKR_Iz.txt,christian_elements; covenant_law; divine; legal; monotheism; yhwh_elements,bůh; bůh; hospodin; hospodin; hospodin; hospodin; zákon; zákon,"A půjdou lidé mnozí, říkajíce: Poďte, a vstupme na horu Hospodinovu, do domu Boha Jákobova, a bude nás vyučovati cestám svým, i budeme choditi po stezkách jeho. Nebo z Siona vyjde zákon, a slovo Hospodinovo z Jeruzaléma."
1227,bible_BKR_Iz.txt,war_conflict,meč,"Onť bude souditi mezi národy, a trestati bude lidi mnohé. I zkují meče své v motyky, a oštípy své v srpy. Nepozdvihne národ proti národu meče, a nebudou se více učiti boji."
1233,bible_BKR_J.txt,divine; monotheism,bůh; bůh,"Na počátku bylo Slovo, a to Slovo bylo u Boha, a to Slovo byl Bůh."
1234,bible_BKR_J.txt,divine; monotheism,bůh; bůh,To bylo na počátku u Boha.
1238,bible_BKR_J.txt,divine; monotheism,bůh; bůh,"Byl člověk poslaný od Boha, jemuž jméno bylo Jan."
1245,bible_BKR_J.txt,divine; monotheism,bůh; bůh,"Kteříž ne ze krví, ani z vůle těla, ani z vůle muže, ale z Boha zplozeni jsou."
1246,bible_BKR_J.txt,divine; kinship; moral,milost; otec; pravda,"A Slovo to tělo učiněno jest, a přebývalo mezi námi, (a viděli jsme slávu jeho, slávu jakožto jednorozeného od Otce), plné milosti a pravdy."
1248,bible_BKR_J.txt,divine,milost,"A z plnosti jeho my všickni vzali jsme, a to milost za milost."
1249,bible_BKR_J.txt,christian_elements; covenant_law; divine; legal; moral,ježíš; ježíš; kristus; kristus; milost; pravda; zákon; zákon,"Nebo zákon skrze Mojžíše dán jest, milost a pravda skrze Ježíše Krista stala se."
1250,bible_BKR_J.txt,divine; monotheism,bůh; bůh,"Boha žádný nikdy neviděl; jednorozený ten Syn, kterýž jest v lůnu Otce, onť vypravil."
1251,bible_BKR_J.txt,ritual_sacrifice,kněz,"A totoť jest svědectví Janovo, když poslali Židé z Jeruzaléma kněží a Levíty, aby se ho otázali: Ty kdo jsi?"
1252,bible_BKR_J.txt,christian_elements; divine,kristus; kristus,"I vyznal a nezapřel, a vyznal: Že já nejsem Kristus."
1253,bible_BKR_J.txt,prophetic_speech,prorok,I otázali se ho: Což pak? Eliáš jsi ty? I řekl: Nejsem. Jsi ten prorok? Odpověděl: Nejsem.
1255,bible_BKR_J.txt,prophetic_speech,prorok,"Řekl: Já jsem hlas volajícího na poušti: Spravte cestu Páně, jakož pověděl Izaiáš prorok."
1257,bible_BKR_J.txt,christian_elements; divine; prophetic_speech,kristus; kristus; prorok,"I otázali se ho a řekli jemu: Proč tedy křtíš, jestliže ty nejsi Kristus, ani Eliáš, ani ten prorok?"
1261,bible_BKR_J.txt,christian_elements; divine; moral; ritual_sacrifice,beránek; hřích; ježíš; ježíš,"Druhého dne uzřel Jan Ježíše, an jde k němu. I dí: Aj, Beránek Boží, kterýž snímá hřích světa."
1264,bible_BKR_J.txt,divine,duch,"A svědectví vydal Jan, řka: Viděl jsem Ducha sstupujícího jako holubici s nebe, a zůstal na něm."
1265,bible_BKR_J.txt,divine,duch,"A já jsem ho neznal, ale kterýž mne poslal křtíti vodou, ten mi řekl: Nad kýmž uzříš Ducha sstupujícího a zůstávajícího na něm, tenť jest, kterýž křtí Duchem svatým."
1268,bible_BKR_J.txt,christian_elements; divine; ritual_sacrifice,beránek; ježíš; ježíš,"A uzřev Ježíše, an se prochází, řekl: Aj, Beránek Boží."
1269,bible_BKR_J.txt,christian_elements; divine,ježíš; ježíš,"I slyšeli ho ti dva učedlníci mluvícího, a šli za Ježíšem."
1270,bible_BKR_J.txt,christian_elements; divine,ježíš; ježíš,"I obrátiv se Ježíš, a uzřev je, ani jdou, dí jim:"
1273,bible_BKR_Jb.txt,divine; monotheism; moral,bůh; bůh; zlý,"Byl muž v zemi Uz, jménem Job, a muž ten byl sprostný a upřímý, boje se Boha, a vystříhaje se zlého."
1276,bible_BKR_Jb.txt,kinship,syn,"I scházívali se synové jeho, a strojívali hody po domích, každý ve dni svém. Posílávali také, a zvávali své tři sestry, aby jedly a pily s nimi."
1277,bible_BKR_Jb.txt,divine; monotheism,bůh; bůh,"A když vypořádali dny hodů, posílával Job, a posvěcoval jich, a vstávaje ráno, obětoval zápaly podlé počtu všech jich. Nebo říkával Job: Snad zhřešili synové moji, aneb zlořečili Bohu v srdci svém. Tak činíval Job po všecky ty dny."
1278,bible_BKR_Jb.txt,christian_elements; divine; monotheism; yhwh_elements,hospodin; hospodin; hospodin; hospodin,"Jednoho pak dne, když přišli synové Boží, aby se postavili před Hospodinem, přišel také i Satan mezi ně."
1279,bible_BKR_Jb.txt,christian_elements; divine; monotheism; yhwh_elements,hospodin; hospodin; hospodin; hospodin,"Tedy řekl Hospodin Satanovi: Odkud jdeš? I odpověděl Satan Hospodinu, řka: Procházel jsem zemi, a obcházel jsem ji."
1280,bible_BKR_Jb.txt,christian_elements; divine; monotheism; moral; yhwh_elements,bůh; bůh; hospodin; hospodin; hospodin; hospodin; zlý,"I řekl Hospodin Satanovi: Spatřil-lis služebníka mého Joba, že není jemu rovného na zemi, a že jest muž sprostný a upřímý, bojící se Boha a varující se zlého."
1281,bible_BKR_Jb.txt,christian_elements; divine; monotheism; yhwh_elements,bůh; bůh; hospodin; hospodin; hospodin; hospodin,"A odpovídaje Satan Hospodinu, řekl: Zdaliž se Job darmo bojí Boha?"
1284,bible_BKR_Jb.txt,christian_elements; divine; monotheism; yhwh_elements,hospodin; hospodin; hospodin; hospodin,"Tedy řekl Hospodin Satanovi: Aj, cožkoli má, v moci tvé buď, toliko na něj nevztahuj ruky své. I vyšel Satan od tváři Hospodinovy."
1285,bible_BKR_Jb.txt,kinship,syn,"Jednoho pak dne synové a dcery jeho jedli, a pili víno v domě bratra svého prvorozeného."
1287,bible_BKR_Jb.txt,war_conflict,meč,"Vpád učinivše Sabejští, zajali je, a služebníky zbili ostrostí meče, a utekl jsem toliko já sám, abych oznámil tobě."
1289,bible_BKR_Jb.txt,war_conflict,meč,"A když ten ještě mluvil, jiný přišed, řekl: Kaldejští sšikovavše tři houfy, připadli na velbloudy, a zajali je, a služebníky zbili ostrostí meče, a utekl jsem toliko já sám, abych oznámil tobě."
1290,bible_BKR_Jb.txt,kinship,syn,"A když ten ještě mluvil, jiný přišel a řekl: Synové tvoji a dcery tvé jedli, a pili víno v domě bratra svého prvorozeného."
1293,bible_BKR_Jb.txt,christian_elements; divine; monotheism; yhwh_elements,hospodin; hospodin; hospodin; hospodin,"A řekl: Nahý jsem vyšel z života matky své, nahý se také zase tam navrátím. Hospodin dal, Hospodin též odjal. Buď požehnáno jméno Hospodinovo."
1294,bible_BKR_Jb.txt,divine; monotheism,bůh; bůh,"V tom ve všem nezhřešil Job, a nepřivlastnil Bohu nic nemoudrého."
1295,bible_BKR_Jb.txt,christian_elements; divine; monotheism; yhwh_elements,hospodin; hospodin; hospodin; hospodin,"I stalo se opět jednoho dne, že když přišli synové Boží, aby se postavili před Hospodinem, přišel také i Satan mezi ně, aby se postavil před Hospodinem."
1296,bible_BKR_Jb.txt,christian_elements; divine; monotheism; yhwh_elements,hospodin; hospodin; hospodin; hospodin,"Tedy řekl Hospodin Satanovi: Odkud jdeš? I odpověděl Satan Hospodinu, řka: Procházel jsem zemi, a obcházel jsem ji."
1297,bible_BKR_Jb.txt,christian_elements; divine; monotheism; moral; yhwh_elements,bůh; bůh; hospodin; hospodin; hospodin; hospodin; zlý,"I řekl Hospodin Satanovi: Spatřil-lis služebníka mého Joba, že není jemu rovného na zemi, že jest muž sprostný a upřímý, bojící se Boha, a varující se zlého, a že po dnes trvá v upřímnosti své, ačkoli jsi ty mne popudil proti němu, abych jej hubil bez příčiny."
1298,bible_BKR_Jb.txt,christian_elements; divine; monotheism; yhwh_elements,hospodin; hospodin; hospodin; hospodin,"A odpovídaje Satan Hospodinu, řekl: Kůži za kůži, a všecko, což má člověk, dá za sebe samého."
1300,bible_BKR_Jb.txt,christian_elements; divine; monotheism; yhwh_elements,hospodin; hospodin; hospodin; hospodin,"Tedy řekl Hospodin Satanovi: Aj, v moci tvé buď, a však zachovej ho při životu."
1303,bible_BKR_Jb.txt,divine; monotheism,bůh; bůh,I řekla jemu žena jeho: Ještě vždy trváš v své upřímnosti? Zlořeč Bohu a umři.
1304,bible_BKR_Jb.txt,divine; monotheism,bůh; bůh,"Jížto řekl: Mluvíš, jako jedna z bláznivých mluvívá. Dobré-liž jen věci bráti budeme od Boha, zlých pak nebudeme přijímati? V tom ve všem nezhřešil Job rty svými."
1311,bible_BKR_Jb.txt,divine; monotheism,bůh; bůh,"Ten den ó by byl obrácen v temnost, aby ho byl nevyhledával Bůh shůry, a nebyl osvícen světlem."
1312,bible_BKR_Jb.txt,life_death,smrt,"Ó by jej byly zachvátily tmy a stín smrti, a aby jej byla přikvačila mračna, a předěsila horkost denní."
1313,bible_BKR_Jk.txt,christian_elements; divine; genealogy_lineage,ježíš; ježíš; pokolení,"Jakub, Boží a Pána Jezukrista služebník, dvanácteru pokolení rozptýlenému pozdravení."
1315,bible_BKR_Jk.txt,divine,víra,"Vědouce, že zkušení víry vaší působí trpělivost."
1317,bible_BKR_Jk.txt,divine; monotheism; wisdom,bůh; bůh; moudrost,"Jestliže pak komu z vás nedostává se moudrosti, žádejž jí od Boha, kterýž všechněm dává ochotně a neomlouvá, i budeť dána jemu."
1321,bible_BKR_Jk.txt,kinship,bratr,"Chlubiž se pak bratr ponížený v povýšení svém,"
1325,bible_BKR_Jk.txt,divine; monotheism,bůh; bůh,"Žádný, když bývá pokoušín, neříkej, že by od Boha pokoušín byl; neboť Bůh nemůže pokoušín býti ve zlém, aniž také on koho pokouší."
1327,bible_BKR_Jk.txt,life_death; moral,hřích; smrt,"Potom žádost když počne, porodí hřích, hřích pak vykonaný zplozuje smrt."
1329,bible_BKR_Jk.txt,kinship; moral,dobrý; otec,"Všeliké dání dobré a každý dar dokonalý shůry jest sstupující od Otce světel, u něhož není proměnění, ani pro obrácení se jinam zastínění."
1330,bible_BKR_Jk.txt,moral,pravda,"On proto, že chtěl, zplodil nás slovem pravdy, k tomu, abychom byli prvotiny nějaké stvoření jeho."
1332,bible_BKR_Jk.txt,legal,spravedlnost,Nebo hněv muže spravedlnosti Boží nepůsobí.
1337,bible_BKR_Jk.txt,covenant_law; legal,zákon; zákon,"Ale kdož by se vzhlédl v dokonalý zákon svobody, a zůstával by v něm, ten nejsa posluchač zapominatelný, ale činitel skutku, blahoslavený bude v skutku svém."
1339,bible_BKR_Jk.txt,divine; monotheism,bůh; bůh,"Náboženství čisté a nepoškvrněné před Bohem a Otcem totoť jest: Navštěvovati sirotky a vdovy v ssouženích jejich, a ostříhati sebe nepoškvrněného od světa."
1340,bible_BKR_Jk.txt,christian_elements; divine,ježíš; ježíš; víra,"Bratří moji, nepřipojujtež přijímání osob k víře slavného Pána našeho Jezukrista."
1344,bible_BKR_Jk.txt,divine; monotheism; royal_power,bůh; bůh; království; víra,"Slyšte, bratří moji milí, zdaliž Bůh nevyvolil chudých na tomto světě, aby bohatí byli u víře a dědicové království, kteréž zaslíbil těm, kdož jej milují?"
1347,bible_BKR_Jk.txt,covenant_law; legal,zákon; zákon,"Jestliže pak plníte zákon královský podlé písma: Milovati budeš bližního svého, jako sebe samého, dobře činíte."
1348,bible_BKR_Jk.txt,covenant_law; legal,zákon; zákon,"Pakliť osoby přijímáte, hřešíte, a zákon vás tresce jako přestupníky."
1349,bible_BKR_Jk.txt,covenant_law; legal,zákon; zákon,"Nebo kdo by koli celého zákona ostříhal, přestoupil by pak jediné, všechněmi jest vinen."
1350,bible_BKR_Jk.txt,covenant_law; legal,zákon; zákon,"Ten zajisté, kterýž řekl: Nesesmilníš, takéť řekl: Nezabiješ. Pakli bys nesesmilnil, ale zabil bys, učiněn jsi přestupníkem zákona."
1351,bible_BKR_Jk.txt,covenant_law; legal,zákon; zákon,"Tak mluvte, a tak čiňte, jako ti, kteříž podlé zákona svobody souzeni býti máte."
1353,bible_BKR_Jl.txt,christian_elements; divine; monotheism; yhwh_elements,hospodin; hospodin; hospodin; hospodin,"Slovo Hospodinovo, kteréž se stalo k Joelovi synu Petuelovu:"
1355,bible_BKR_Jl.txt,kinship,syn,"Vypravujte o tom synům svým, a synové vaši synům svým, synové pak jejich rodině potomní."
1361,bible_BKR_Jl.txt,christian_elements; divine; monotheism; ritual_sacrifice; yhwh_elements,hospodin; hospodin; hospodin; hospodin; kněz; oběť,"Odjata jest suchá i mokrá obět z domu Hospodinova, kvílí kněží, služebníci Hospodinovi."
1365,bible_BKR_Jl.txt,divine; monotheism; ritual_sacrifice,bůh; bůh; kněz; oběť,"Přepašte se a kvělte, ó kněží, úpějte přisluhující oltáři, vejděte a léhejte i v noci v žíních, služebníci Boha mého. Nebo nevnáší se do domu Boha vašeho suché ani mokré oběti."
1366,bible_BKR_Jl.txt,christian_elements; divine; monotheism; yhwh_elements,bůh; bůh; hospodin; hospodin; hospodin; hospodin,"Uložte půst, svolejte shromáždění, shromažďte starší i všecky obyvatele země do domu Hospodina Boha vašeho, a volejte k Hospodinu:"
1367,bible_BKR_Jl.txt,christian_elements; divine; monotheism; yhwh_elements,hospodin; hospodin; hospodin; hospodin,"Ach, nastojte na tento den; nebo blízký jest den Hospodinův, a jako poplénění od Všemohoucího přichází."
1368,bible_BKR_Jl.txt,divine; monotheism,bůh; bůh,"Ano před očima našima pokrm odjat jest, z domu Boha našeho veselé a plésání."
1371,bible_BKR_Jl.txt,christian_elements; divine; monotheism; yhwh_elements,hospodin; hospodin; hospodin; hospodin,"K toběť, ó Hospodine, volám; nebo oheň sežral pastviska pouště; a plamen popálil všecka dříví polní."
1373,bible_BKR_Jl.txt,christian_elements; divine; monotheism; yhwh_elements,hospodin; hospodin; hospodin; hospodin,"Trubte trubou na Sionu, a křičte na hoře svaté mé, nechť se třesou všickni obyvatelé této země, nebo přichází den Hospodinův, nebo blízký jest,"
1380,bible_BKR_Jl.txt,war_conflict,meč,"Jeden druhého nebude tlačiti, každý silnicí svou půjde, a byť i na meč upadli, nebudou raněni."
1383,bible_BKR_Jl.txt,christian_elements; divine; monotheism; yhwh_elements,hospodin; hospodin; hospodin; hospodin,"Hospodin pak sám vydá hlas svůj před vojskem svým, proto že velmi veliký bude tábor jeho, proto že silný ten, kdož vykoná slovo jeho. (Nebo veliký bude den Hospodinův a hrozný náramně), i kdož jej bude moci snésti?"
1384,bible_BKR_Jl.txt,christian_elements; divine; monotheism; yhwh_elements,hospodin; hospodin; hospodin; hospodin,"A protož ještě nyní dí Hospodin: Obraťte se ke mně samému celým srdcem svým, a to s postem a s pláčem i s kvílením."
1385,bible_BKR_Jl.txt,christian_elements; divine; monotheism; moral; yhwh_elements,bůh; bůh; hospodin; hospodin; hospodin; hospodin; zlý,"A roztrhněte srdce vaše, a ne roucha vaše, a navraťte se k Hospodinu Bohu vašemu; neboť jest on milostivý a lítostivý, dlouhočekající a hojný v milosrdenství, a kterýž lituje zlého."
1386,bible_BKR_Jl.txt,christian_elements; divine; monotheism; ritual_sacrifice; yhwh_elements,bůh; bůh; hospodin; hospodin; hospodin; hospodin; oběť,"Kdo ví, neobrátí-li se a nebude-li želeti, a nezůstaví-li po něm požehnání, oběti suché a mokré Hospodinu Bohu vašemu."
1389,bible_BKR_Jl.txt,christian_elements; divine; monotheism; ritual_sacrifice; yhwh_elements,bůh; bůh; hospodin; hospodin; hospodin; hospodin; kněz,"Kněží, služebníci Hospodinovi, ať plačí mezi síňcí a oltářem, a řeknou: Odpusť, ó Hospodine, lidu svému, a nevydávej dědictví svého v pohanění, tak aby nad nimi panovati měli pohané. Proč mají říkati mezi národy: Kde jest Bůh jejich?"
1390,bible_BKR_Jl.txt,christian_elements; divine; monotheism; yhwh_elements,hospodin; hospodin; hospodin; hospodin; milost,"I bude horlivou milostí zažžen Hospodin k zemi své, a slituje se nad lidem svým."
1391,bible_BKR_Jl.txt,christian_elements; divine; monotheism; yhwh_elements,hospodin; hospodin; hospodin; hospodin,"A ohlásí se Hospodin, a řekne lidu svému: Aj, já pošli vám obilé, mest a olej, i budete jím nasyceni, aniž vás vydám více v pohanění mezi pohany."
1392,bible_BKR_Jl.txt,war_conflict,vojsko,"Nebo půlnoční vojsko vzdálím od vás, a zaženu je do země vyprahlé a pusté, přední houf jeho k moři východnímu, konec pak jeho k moři nejdalšímu; i vzejde z něho smrad a puch, jakžkoli sobě mocně počíná."
1393,bible_BKR_Jon.txt,christian_elements; divine; monotheism; yhwh_elements,hospodin; hospodin; hospodin; hospodin,"I stalo se slovo Hospodinovo k Jonášovi synu Amaty, řkoucí:"
1396,bible_BKR_Jon.txt,christian_elements; divine; monotheism; yhwh_elements,hospodin; hospodin; hospodin; hospodin,"Ale Hospodin vzbudil vítr veliký na moři. I stala se bouře veliká na moři, až se domnívali, že se lodí ztroskoce."
1397,bible_BKR_Jon.txt,divine; monotheism,bůh; bůh,"A bojíce se plavci, volali jeden každý k bohu svému, a vyhazovali to, což měli na lodí, do moře, aby sobě tím polehčili. Jonáš pak byl sešel k bokům lodí, a položiv se, spal tvrdě."
1398,bible_BKR_Jon.txt,divine; monotheism,bůh; bůh,"Tedy přišed k němu správce lodí, řekl jemu: Což ty děláš, ospalče? Vstaň, volej k Bohu svému. Snad ten Bůh rozpomene se na nás, abychom nezahynuli."
1399,bible_BKR_Jon.txt,moral,zlý,"I řekli jeden druhému: Poďte, vrzme losy, abychom zvěděli, pro koho to zlé přišlo na nás. Tedy metali losy, a padl los na Jonáše."
1400,bible_BKR_Jon.txt,moral,zlý,"I řekli jemu: Pověz nám medle, pro koho toto zlé na nás? Jaký jest obchod tvůj, a odkud jdeš? Z které jsi země a z kterého národu?"
1401,bible_BKR_Jon.txt,christian_elements; divine; monotheism; yhwh_elements,bůh; bůh; hospodin; hospodin; hospodin; hospodin,"I řekl jim: Hebrejský jsem, a Hospodina Boha nebes, kterýž učinil moře i zemi, já ctím."
1406,bible_BKR_Jon.txt,christian_elements; divine; life_death; monotheism; yhwh_elements,hospodin; hospodin; hospodin; hospodin; smrt,"I zvolali k Hospodinu, řkouce: Prosímeť, ó Hospodine, abychom nezahynuli pro smrt člověka tohoto, aniž na nás vyhledávej krve nevinné; nebo ty, ó Hospodine, jakž chceš, tak činíš."
1408,bible_BKR_Jon.txt,christian_elements; divine; monotheism; ritual_sacrifice; yhwh_elements,hospodin; hospodin; hospodin; hospodin; oběť,"Pročež báli se muži ti bázní velikou Hospodina, a obětovali obět Hospodinu, a sliby činili."
1409,bible_BKR_Jon.txt,christian_elements; divine; monotheism; yhwh_elements,hospodin; hospodin; hospodin; hospodin,"Nastrojil pak byl Hospodin rybu velikou, aby požřela Jonáše. I byl Jonáš v střevách té ryby tři dni a tři noci."
1410,bible_BKR_Jon.txt,christian_elements; divine; monotheism; yhwh_elements,bůh; bůh; hospodin; hospodin; hospodin; hospodin,"I modlil se Jonáš Hospodinu Bohu svému v střevách té ryby,"
1411,bible_BKR_Jon.txt,christian_elements; divine; monotheism; yhwh_elements,hospodin; hospodin; hospodin; hospodin,"A řekl: Z ssoužení svého volal jsem k Hospodinu, a ozval se mi; z břicha hrobu křičel jsem, a vyslyšel jsi hlas můj."
1413,bible_BKR_Jon.txt,sacred_space,chrám,"Bylť jsem již řekl: Vyhnán jsem od očí tvých, ale ještěť pohledím na tvůj svatý chrám."
1415,bible_BKR_Jon.txt,christian_elements; divine; eschatology; life_death; monotheism; yhwh_elements,bůh; bůh; hospodin; hospodin; hospodin; hospodin; věčnost; život,"Až k spodkům hor dostal jsem se, země závorami svými zalehla mi na věčnost, ty jsi však vysvobodil od porušení život můj, ó Hospodine Bože můj."
1416,bible_BKR_Jon.txt,christian_elements; divine; monotheism; yhwh_elements,hospodin; hospodin; hospodin; hospodin; modlitba,"Když se svírala ve mně duše má, na Hospodina jsem se rozpomínal, i přišla k tobě modlitba má do chrámu svatého tvého."
1418,bible_BKR_Jon.txt,christian_elements; divine; monotheism; yhwh_elements,hospodin; hospodin; hospodin; hospodin,"Já pak s hlasem díkčinění obětovati budu tobě; což jsem slíbil, splním. Hojné vysvobození jest u Hospodina."
1419,bible_BKR_Jon.txt,christian_elements; divine; monotheism; yhwh_elements,hospodin; hospodin; hospodin; hospodin,"Rozkázal pak byl Hospodin rybě té, i vyvrátila Jonáše na břeh."
1420,bible_BKR_Jon.txt,christian_elements; divine; monotheism; yhwh_elements,hospodin; hospodin; hospodin; hospodin,"I stalo se slovo Hospodinovo k Jonášovi podruhé, řkoucí:"
1422,bible_BKR_Jon.txt,christian_elements; divine; monotheism; yhwh_elements,hospodin; hospodin; hospodin; hospodin,"Tedy vstav Jonáš, šel do Ninive podlé slova Hospodinova. (Bylo pak Ninive město velmi veliké, cesty tří dnů.)"
1424,bible_BKR_Jon.txt,divine; monotheism,bůh; bůh,"Tedy uvěřili Ninivitští Bohu, a vyhlásivše půst, oblékli se v žíně, od největšího z nich až do nejmenšího z nich."
1425,bible_BKR_Jon.txt,royal_power,král,"Nebo jakž došla ta řeč krále Ninivitského, vstav s trůnu svého, složil s sebe oděv svůj, a přioděv se žíní, seděl v popele."
1427,bible_BKR_Jon.txt,divine; monotheism; moral,bůh; bůh; zlý,"Ale přiodějte se žíněmi lidé i hovada, a volejte k Bohu horlivě, a odvrať se jeden každý od cesty své zlé, i loupeže, kteráž jest v rukou jeho."
1428,bible_BKR_Jon.txt,divine; monotheism,bůh; bůh,"Kdo ví, neobrátí-li se a nebude-li želeti toho Bůh; neodvrátí-li se, pravím, od prchlivosti hněvu svého, abychom nezahynuli."
1429,bible_BKR_Jon.txt,divine; monotheism; moral,bůh; bůh; zlý,"I viděl Bůh skutky jejich, že se odvrátili od cesty své zlé, a lítost měl Bůh nad tím zlým, kteréž řekl učiniti jim. A neučinil."
1431,bible_BKR_Jon.txt,christian_elements; divine; monotheism; moral; yhwh_elements,bůh; bůh; hospodin; hospodin; hospodin; hospodin; zlý,"Pročež modlil se Hospodinu a řekl: Prosím, Hospodine, zdaliž jsem toho neřekl, když jsem ještě byl v zemi své? Protož jsem pospíšil uteci do Tarsu; nebo jsem věděl, že jsi ty Bůh milostivý a lítostivý, dlouhočekající a hojný v milosrdenství, a kterýž lituješ zlého."
1432,bible_BKR_Jon.txt,christian_elements; divine; monotheism; yhwh_elements,hospodin; hospodin; hospodin; hospodin,"Nyní tedy, ó Hospodine, vezmi, prosím, duši mou ode mne; nebo lépe jest mi umříti nežli živu býti."
1433,bible_BKR_Joz.txt,christian_elements; divine; life_death; monotheism; yhwh_elements,hospodin; hospodin; hospodin; hospodin; smrt,"Stalo se pak po smrti Mojžíše, služebníka Hospodinova, že mluvil Hospodin k Jozue, synu Nun, služebníku Mojžíšovu, řka:"
1439,bible_BKR_Joz.txt,covenant_law; legal,zákon; zákon,"Toliko posilň se a udatně sobě počínej, abys ostříhal a činil všecko podlé zákona, kterýž přikázal tobě Mojžíš, služebník můj; neuchyluj se od něho na pravo ani na levo, abys byl opatrný ve všem, k čemuž se obrátíš."
1440,bible_BKR_Joz.txt,covenant_law; legal,zákon; zákon,"Neodejdeť kniha zákona tohoto od úst tvých, ale přemyšlovati budeš o něm dnem i nocí, abys ostříhal a činil všecko podlé toho, což psáno jest v něm; nebo tehdáž šťastný budeš na cestách svých, a tehdáž opatrný budeš."
1441,bible_BKR_Joz.txt,christian_elements; divine; monotheism; yhwh_elements,bůh; bůh; hospodin; hospodin; hospodin; hospodin,"Zdaliž jsem nepřikázal tobě, řka: Posilni se a zmužile se měj, neboj se, ani lekej, nebo s tebou jest Hospodin Bůh tvůj, kamž se koli obrátíš."
1443,bible_BKR_Joz.txt,christian_elements; divine; monotheism; yhwh_elements,bůh; bůh; hospodin; hospodin; hospodin; hospodin,"Projděte skrze tábor a přikažte lidu, řkouce: Nachystejte sobě potravy, nebo po třech dnech půjdete přes Jordán tento, abyste vejdouce, opanovali zemi, kterouž Hospodin Bůh váš dává vám k dědičnému vládařství."
1444,bible_BKR_Joz.txt,genealogy_lineage,pokolení,"Rubenovu pak pokolení a Gádovu, a polovici pokolení Manassesova mluvil Jozue, řka:"
1445,bible_BKR_Joz.txt,christian_elements; divine; monotheism; yhwh_elements,bůh; bůh; hospodin; hospodin; hospodin; hospodin,"Pomněte na to, co vám přikázal Mojžíš služebník Hospodinův, když řekl: Hospodin Bůh váš způsobil vám odpočinutí, že vám dal zemi tuto."
1447,bible_BKR_Joz.txt,christian_elements; divine; monotheism; yhwh_elements,bůh; bůh; hospodin; hospodin; hospodin; hospodin,"Dokudž nedá odpočinutí Hospodin bratřím vašim jako i vám, a neobdrží dědičně také i oni země, kterouž Hospodin Bůh váš dává jim. Potom navrátíte se do země dědictví svého, kterouž dal vám Mojžíš, služebník Hospodinův, s této strany Jordánu, k východu slunce, a dědičně vlásti jí budete."
1449,bible_BKR_Joz.txt,christian_elements; divine; monotheism; yhwh_elements,bůh; bůh; hospodin; hospodin; hospodin; hospodin,"Rovně jakž jsme poslouchali Mojžíše, tak poslouchati budeme tebe; jediné nechť jest Hospodin Bůh tvůj s tebou, jako byl s Mojžíšem."
1451,bible_BKR_Joz.txt,kinship,syn,"Poslal pak byl Jozue, syn Nun, z Setim dva muže špehéře tajně, řka: Jděte, shlédněte zemi, zvlášť Jericho. I šli a vešli do domu ženy nevěstky, jejíž jméno bylo Raab, a odpočinuli tu."
1452,bible_BKR_Joz.txt,royal_power,král,"Ale jakž oznámeno bylo králi Jericha a povědíno: Aj, muži přišli sem této noci z synů Izraelských, aby shlédli zemi,"
1453,bible_BKR_Joz.txt,royal_power,král,"Tedy poslal král Jericha k Raab, řka: Vyveď muže, kteříž přišli k tobě, a vešli do domu tvého, nebo k vyšpehování vší země přišli."
1454,bible_BKR_Joz.txt,moral,pravda,"(Pojavši pak žena ty dva muže, skryla je.) Kteráž odpověděla: Pravda jest, přišliť jsou ke mně muži, ale nevěděla jsem, odkud jsou."
1459,bible_BKR_Joz.txt,christian_elements; divine; monotheism; yhwh_elements,hospodin; hospodin; hospodin; hospodin,"A řekla mužům těm: Vím, že Hospodin dal vám zemi tuto, nebo připadl na nás strach váš, tak že oslábli všickni obyvatelé země před tváří vaší."
1460,bible_BKR_Joz.txt,christian_elements; divine; monotheism; yhwh_elements,hospodin; hospodin; hospodin; hospodin,"Slyšeli jsme zajisté, jak vysušil Hospodin vody moře Rudého před tváří vaší, když jste vyšli z Egypta, a co jste učinili dvěma králům Amorejským, kteříž byli za Jordánem, Seonovi a Ogovi, kteréž jste zahladili jako proklaté."
1461,bible_BKR_Joz.txt,christian_elements; divine; monotheism; yhwh_elements,bůh; bůh; hospodin; hospodin; hospodin; hospodin,"Což když jsme uslyšeli, osláblo srdce naše, aniž zůstává více v kom duše před tváří vaší, nebo Hospodin Bůh váš jest Bůh na nebi svrchu, i na zemi dole."
1462,bible_BKR_Joz.txt,christian_elements; divine; monotheism; yhwh_elements,hospodin; hospodin; hospodin; hospodin,"Nyní tedy, prosím, přisáhněte mi skrze Hospodina, poněvadž jsem učinila vám milosrdenství, že i vy učiníte s domem otce mého milosrdenství, a dáte mi znamení jisté,"
1463,bible_BKR_Joz.txt,kinship; life_death,otec; smrt,"Že budete živiti otce mého i matku mou, bratří mé i sestry mé a všecko, cožkoli jejich jest, a vysvobodíte duše naše od smrti."
1464,bible_BKR_Joz.txt,christian_elements; divine; life_death; monotheism; yhwh_elements,hospodin; hospodin; hospodin; hospodin; smrt,"I řekli jí muži ti: Duše naše za vás nechť jsou na smrt; jestliže však nepronesete řeči naší této, takť se jistě stane, že když nám dá Hospodin zemi tuto, tehdy učiníme s tebou milosrdenství a pravdu."
1468,bible_BKR_Joz.txt,kinship,otec,"Jestliže, když vejdeme do země, neuvážeš provázku tohoto z nití hedbáví červeného dvakrát barveného v tomto okně, jímž jsi nás spustila, také otce svého a matky své, i bratří svých, a všeho domu otce svého neshromáždíš-li k sobě do domu."
1473,bible_BKR_Jr.txt,kinship; ritual_sacrifice,kněz; syn,"Slova Jeremiáše syna Helkiášova, z kněží, kteříž byli v Anatot, v zemi Beniamin,"
1474,bible_BKR_Jr.txt,christian_elements; divine; monotheism; royal_power; yhwh_elements,hospodin; hospodin; hospodin; hospodin; král,"K němuž se stalo slovo Hospodinovo za dnů Joziáše syna Amonova, krále Judského, třináctého léta kralování jeho."
1475,bible_BKR_Jr.txt,kinship; royal_power,král; syn,"Byl i za dnů Joakima syna Joziášova, krále Judského, až do vyplnění jedenáctého léta Sedechiáše syna Joziášova, krále Judského, až do zajetí Jeruzaléma měsíce pátého."
1476,bible_BKR_Jr.txt,christian_elements; divine; monotheism; yhwh_elements,hospodin; hospodin; hospodin; hospodin,"Stalo se, pravím, slovo Hospodinovo ke mně, řkoucí:"
1478,bible_BKR_Jr.txt,christian_elements; divine; monotheism; yhwh_elements,hospodin; hospodin; hospodin; hospodin,"I řekl jsem: Ach, Panovníče Hospodine, aj, neumím mluviti, nebo dítě jsem."
1479,bible_BKR_Jr.txt,christian_elements; divine; monotheism; yhwh_elements,hospodin; hospodin; hospodin; hospodin,"Ale Hospodin řekl mi: Neříkej, dítě jsem, nýbrž k čemuž tě koli pošli, jdi, a vše, cožť přikáži, mluv."
1480,bible_BKR_Jr.txt,christian_elements; divine; monotheism; yhwh_elements,hospodin; hospodin; hospodin; hospodin,"Neboj se jich, neboť jsem s tebou, abych tě vysvobozoval, dí Hospodin."
1481,bible_BKR_Jr.txt,christian_elements; divine; monotheism; yhwh_elements,hospodin; hospodin; hospodin; hospodin,"A vztáhna ruku svou Hospodin, dotekl se úst mých, a řekl mi Hospodin: Aj, vložil jsem slova svá v ústa tvá."
1483,bible_BKR_Jr.txt,christian_elements; divine; monotheism; yhwh_elements,hospodin; hospodin; hospodin; hospodin,"Potom se stalo slovo Hospodinovo ke mně, řkoucí: Co vidíš, Jeremiáši? I řekl jsem: Prut mandlový vidím."
1484,bible_BKR_Jr.txt,christian_elements; divine; monotheism; yhwh_elements,hospodin; hospodin; hospodin; hospodin,"Tedy řekl mi Hospodin: Dobře vidíš; nebo pospíchám já s slovem svým, abych je vykonal."
1485,bible_BKR_Jr.txt,christian_elements; divine; monotheism; yhwh_elements,hospodin; hospodin; hospodin; hospodin,"Opět stalo se slovo Hospodinovo ke mně po druhé, řkoucí: Co vidíš? I řekl jsem: Vidím hrnec, an vře, a přední strana jeho k straně půlnoční."
1486,bible_BKR_Jr.txt,christian_elements; divine; monotheism; moral; yhwh_elements,hospodin; hospodin; hospodin; hospodin; zlý,Tedy řekl mi Hospodin: Od půlnoci přivalí se to zlé na všecky obyvatele této země.
1487,bible_BKR_Jr.txt,christian_elements; divine; monotheism; royal_power; yhwh_elements,hospodin; hospodin; hospodin; hospodin; království,"Nebo aj, já svolám všecky rodiny království půlnočních, dí Hospodin, aby přitáhnouce, postavili jeden každý stolici svou v branách Jeruzalémských, a při všech zdech jeho vůkol, a při všech městech Judských."
1491,bible_BKR_Jr.txt,christian_elements; divine; monotheism; yhwh_elements,hospodin; hospodin; hospodin; hospodin,"Kteříž bojovati budou proti tobě, ale neodolají proti tobě. Nebo já jsem s tebou, praví Hospodin, abych tě vysvobozoval."
1492,bible_BKR_Jr.txt,christian_elements; divine; monotheism; yhwh_elements,hospodin; hospodin; hospodin; hospodin,"I stalo se slovo Hospodinovo ke mně, řkoucí:"
1493,bible_BKR_Jr.txt,christian_elements; divine; monotheism; yhwh_elements,hospodin; hospodin; hospodin; hospodin,"Jdi a volej, tak aby slyšel Jeruzalém, řka: Takto praví Hospodin: Rozpomínám se na tě pro milosrdenství mladosti tvé, a pro lásku snětí tvého, když jsi za mnou chodila po poušti v zemi, kteráž nebývá osívána."
1494,bible_BKR_Jr.txt,christian_elements; divine; monotheism; moral; yhwh_elements,hospodin; hospodin; hospodin; hospodin; zlý,"Tehdáž svatost Hospodinova byl Izrael, prvotiny úrod jeho. Všickni, kteříž jej zžírali, obviněni byli; zlé věci na ně přišly, praví Hospodin."
1495,bible_BKR_Jr.txt,christian_elements; divine; monotheism; yhwh_elements,hospodin; hospodin; hospodin; hospodin,"Slyšte slovo Hospodinovo, dome Jákobův, a všecky čeledi domu Izraelského."
1496,bible_BKR_Jr.txt,christian_elements; divine; monotheism; moral; yhwh_elements,hospodin; hospodin; hospodin; hospodin; nepravost,"Takto praví Hospodin: Jakou shledali otcové vaši při mně nepravost, že se vzdálili ode mne, a chodíce za marností, marní učiněni jsou,"
1497,bible_BKR_Jr.txt,christian_elements; divine; life_death; monotheism; yhwh_elements,hospodin; hospodin; hospodin; hospodin; smrt,"Tak že ani neřekli: Kde jest Hospodin, kterýž nás vyvedl z země Egyptské, kterýž nás vodil po poušti, po zemi pusté a strašlivé, po zemi vyprahlé a stínu smrti, po zemi, skrze niž nechodil žádný, a kdež žádný člověk nebydlil?"
1498,bible_BKR_Jr.txt,moral,dobrý,"Nýbrž, když jsem vás uvedl do země úrodné, abyste jedli ovoce její i dobré věci její, všedše tam, poškvrnili jste země mé, a dědictví mé zohavili jste."
1499,bible_BKR_Jr.txt,christian_elements; covenant_law; divine; legal; monotheism; ritual_sacrifice; yhwh_elements,hospodin; hospodin; hospodin; hospodin; kněz; zákon; zákon,"Kněží neřekli: Kde jest Hospodin? a ti, kteříž se obírají s zákonem, nepoznali mne, pastýři pak odstoupili ode mne, a proroci prorokovali skrze Bále, a za věcmi neužitečnými chodili."
1500,bible_BKR_Jr.txt,christian_elements; divine; monotheism; yhwh_elements,hospodin; hospodin; hospodin; hospodin,"Pročež vždy nesnáz mám s vámi, praví Hospodin, i s syny synů vašich nesnáz míti musím."
1503,bible_BKR_Jr.txt,christian_elements; divine; monotheism; yhwh_elements,hospodin; hospodin; hospodin; hospodin,"Užasněte se nebesa nad tím, a děste se, chřadněte velmi, praví Hospodin."
1508,bible_BKR_Jr.txt,christian_elements; divine; monotheism; yhwh_elements,bůh; bůh; hospodin; hospodin; hospodin; hospodin,"Zdaliž toho sobě nepůsobíš, opouštějíc Hospodina Boha svého v ten čas, když tě vodí po cestě své?"
1510,bible_BKR_Jr.txt,christian_elements; divine; monotheism; yhwh_elements,bůh; bůh; hospodin; hospodin; hospodin; hospodin,"Trestati tě bude zlost tvá, a odvrácení tvá domlouvati budou tobě. Poznejž tedy a viz, že zlá a hořká věc jest, že opouštíš Hospodina Boha svého, a není bázně mé při tobě, dí Panovník Hospodin zástupů."
1513,bible_BKR_Ju.txt,christian_elements; divine; kinship; monotheism,bratr; bůh; bůh; ježíš; ježíš; kristus; kristus,"Judas, Ježíše Krista služebník, bratr pak Jakubův, posvěceným od Boha Otce, a Kristu Ježíši zachovaným i povolaným:"
1516,bible_BKR_Ju.txt,christian_elements; divine; monotheism; moral; yhwh_elements,bezbožný; bůh; bůh; hospodin; hospodin; hospodin; hospodin; ježíš; ježíš; milost,"Neboť podešli někteří lidé bezbožní, prvé již dávno poznamenaní k tomu potupení, kteříž milost Boha našeho přenášejí v chlipnost, a toho, kterýž jest sám Hospodin, Boha a Pána našeho Jezukrista zapírají."
1521,bible_BKR_Ju.txt,divine_hierarchy,archanděl,"Ješto Michal archanděl, když s ďáblem odpor maje, hádal se o tělo Mojžíšovo, nesměl vynésti soudu zlořečení, ale řekl: Ztresciž tě Pán."
1524,bible_BKR_Ju.txt,life_death,mrtvý,"Tiť jsou na hodech vašich poškvrny, kteříž s vámi hodujíce bezstoudně, sami se pasou; jsou oblakové bez vody, jimiž vítr sem i tam točí, stromové uvadlí, neužiteční, dvakrát mrtví a vykořenění,"
1525,bible_BKR_Ju.txt,eschatology,věčnost,"Vzteklé vody mořské, vymítající své hanebnosti, hvězdy bludné, jimžto mrákota tmy zachována jest na věčnost."
1527,bible_BKR_Ju.txt,legal; moral,bezbožný; soud,"Aby učinil soud všechněm, a trestal všecky, kteříž by koli mezi nimi byli bezbožní, ze všech skutků bezbožnosti jejich, v nichž bezbožnost páchali, i ze všech tvrdých řečí, kteréž mluvili proti němu hříšníci bezbožní."
1529,bible_BKR_Ju.txt,christian_elements; divine,ježíš; ježíš,"Ale vy, nejmilejší, pamatujte na slova předpověděná od apoštolů Pána našeho Jezukrista."
1531,bible_BKR_Ju.txt,christian_elements; divine,duch; kristus; kristus,"Toť jsou ti, kteříž se sami odtrhují, hovadní, Ducha Kristova nemající."
1532,bible_BKR_Ju.txt,divine,duch; víra,"Ale vy, nejmilejší, vzdělávajíce se na té nejsvětější víře své, v Duchu svatém modléce se,"
1533,bible_BKR_Ju.txt,christian_elements; divine,ježíš; ježíš,"Ostříhejte se v lásce Boží, očekávajíce milosrdenství Pána našeho Jezukrista k věčnému životu."
1537,bible_BKR_Ju.txt,divine; monotheism,bůh; bůh; sláva,"Samému moudrému Bohu, spasiteli našemu, budiž sláva a velebnost, císařství i moc, i nyní i po všecky věky. Amen."
1538,bible_BKR_Kaz.txt,kinship; royal_power,král; syn,"Slova kazatele syna Davidova, krále v Jeruzalémě."
1549,bible_BKR_Kaz.txt,royal_power,král,"Já kazatel byl jsem králem nad Izraelem v Jeruzalémě,"
1550,bible_BKR_Kaz.txt,divine; monotheism,bůh; bůh,"A přiložil jsem mysl svou k tomu, jak bych vyhledati a vystihnouti mohl rozumností svou všecko to, což se děje pod nebem. (Takové bídné zaměstknání dal Bůh synům lidským, aby se jím bědovali.)"
1551,bible_BKR_Kaz.txt,divine,duch,"Viděl jsem všecky skutky, dějící se pod sluncem, a aj, všecko jest marnost a trápení ducha."
1553,bible_BKR_Kaz.txt,wisdom,moudrost,"Protož tak jsem myslil v srdci svém, řka: Aj, já zvelebil jsem a rozšířil moudrost nade všecky, kteříž byli přede mnou v Jeruzalémě, a srdce mé dosáhlo množství moudrosti a umění."
1554,bible_BKR_Kaz.txt,divine; wisdom,duch; moudrost,"I přiložil jsem mysl svou, abych poznal moudrost a umění, nemoudrost i bláznovství, ale shledal jsem, že i to jest trápení ducha."
1555,bible_BKR_Kaz.txt,wisdom,moudrost,"Nebo kde jest mnoho moudrosti, tu mnoho hněvu; a kdož rozmnožuje umění, rozmnožuje bolest."
1558,bible_BKR_Kaz.txt,wisdom,moudrost,"Přemyšloval jsem v srdci svém, abych povoloval u víně tělu svému, srdce však své spravuje moudrostí, a přídržel se bláznovství dotud, až bych zkusil, co by lepšího bylo synům lidským, aby činili pod nebem v počtu dnů života svého."
1564,bible_BKR_Kaz.txt,wisdom,moudrost,"A tak velikým jsem učiněn, a zrostl jsem nade všecky, kteříž přede mnou byli v Jeruzalémě; nadto moudrost má zůstávala při mně."
1566,bible_BKR_Kaz.txt,divine,duch,"Ale jakž jsem se ohlédl na všecky skutky své, kteréž činily ruce mé, a na práci úsilně vedenou, a aj, všecko marnost a trápení ducha, a že nic není užitečného pod sluncem."
1567,bible_BKR_Kaz.txt,royal_power; wisdom,král; moudrost,"Pročež obrátil jsem se, abych spatřoval moudrost a nemoudrost, i bláznovství. (Nebo co by člověk spravil, chtěje následovati krále? To, což již jiní spravili.)"
1568,bible_BKR_Kaz.txt,wisdom,moudrost,"I viděl jsem, že jest užitečnější moudrost než bláznovství, tak jako jest užitečnější světlo nežli temnost."
1570,bible_BKR_Kaz.txt,wisdom,moudrost,"Protož jsem řekl v srdci svém: Máliť mi se tak díti, jako se děje bláznu, pročež jsem tedy moudrostí předčil? A tak řekl jsem v srdci svém: I to jest marnost."
1572,bible_BKR_Kaz.txt,divine,duch,"Pročež mrzí mne tento život; nebo semi nelíbí nic, což se děje pod sluncem, poněvadž všecky věci jsou marnost a trápení ducha."
1578,bible_BKR_Ko.txt,christian_elements; divine,apoštol; ježíš; ježíš; kristus; kristus,"Pavel apoštol Ježíše Krista, skrze vůli Boží, a Timoteus,"
1579,bible_BKR_Ko.txt,christian_elements; divine; monotheism,bůh; bůh; ježíš; ježíš; kristus; kristus; milost,"Těm, kteříž jsou v Kolossis, svatým a věrným bratřím v Kristu Ježíši: Milost vám a pokoj od Boha Otce našeho a Pána Ježíše Krista."
1580,bible_BKR_Ko.txt,christian_elements; divine; monotheism,bůh; bůh; ježíš; ježíš,"Díky činíme Bohu a Otci Pána našeho Jezukrista, vždycky za vás modléce se,"
1581,bible_BKR_Ko.txt,christian_elements; divine,ježíš; ježíš; kristus; kristus; víra,"Slyšavše o víře vaší v Kristu Ježíši, a o lásce ke všechněm svatým,"
1582,bible_BKR_Ko.txt,christian_elements; moral,evangelium; pravda,"Pro naději složenou vám v nebesích, o níž jste prvé slyšeli v slovu pravdy, to jest evangelium."
1583,bible_BKR_Ko.txt,divine; moral,milost; pravda,"Kteréž jest přišlo k vám, jako i na všecken svět, a ovoce nese, jako i u vás od toho dne, v kterémž jste slyšeli, a poznali milost Boží v pravdě,"
1584,bible_BKR_Ko.txt,christian_elements; divine,kristus; kristus,"Jakož jste se i naučili od Epafry, milého spoluslužebníka našeho, kterýž jest věrný k vám služebník Kristův,"
1585,bible_BKR_Ko.txt,divine,duch,Kterýž také oznámil nám lásku vaši v Duchu.
1586,bible_BKR_Ko.txt,wisdom,moudrost,"Protož i my, od toho dne, jakž jsme to uslyšeli, nepřestáváme modliti se za vás a žádati, abyste naplněni byli známostí vůle jeho ve vší moudrosti a rozumnosti duchovní,"
1589,bible_BKR_Ko.txt,kinship,otec,"Díky činíce Otci, kterýž hodné nás učinil účastnosti losu svatých v světle,"
1590,bible_BKR_Ko.txt,kinship; royal_power,království; syn,"Kterýž vytrhl nás z moci temnosti, a přenesl do království milého Syna svého,"
1592,bible_BKR_Ko.txt,divine; genealogy_lineage; monotheism,bůh; bůh; prvorozený,"Kterýž jest obraz Boha neviditelného, prvorozený všeho stvoření."
1595,bible_BKR_Ko.txt,genealogy_lineage,prvorozený,"A onť jest hlava těla církve, kterýž jest počátek a prvorozený z mrtvých, aby tak on ve všem prvotnost držel,"
1596,bible_BKR_Ko.txt,kinship,otec,"Poněvadž se zalíbilo Otci, aby v něm všecka plnost přebývala,"
1598,bible_BKR_Ko.txt,moral,zlý,"Ano i vás, někdy odcizené a nepřátely v mysli, skrze skutky zlé, nyní již smířil,"
1599,bible_BKR_Ko.txt,life_death,smrt,"Tělem svým skrze smrt, aby vás postavil svaté, a nepoškvrněné, a bez úhony před oblíčejem svým,"
1600,bible_BKR_Ko.txt,christian_elements; divine,evangelium; víra,"Však jestliže zůstáváte u víře založení a pevní, a neuchylujete se od naděje evangelium, kteréž jste slyšeli, jenž jest kázáno všemu stvoření, kteréž jest pod nebem, jehož já Pavel učiněn jsem služebník."
1601,bible_BKR_Ko.txt,christian_elements,církev,"Kterýž nyní raduji se z utrpení svých pro vás, a doplňuji ostatky ssoužení Kristových na těle svém za jeho tělo, jenž jest církev,"
1602,bible_BKR_Ko.txt,divine; monotheism,bůh; bůh,"Jejíž učiněn jsem já služebník, tak jakž mi to svěřil Bůh na to, abych vám sloužil, a tak naplnil slovo Boží,"
1604,bible_BKR_Ko.txt,christian_elements; divine; monotheism,bůh; bůh; kristus; kristus,"Jimžto Bůh ráčil známo učiniti, kteraké by bylo bohatství slavného tajemství tohoto mezi pohany, jenž jest Kristus v vás, ta naděje slávy,"
1605,bible_BKR_Ko.txt,christian_elements; divine; wisdom,ježíš; ježíš; kristus; kristus; moudrost,"Kteréhož my zvěstujeme, napomínajíce všelikého člověka, a učíce všelikého člověka ve vší moudrosti, abychom postavili každého člověka dokonalého v Kristu Ježíši."
1608,bible_BKR_Ko.txt,christian_elements; divine; monotheism; wisdom,bůh; bůh; kristus; kristus; poznání,"Aby potěšena byla srdce jejich, spojená v lásce, a to ke všemu bohatství přejistého smyslu, ku poznání tajemství Boha i Otce i Krista,"
1609,bible_BKR_Ko.txt,wisdom,moudrost,V němž jsou skryti všickni pokladové moudrosti a známosti.
1610,bible_BKR_Ko.txt,moral,pravda,"A totoť pravím, aby vás žádný, falešně dovodě, neoklamal podobnou k pravdě řečí."
1611,bible_BKR_Ko.txt,christian_elements; divine; legal,duch; kristus; kristus; víra; řád,"Nebo ačkoli vzdálen jsem tělem, však duchem s vámi jsem, raduje se, a vida řád váš, a utvrzení té víry vaší v Krista."
1612,bible_BKR_Ko.txt,christian_elements; divine,ježíš; ježíš; kristus; kristus,"Protož jakž jste přijali Krista Ježíše Pána, tak v něm choďte,"
1613,bible_BKR_Ko.txt,divine,víra,"Vkořenění a vzdělaní na něm, a utvrzení u víře, jakž jste naučeni, rozhojňujíce se v ní s díků činěním."
1614,bible_BKR_Ko.txt,christian_elements; covenant_law; divine; legal; wisdom,kristus; kristus; moudrost; ustanovení; ustanovení,"Hleďtež, aťby vás někdo neobloupil moudrostí světa, a marným zklamáním, uče podlé ustanovení lidských, podlé živlů světa, a ne podlé Krista."
1617,bible_BKR_Ko.txt,christian_elements; divine,kristus; kristus,"V němž i obřezáni jste obřezáním ne rukou učiněným, svlékše tělo hříchů skrze obřezání Kristovo,"
1622,bible_BKR_L.txt,ritual_sacrifice; royal_power,kněz; král,"Byl za dnů Heródesa krále Judského kněz nějaký, jménem Zachariáš, z třídy Abiášovy, a manželka jeho ze dcer Aronových, a jméno její Alžběta."
1623,bible_BKR_L.txt,moral,spravedlivý,"Byli pak oba spravedliví před oblíčejem Božím, chodíce ve všech přikázaních a spravedlnostech Páně bez ouhony."
1625,bible_BKR_L.txt,divine; monotheism,bůh; bůh,"I stalo se, když on úřad kněžský konal v pořádku třídy své před Bohem,"
1628,bible_BKR_L.txt,divine_hierarchy,anděl,"Tedy ukázal se jemu anděl Páně, stoje na pravé straně oltáře zápalu."
1630,bible_BKR_L.txt,divine; divine_hierarchy; kinship,anděl; modlitba; syn,"I řekl jemu anděl: Neboj se, Zachariáši, neboť jest uslyšána modlitba tvá, a Alžběta manželka tvá porodí tobě syna, a nazůveš jméno jeho Jan."
1632,bible_BKR_L.txt,divine,duch,"Bude zajisté veliký před oblíčejem Páně, a vína i nápoje opojného nebude píti, a Duchem svatým bude naplněn hned od života matky své."
1633,bible_BKR_L.txt,divine; monotheism,bůh; bůh,A mnohé z synů Izraelských obrátí ku Pánu Bohu jejich.
1634,bible_BKR_L.txt,divine,duch,"Neboť on předejde před oblíčejem jeho v duchu a v moci Eliášově, aby obrátil srdce otců k synům, a nevěřící k opatrnosti spravedlivých, aby postavil Pánu lid hotový."
1636,bible_BKR_L.txt,divine_hierarchy,anděl,"I odpověděv anděl, řekl jemu: Jáť jsem Gabriel, kterýž stojím před oblíčejem Božím, a poslán jsem, abych mluvil s tebou, a tyto věci veselé tobě zvěstoval."
1639,bible_BKR_L.txt,prophetic_speech,vidění,"Vyšed pak, nemohl mluviti k nim. I srozuměli, že vidění viděl v chrámě. Nebo on návěští jim dával, a zůstal němý."
1643,bible_BKR_L.txt,divine; divine_hierarchy; monotheism,anděl; bůh; bůh,"V měsíci pak šestém poslán jest anděl Gabriel od Boha do města Galilejského, kterémuž jméno Nazarét,"
1645,bible_BKR_L.txt,divine; divine_hierarchy,anděl; milost,"I všed k ní anděl, dí: Zdráva buď milostí obdařená, Pán s tebou, požehnaná ty mezi ženami."
1647,bible_BKR_L.txt,divine; divine_hierarchy; monotheism,anděl; bůh; bůh; milost,"I řekl jí anděl: Neboj se, Maria, nebo jsi nalezla milost u Boha."
1648,bible_BKR_L.txt,christian_elements; divine; kinship,ježíš; ježíš; syn,"A počneš v životě, a porodíš syna, a nazůveš jméno jeho Ježíš."
1649,bible_BKR_L.txt,divine; monotheism,bůh; bůh; pán,"Tenť bude veliký, a Syn Nejvyššího slouti bude, a dáť jemu Pán Bůh stolici Davida otce jeho."
1650,bible_BKR_L.txt,royal_power,království,"A kralovati bude v domě Jákobově na věky, a království jeho nebude konce."
1652,bible_BKR_L.txt,divine; divine_hierarchy,anděl; duch; svatý,"A odpověděv anděl, řekl jí: Duch svatý sstoupí v tě, a moc Nejvyššího zastíní tobě; a protož i to, což se z tebe svatého narodí, slouti bude Syn Boží."
1653,bible_BKR_L.txt,kinship,syn,"A aj, Alžběta, přítelkyně tvá, i ona počala syna v starosti své, a tento jest jí šestý měsíc, kteráž sloula neplodná."
1654,bible_BKR_L.txt,divine; monotheism,bůh; bůh,Neboť nebude nemožné u Boha žádné slovo.
1655,bible_BKR_L.txt,divine_hierarchy,anděl,"I řekla Maria: Aj, děvka Páně, staniž mi se podlé slova tvého. I odšel od ní anděl."
1658,bible_BKR_Lv.txt,christian_elements; divine; monotheism; yhwh_elements,hospodin; hospodin; hospodin; hospodin,"Povolal pak Hospodin Mojžíše, a mluvil k němu z stánku úmluvy, řka:"
1659,bible_BKR_Lv.txt,christian_elements; divine; monotheism; ritual_sacrifice; yhwh_elements,hospodin; hospodin; hospodin; hospodin; oběť,"Mluv k synům Izraelským a rci jim: Když by kdo z vás obětoval obět Hospodinu, z hovad, totiž z volů aneb z drobného dobytka obětovati budete obět svou."
1660,bible_BKR_Lv.txt,ritual_sacrifice,oběť,"Jestliže zápalná obět jeho byla by z skotů, samce bez vady obětovati bude. U dveří stánku úmluvy obětovati jej bude dobrovolně, před oblíčejem Hospodinovým."
1661,bible_BKR_Lv.txt,ritual_sacrifice,oběť,"A vloží ruku svou na hlavu oběti zápalné, i bude příjemná jemu k očištění jeho."
1662,bible_BKR_Lv.txt,kinship; ritual_sacrifice,kněz; krev; syn,"Tedy zabije volka toho před tváří Hospodinovou, a obětovati budou kněží, synové Aronovi, krev, a pokropí tou krví oltáře svrchu vůkol, kterýž jest u dveří stánku úmluvy."
1663,bible_BKR_Lv.txt,ritual_sacrifice,oběť,"I stáhne kůži s oběti zápalné, a rozseká ji na díly své."
1664,bible_BKR_Lv.txt,kinship; ritual_sacrifice; sacred_space,kněz; oltář; oltář; syn,"A dají synové Arona kněze oheň na oltář, a narovnají dříví na tom ohni."
1665,bible_BKR_Lv.txt,kinship; ritual_sacrifice,kněz; syn,"Potom zpořádají kněží, synové Aronovi, díly ty, hlavu i tuk, na dříví vložené na oheň, kterýž jest na oltáři."
1666,bible_BKR_Lv.txt,christian_elements; divine; monotheism; ritual_sacrifice; yhwh_elements,hospodin; hospodin; hospodin; hospodin; kněz; oběť,"A droby jeho i nohy jeho vymyjete vodou. I páliti bude kněz všecko to na oltáři; zápal jest v obět ohnivou, vůně spokojující Hospodina."
1667,bible_BKR_Lv.txt,ritual_sacrifice,oběť,"Jestliže pak z drobného dobytka bude obět jeho, z ovcí aneb z koz k oběti zápalné, samce bez poškvrny obětovati bude."
1668,bible_BKR_Lv.txt,kinship; ritual_sacrifice,kněz; krev; syn,"A zabije ho při straně oltáře půlnoční před tváří Hospodinovou, a pokropí kněží, synové Aronovi, krví oltáře vůkol."
1669,bible_BKR_Lv.txt,ritual_sacrifice,kněz,"I rozseká ho na díly jeho s hlavou jeho i tukem jeho, a zpořádá je kněz na dříví vložené na oheň, kterýž jest na oltáři."
1670,bible_BKR_Lv.txt,christian_elements; divine; monotheism; ritual_sacrifice; yhwh_elements,hospodin; hospodin; hospodin; hospodin; kněz; oběť,"A střeva jeho i nohy jeho vymyje vodou. Tedy obětovati bude kněz všecko to, a páliti bude to na oltáři; zápal jest v obět ohnivou, vůně spokojující Hospodina."
1671,bible_BKR_Lv.txt,christian_elements; divine; monotheism; ritual_sacrifice; yhwh_elements,hospodin; hospodin; hospodin; hospodin; oběť,"Jestliže pak z ptactva obět zápalnou obětovati bude Hospodinu, tedy ať obětuje z hrdliček aneb z holoubat obět svou."
1672,bible_BKR_Lv.txt,ritual_sacrifice; sacred_space,kněz; krev; oltář; oltář,"I vloží je kněz na oltář a nehtem natrhne hlavy jeho, a zapálí na oltáři, vytlače krev jeho na stranu oltáře."
1674,bible_BKR_Lv.txt,christian_elements; divine; monotheism; ritual_sacrifice; yhwh_elements,hospodin; hospodin; hospodin; hospodin; kněz; oběť,"A natrhne ho za křídla jeho, kterýchž však neodtrhne. I páliti bude je kněz na oltáři na dříví, kteréž jest na ohni; zápalť jest v obět ohnivou, vůně spokojující Hospodina."
1675,bible_BKR_Lv.txt,christian_elements; divine; monotheism; ritual_sacrifice; yhwh_elements,hospodin; hospodin; hospodin; hospodin; kadidlo; oběť,"Když by pak který člověk obětoval dar oběti suché Hospodinu, mouka bělná bude obět jeho. I poleje ji olejem a vloží na ni kadidlo."
1676,bible_BKR_Lv.txt,christian_elements; divine; monotheism; ritual_sacrifice; yhwh_elements,hospodin; hospodin; hospodin; hospodin; kněz; oběť,"Přinese ji pak k synům Aronovým kněžím, a vezme odtud plnou hrst svou té mouky bělné a toho oleje se vším kadidlem jejím; i páliti to bude kněz na památku její na oltáři v obět ohnivou, vůně spokojující Hospodina."
1677,bible_BKR_Lv.txt,ritual_sacrifice,oběť,"Ostatek pak té oběti suché bude Aronovi i synům jeho, svaté svatých, z ohnivých obětí Hospodinových."
1678,bible_BKR_Lv.txt,ritual_sacrifice,oběť,"Když bys pak obětoval dar oběti suché, pečené v peci, ať jsou z mouky bělné koláčové nekvašení, zadělaní olejem, aneb oplatkové přesní olejem pomazaní."
1679,bible_BKR_Lv.txt,ritual_sacrifice,oběť,"Jestliže pak obět suchou na pánvici smaženou obětovati budeš, bude z mouky bělné olejem zadělané a nenakvašené."
1680,bible_BKR_Lv.txt,ritual_sacrifice,oběť,"Rozlámeš ji na kusy a naleješ na ni oleje, obět suchá jest."
1681,bible_BKR_Lv.txt,ritual_sacrifice,oběť,"Pakli obět suchou v kotlíku připravenou obětovati budeš, z mouky bělné s olejem bude."
1682,bible_BKR_Lv.txt,christian_elements; divine; monotheism; ritual_sacrifice; yhwh_elements,hospodin; hospodin; hospodin; hospodin; oběť,"I přineseš obět suchou, kteráž z těch věcí bude Hospodinu, a dáš ji knězi, kterýžto donese ji k oltáři."
1683,bible_BKR_Lv.txt,christian_elements; divine; monotheism; ritual_sacrifice; yhwh_elements,hospodin; hospodin; hospodin; hospodin; kněz; oběť,"A vezma kněz z oběti té pamětné její, páliti je bude na oltáři, v obět ohnivou, vůně spokojující Hospodina."
1684,bible_BKR_Lv.txt,ritual_sacrifice,oběť,"Což pak zůstane z oběti té suché, bude Aronovi i synům jeho, svaté svatých, z ohnivých obětí Hospodinových."
1685,bible_BKR_Lv.txt,christian_elements; divine; monotheism; ritual_sacrifice; yhwh_elements,hospodin; hospodin; hospodin; hospodin; oběť,"Žádná obět suchá, kterouž obětovati budete Hospodinu, nebude kvašena; nebo nižádného kvasu, ani medu nebudete obětovati v obět ohnivou Hospodinu."
1686,bible_BKR_Lv.txt,christian_elements; divine; monotheism; ritual_sacrifice; sacred_space; yhwh_elements,hospodin; hospodin; hospodin; hospodin; oběť; oltář; oltář,"V oběti prvotin toliko obětovati budete je Hospodinu, ale na tento oltář neobětujte jich u vůni spokojující."
1687,bible_BKR_Lv.txt,divine; monotheism; ritual_sacrifice,bůh; bůh; oběť,"Také všeliký dar suché oběti své solí osolíš, a neodejmeš soli smlouvy Boha svého od suché oběti své. Při každé oběti své sůl obětovati budeš."
1688,bible_BKR_Lv.txt,christian_elements; divine; monotheism; ritual_sacrifice; yhwh_elements,hospodin; hospodin; hospodin; hospodin; oběť,"Jestliže bys pak obětoval obět suchou z prvotin Hospodinu, klasy nové ohněm upražíš, a což vymneš z těch klasů nových, to obětovati budeš, suchou obět prvotin svých."
1689,bible_BKR_Lv.txt,ritual_sacrifice,kadidlo; oběť,"A poleješ ji svrchu olejem, kadidlo také vložíš na ni; obět suchá jest."
1690,bible_BKR_Lv.txt,christian_elements; divine; monotheism; ritual_sacrifice; yhwh_elements,hospodin; hospodin; hospodin; hospodin; kněz; oběť,"I páliti bude kněz pamětné její z obilí zetřeného, a z oleje toho, se vším tím kadidlem jejím; v obět ohnivou bude Hospodinu."
1691,bible_BKR_Lv.txt,ritual_sacrifice,oběť,"Jestliže pak obět pokojná bude obět jeho, když by z skotů obětoval, buď vola neb krávu, bez vady bude obětovati je před tváří Hospodinovou."
1692,bible_BKR_Lv.txt,kinship; ritual_sacrifice; sacred_space,kněz; krev; oběť; oltář; oltář; syn,"Tedy položí ruku svou na hlavu oběti své, i zabije ji u dveří stánku úmluvy; a kropiti budou kněží synové Aronovi krví na oltář vůkol."
1693,bible_BKR_Lv.txt,christian_elements; divine; monotheism; ritual_sacrifice; yhwh_elements,hospodin; hospodin; hospodin; hospodin; oběť,"Potom obětovati bude z oběti pokojné ohnivou obět Hospodinu, tuk střeva kryjící, i všeliký tuk, kterýž jest na nich,"
1695,bible_BKR_Lv.txt,christian_elements; divine; monotheism; ritual_sacrifice; yhwh_elements,hospodin; hospodin; hospodin; hospodin; oběť,"I páliti to budou synové Aronovi na oltáři spolu s obětí zápalnou, kteráž bude na dříví vloženém na oheň; obět zajisté ohnivá jest, vůně spokojující Hospodina."
1696,bible_BKR_Lv.txt,christian_elements; divine; monotheism; ritual_sacrifice; yhwh_elements,hospodin; hospodin; hospodin; hospodin; oběť,"Jestliže pak z drobného dobytka bude obět jeho v obět pokojnou Hospodinu, samce aneb samici, bez poškvrny obětovati bude ji."
1697,bible_BKR_Lv.txt,ritual_sacrifice,oběť,"Jestliže by obětoval beránka, obět svou, tedy obětovati jej bude před tváří Hospodinovou."
1698,bible_BKR_Mal.txt,christian_elements; divine; monotheism; yhwh_elements,hospodin; hospodin; hospodin; hospodin,Břímě slova Hospodinova proti Izraelovi skrze Malachiáše.
1699,bible_BKR_Mal.txt,christian_elements; divine; kinship; monotheism; yhwh_elements,bratr; hospodin; hospodin; hospodin; hospodin,"Miluji vás, praví Hospodin, vy pak říkáte: V čem nás miluješ? Zdaliž Ezau nebyl bratr Jákobův? praví Hospodin. A však jsem miloval Jákoba."
1701,bible_BKR_Mal.txt,christian_elements; divine; monotheism; yhwh_elements,hospodin; hospodin; hospodin; hospodin,"Řekne-li Idumejská země: Ochuzeniť jsme, ale navrátíme se zase, a vystavíme místa pustá, takto praví Hospodin zástupů: Oni nechť stavějí, a já budu bořiti. I budou je nazývati pomezím bezbožnosti a lidem, na nějž hněviv bude Hospodin až na věky."
1702,bible_BKR_Mal.txt,christian_elements; divine; monotheism; yhwh_elements,hospodin; hospodin; hospodin; hospodin,"Což oči vaše uzří, a vy díte: Veleben buď Hospodin po pomezích Izraelských."
1703,bible_BKR_Mal.txt,christian_elements; divine; monotheism; ritual_sacrifice; yhwh_elements,hospodin; hospodin; hospodin; hospodin; kněz; pán,"Syn ctí otce, a služebník pána svého. Protož jestližeť jsem já otec, kdež jest čest má? A jestliže jsem pán, kde jest bázeň má? Vám to mluví Hospodin zástupů, ó kněží, kteříž sobě zlehčujete jméno mé. A však říkáte: V čem zlehčujeme jméno tvé?"
1704,bible_BKR_Mal.txt,christian_elements; divine; monotheism; ritual_sacrifice; sacred_space; yhwh_elements,hospodin; hospodin; hospodin; hospodin; oběť; oltář; oltář,"Kteříž přinášejíce na oltář můj obět poškvrněnou, říkáte: Čímž jsme tě poškvrnili? Tím, když říkáte: Stůl Hospodinův v pohrdání jest."
1705,bible_BKR_Mal.txt,christian_elements; divine; monotheism; moral; yhwh_elements,hospodin; hospodin; hospodin; hospodin; zlý,"Nebo když přivodíte slepé k obětování, což to není nic zlého? A když přivodíte chromé aneb nemocné, což to není nic zlého? Daruj je medle knížeti svému, zalíbíš-li mu se tím, a přijme-li tvář tvou, praví Hospodin zástupů."
1706,bible_BKR_Mal.txt,christian_elements; divine; monotheism; yhwh_elements,bůh; bůh; hospodin; hospodin; hospodin; hospodin; milost,"A protož nyní kořtež se tváři Boha silného, aby nám milost učinil. Ale když to z rukou vašich jest, přijme-liž kterého z vás oblíčej? praví Hospodin zástupů."
1707,bible_BKR_Mal.txt,christian_elements; divine; monotheism; ritual_sacrifice; yhwh_elements,hospodin; hospodin; hospodin; hospodin; oběť,"Anobrž kdo jest mezi vámi, aby zavřel dvéře, aneb zapálil na oltáři mém darmo? Nemámť v vás žádné líbosti, praví Hospodin zástupů, a oběti nepřijmu z ruky vaší."
1708,bible_BKR_Mal.txt,christian_elements; divine; monotheism; ritual_sacrifice; yhwh_elements,hospodin; hospodin; hospodin; hospodin; oběť,"Nebo od východu slunce až na západ jeho veliké bude jméno mé mezi národy, a na všelikém místě kadění přinášíno bude jménu mému, a obět čistá. Veliké zajisté jméno mé bude mezi národy, praví Hospodin zástupů,"
1709,bible_BKR_Mal.txt,christian_elements; divine; monotheism; yhwh_elements,hospodin; hospodin; hospodin; hospodin,"Ačkoli vy ho poškvrňujete, když říkáte: Stůl Hospodinův v pohrdání jest, a což kladeno bývá na něj, že jest chaterný pokrm."
1710,bible_BKR_Mal.txt,christian_elements; divine; monotheism; yhwh_elements,hospodin; hospodin; hospodin; hospodin,"Říkáte také: Ach, větší práce, ješto byste to zdmýchnouti mohli, praví Hospodin zástupů. Nebo přinášíte to, což jest vydřeno, a chromé i nemocné, přinášejíce dar. To-liž mám přijímati z ruky vaší? praví Hospodin."
1711,bible_BKR_Mal.txt,christian_elements; divine; monotheism; royal_power; yhwh_elements,hospodin; hospodin; hospodin; hospodin; král,"Anobrž zlořečený jest fortelný, kterýž maje v svém stádě samce, činí slib, a obětuje Pánu to, což jest churavého. Nebo král veliký já jsem, praví Hospodin zástupů, a jméno mé jest hrozné mezi národy."
1712,bible_BKR_Mal.txt,covenant_law; legal; ritual_sacrifice,kněz; přikázání; přikázání,"A tak nyní k vám přikázání to, ó kněží."
1713,bible_BKR_Mal.txt,christian_elements; divine; monotheism; yhwh_elements,hospodin; hospodin; hospodin; hospodin,"Neuposlechnete-li a nesložíte-li v srdci, abyste dali slávu jménu mému, praví Hospodin zástupů, zajisté že pošli na vás zlořečenství, a zlořečiti budu požehnáním vašim. Anobrž již jsem zlořečil každému z nich, nebo jste nikoli nesložili toho v srdci."
1715,bible_BKR_Mal.txt,christian_elements; covenant_law; divine; legal; monotheism; yhwh_elements,hospodin; hospodin; hospodin; hospodin; smlouva; smlouva,"Nebo víte, že jsem poslal k vám přikázaní to, aby byla stálá smlouva s Léví, praví Hospodin zástupů."
1716,bible_BKR_Mal.txt,covenant_law; legal,smlouva; smlouva,"Smlouva má byla s ním života a pokoje, a dal jsem jemu to pro bázeň; nebo se bál mne, a pro jméno mé potřín byl."
1717,bible_BKR_Mal.txt,covenant_law; legal; moral,nepravost; pravda; zákon; zákon,"Zákon pravdy byl v ústech jeho, a nepravost nebyla nalezena ve rtech jeho, v pokoji a upřímosti chodil se mnou, a mnohé odvrátil od nepravosti."
1718,bible_BKR_Mal.txt,christian_elements; covenant_law; divine; legal; monotheism; ritual_sacrifice; yhwh_elements,hospodin; hospodin; hospodin; hospodin; kněz; zákon; zákon,"Nebo rtové kněze mají ostříhati umění, a na zákon doptávati se z úst jeho; posel zajisté Hospodina zástupů jest."
1719,bible_BKR_Mal.txt,christian_elements; covenant_law; divine; legal; monotheism; yhwh_elements,hospodin; hospodin; hospodin; hospodin; zákon; zákon,"Vy pak sešli jste s cesty, byli jste příčinou mnohým, aby činili proti zákonu; zrušili jste smlouvu Levítskou, praví Hospodin zástupů."
1721,bible_BKR_Mal.txt,divine; monotheism,bůh; bůh,Zdaliž není jeden otec všech nás? Zdaliž Bůh jeden nestvořil nás? Proč nevěrně činiti máme jeden druhému a zlehčovati smlouvu otců našich?
1722,bible_BKR_Mal.txt,divine; monotheism,bůh; bůh,"Nevěrně činí Juda, a ohavnost se děje v Izraeli a v Jeruzalémě; nebo poškvrňuje Juda svatosti Hospodinovy, kterouž by milovati měl, pojímaje za manželku dceru boha jiného."
1723,bible_BKR_Mal.txt,christian_elements; divine; monotheism; yhwh_elements,hospodin; hospodin; hospodin; hospodin,"Vypléní Hospodin muže, kterýž to činí, z stánků Jákobových, bdícího i odpovídajícího, i obětujícího dar Hospodinu zástupů."
1724,bible_BKR_Mal.txt,christian_elements; divine; monotheism; ritual_sacrifice; sacred_space; yhwh_elements,hospodin; hospodin; hospodin; hospodin; oběť; oltář; oltář,"Již to podruhé činíte, že přikrýváte slzami oltář Hospodinův, pláčem a křikem, pročež nikoli nepatří již více k daru, aniž přijímá oběti vzácné z ruky vaší."
1725,bible_BKR_Mal.txt,christian_elements; divine; monotheism; yhwh_elements,hospodin; hospodin; hospodin; hospodin,"A však říkáte? Pro kterou příčinu? Proto že Hospodin jest svědkem mezi tebou a manželkou mladosti tvé, kteréž ty nevěrně činíš, ješto ona jest tovaryška tvá, a manželka smlouvy tvé."
1726,bible_BKR_Mal.txt,divine,duch,"Zdaliž neučinil jedno, ačkoli ještě více ducha měl? Proč pak jedno? Aby hledali semene Božího. Protož ostříhejte ducha svého, a manželce mladosti své nečiňte nevěrně."
1727,bible_BKR_Mal.txt,christian_elements; divine; monotheism; yhwh_elements,bůh; bůh; duch; hospodin; hospodin; hospodin; hospodin,"Proto že v nenávisti má propouštění, praví Hospodin Bůh Izraelský, proto že takový přikrývá ukrutnost pláštěm jeho, praví Hospodin zástupů, protož ostříhejte ducha svého, abyste nečinili nevěrně."
1728,bible_BKR_Mal.txt,christian_elements; divine; monotheism; moral; yhwh_elements,bůh; bůh; hospodin; hospodin; hospodin; hospodin; zlý,"Těžcí jste Hospodinu slovy svými, a však říkáte: V čem jsme těžcí? Když říkáte: Každý, kdož činí zlé, líbí se Hospodinu, a v těch on líbost má, aneb: Kde jest Bůh soudu?"
1729,bible_BKR_Mal.txt,christian_elements; divine; divine_hierarchy; monotheism; yhwh_elements,anděl; hospodin; hospodin; hospodin; hospodin,"Aj, já posílám anděla svého, kterýž připraví cestu před tváří mou. V tom hned přijde do chrámu svého Panovník, kteréhož vy hledáte, a anděl smlouvy, v němž vy líbost máte. Aj, přijdeť, praví Hospodin zástupů."
1731,bible_BKR_Mal.txt,christian_elements; divine; legal; monotheism; ritual_sacrifice; yhwh_elements,hospodin; hospodin; hospodin; hospodin; oběť; spravedlnost,"I sedna, přeháněti bude a přečišťovati stříbro, a přečistí syny Léví, a vyčistí je jako zlato a jako stříbro. I budou Hospodinovi, obětujíce oběti v spravedlnosti."
1732,bible_BKR_Mal.txt,christian_elements; divine; monotheism; ritual_sacrifice; yhwh_elements,hospodin; hospodin; hospodin; hospodin; oběť,"I zachutná sobě Hospodin obět Judovu a Jeruzalémských, jako za dnů prvních, a jako za let starodávních."
1733,bible_BKR_Mal.txt,christian_elements; divine; monotheism; yhwh_elements,hospodin; hospodin; hospodin; hospodin,"K vám pak přikročím s pomstou, a budu rychlým svědkem proti kouzedlníkům, a proti cizoložníkům, a proti křivopřísežníkům, i proti těm, kteříž s útiskem zadržují mzdu nájemníka, vdově a sirotku, a příchozímu křivdu činíce, nebojí se mne, praví Hospodin zástupů."
1734,bible_BKR_Mal.txt,christian_elements; divine; monotheism; yhwh_elements,hospodin; hospodin; hospodin; hospodin,"Nebo já Hospodin neměním se, protož vy, synové Jákobovi, nevzali jste skončení."
1735,bible_BKR_Mal.txt,christian_elements; covenant_law; divine; legal; monotheism; yhwh_elements,hospodin; hospodin; hospodin; hospodin; ustanovení; ustanovení,"Hned ode dnů otců vašich odešli jste od ustanovení mých, a neostříhali jste jich. Navraťtež se ke mně, a navrátím se k vám, praví Hospodin zástupů. Ale říkáte: V čem bychom se navrátiti měli?"
1736,bible_BKR_Mal.txt,divine; monotheism; ritual_sacrifice,bůh; bůh; oběť,"Loupiti-liž má člověk Boha, že vy loupíte mne? A však říkáte: V čem tě loupíme? V desátcích a obětech."
1737,bible_BKR_Mal.txt,genealogy_lineage,pokolení,"Naprosto zlořečení jste, proto že mne loupíte, vy pokolení všecko."
1738,bible_BKR_Mi.txt,christian_elements; divine; monotheism; prophetic_speech; yhwh_elements,hospodin; hospodin; hospodin; hospodin; vidění,"Slovo Hospodinovo, kteréž se stalo k Micheášovi Moraštickému za dnů Jotama, Achasa a Ezechiáše králů Judských, kteréž u vidění slyšel o Samaří a Jeruzalému."
1739,bible_BKR_Mi.txt,christian_elements; divine; monotheism; yhwh_elements,hospodin; hospodin; hospodin; hospodin,"Slyšte všickni lidé napořád, pozoruj země, i což na ní jest, a nechť jest Panovník Hospodin proti vám svědkem, Panovník z chrámu svatosti své."
1740,bible_BKR_Mi.txt,christian_elements; divine; monotheism; yhwh_elements,hospodin; hospodin; hospodin; hospodin,"Nebo aj, Hospodin vyjde z místa svého, a sstoupě, šlapati bude po vysokostech země."
1742,bible_BKR_Mi.txt,moral,hřích,"A to všecko pro Jákobovo zpronevěření, a pro hříchy domu Izraelského. Kdo jest příčina zpronevěření Jákobova? Zdali ne Samaří? A kdo výsostí Judských: Zdali ne Jeruzalém?"
1749,bible_BKR_Mi.txt,christian_elements; divine; monotheism; moral; yhwh_elements,dobrý; hospodin; hospodin; hospodin; hospodin; zlý,"Bude, pravím, bolestiti pro dobré věci obyvatelkyně Marót, proto že sstoupí zlé od Hospodina až do brány Jeruzalémské."
1751,bible_BKR_Mi.txt,royal_power,král,Protož pošleš dary své s Morešet v Gát; domové Achzib zklamají krále Izraelské.
1754,bible_BKR_Mi.txt,moral,nepravost; zlý,"Běda těm, kteříž vymýšlejí nepravost a ukládají zlé na ložcích svých, a na úsvitě ráno vykonávají je, když jest v moci rukou jejich."
1756,bible_BKR_Mi.txt,christian_elements; divine; monotheism; moral; yhwh_elements,hospodin; hospodin; hospodin; hospodin; zlý,"Protož takto praví Hospodin: Aj, já myslím proti čeledi té věc zlou, odkudž nevyňmete hrdel vašich, aniž budete choditi vysokomyslně; nebo čas zlý bude."
1757,bible_BKR_Mi.txt,wisdom,přísloví,"V ten den užívati budou o vás přísloví, a naříkati budou naříkáním žalostným, řkouce: Do cela zpuštěni jsme, podíl lidu mého proměnil. Jaktě mi jej odjal, a vzav pole naše, rozdělil!"
1760,bible_BKR_Mi.txt,christian_elements; divine; monotheism; yhwh_elements,duch; hospodin; hospodin; hospodin; hospodin,"Ó kteráž sloveš domem Jákobovým, zdali do těsna vehnán býti má duch Hospodinův? To-liž by skutkové jeho byli? Zdaliž slova má nejsou dobrá tomu, kdož upřímě chodí?"
1761,bible_BKR_Mi.txt,war_conflict,nepřítel,"Včera byl lidem mým, již jako nepřítel povstává. Majíce oděv, plášť strhujete s těch, kteříž chodí bezpečně, vyhýbajíce se bitvě."
1764,bible_BKR_Mi.txt,moral,lež,"Jestliže za proroka se vydávaje a lež mluvě, říká: Budu tobě prorokovati o víně aneb o nápoji opojujícím, takový bývá prorokem lidu tohoto."
1766,bible_BKR_Mi.txt,christian_elements; divine; monotheism; royal_power; yhwh_elements,hospodin; hospodin; hospodin; hospodin; král,"Vstoupí ten, kterýž prolamovati bude před nimi. Prolomí, a projdou bránu, a vyjdou skrze ni; ano i král jejich půjde před nimi, a Hospodin na špici jejich."
1768,bible_BKR_Mi.txt,moral,dobrý; zlý,"Nenávidí dobrého a milují zlé, sdírají s lidu kůži jejich, a maso jejich s kostí jejich."
1770,bible_BKR_Mi.txt,christian_elements; divine; monotheism; yhwh_elements,hospodin; hospodin; hospodin; hospodin,"Tehdy volati budou k Hospodinu, a nevyslyší jich, ale skryje tvář svou před nimi v ten čas, tak jakž oni vykonávali zlá předsevzetí svá."
1771,bible_BKR_Mi.txt,christian_elements; divine; monotheism; yhwh_elements,hospodin; hospodin; hospodin; hospodin,"Takto praví Hospodin o těch prorocích, kteříž v blud uvodí lid můj, a hryzouce zuby svými, vyhlašují pokoj, a proti tomu, kdož by jim nic do úst nedal, válku vyzdvihují."
1772,bible_BKR_Mi.txt,prophetic_speech,vidění,"A protož obrátí se vám vidění v noc, a předpovídání vaše v tmu; nebo zajde slunce těm prorokům, a zatmí se jim den."
1774,bible_BKR_Mi.txt,christian_elements; divine; monotheism; moral; yhwh_elements,duch; hospodin; hospodin; hospodin; hospodin; hřích,"Ale já naplněn jsem silou Ducha Hospodinova, a soudem i udatností, abych oznámil Jákobovi zpronevěření jeho, a Izraelovi hřích jeho."
1775,bible_BKR_Mi.txt,legal,soud,"Slyštež již toto přední v domě Jákobově, a vůdcové domu Izraelského, kteříž v ošklivosti mají soud, a cožkoli jest pravého, převracejí:"
1777,bible_BKR_Mi.txt,christian_elements; divine; monotheism; moral; ritual_sacrifice; yhwh_elements,hospodin; hospodin; hospodin; hospodin; kněz; zlý,"Jehož přední podlé darů soudí, a kněží jeho ze mzdy učí, a proroci jeho z peněz hádají, a však na Hospodina zpoléhají, říkajíce: Zdaliž Hospodina není u prostřed nás? Nepřijdeť na nás nic zlého."
1778,bible_BKR_Mk.txt,christian_elements; divine,evangelium; ježíš; ježíš; kristus; kristus,"Počátek evangelium Ježíše Krista, Syna Božího;"
1781,bible_BKR_Mk.txt,christian_elements,křest,"Křtil Jan na poušti, a kázal křest pokání na odpuštění hříchů."
1782,bible_BKR_Mk.txt,moral,hřích,"I vycházela k němu všecka krajina Judská i Jeruzalémští, a křtěni byli od něho všickni v Jordáně řece, vyznávajíce hříchy své."
1785,bible_BKR_Mk.txt,divine,duch,"Já zajisté křtil jsem vás vodou, ale onť vás křtíti bude Duchem svatým."
1786,bible_BKR_Mk.txt,christian_elements; divine,ježíš; ježíš,"I stalo se v těch dnech, přišel Ježíš z Nazarétu Galilejského, a pokřtěn jest od Jana v Jordáně."
1787,bible_BKR_Mk.txt,divine,duch,"A hned vystoupiv z vody, uzřel nebesa otevřená a Ducha jako holubici sstupujícího na něj."
1788,bible_BKR_Mk.txt,kinship,syn,"A hlas stal se s nebe: Ty jsi ten můj milý Syn, v němž mi se dobře zalíbilo."
1789,bible_BKR_Mk.txt,divine,duch,A i hned ho Duch vypudil na poušť.
1791,bible_BKR_Mk.txt,christian_elements; divine; royal_power,evangelium; ježíš; ježíš; království,"Když pak byl vsazen Jan, přišel Ježíš do Galilee, káže evangelium království Božího,"
1792,bible_BKR_Mk.txt,christian_elements; royal_power,evangelium; království,"A pravě: Že se naplnil čas, a přiblížilo se království Boží. Čiňte pokání, a věřte evangelium."
1794,bible_BKR_Mk.txt,christian_elements; divine,ježíš; ježíš,"I řekl jim Ježíš: Poďte za mnou, a učiním vás rybáře lidí."
1796,bible_BKR_Mk.txt,kinship,syn,"A poodšed odtud maličko, uzřel Jakuba syna Zebedeova, a Jana bratra jeho, ani na lodí tvrdí síti."
1797,bible_BKR_Mk.txt,kinship,otec,"A hned povolal jich. A oni opustivše otce svého Zebedea na lodí s pacholky, šli za ním."
1800,bible_BKR_Mk.txt,divine,duch,"I byl v škole jejich člověk, maje ducha nečistého. Kterýž zvolal,"
1801,bible_BKR_Mk.txt,christian_elements; divine,ježíš; ježíš; svatý,"Řka: Ach, což jest tobě do nás, Ježíši Nazaretský? Přišel jsi zatratiti nás. Znám tě, kdo jsi, že ten Svatý Boží."
1802,bible_BKR_Mk.txt,christian_elements; divine,ježíš; ježíš,"I přimluvil mu Ježíš, řka: Umlkniž a vyjdi z něho."
1803,bible_BKR_Mk.txt,divine,duch,"I polomcovav jím duch nečistý a křiče hlasem velikým, vyšel z něho."
1818,bible_BKR_Mt.txt,christian_elements; divine,ježíš; ježíš; kristus; kristus,"Kniha rodu Ježíše Krista syna Davidova, syna Abrahamova."
1823,bible_BKR_Mt.txt,royal_power,král,"Jesse zplodil Davida krále. David pak král zplodil Šalomouna, z té, kteráž byla Uriášova."
1833,bible_BKR_Mt.txt,christian_elements; divine,ježíš; ježíš; kristus; kristus,"Jákob pak zplodil Jozefa, muže Marie, z nížto narodil se JEŽÍŠ, kterýž slove Kristus."
1834,bible_BKR_Mt.txt,christian_elements; divine,kristus; kristus,"A tak všech rodů od Abrahama až do Davida bylo rodů čtrnácte, a od Davida až do zajetí Babylonského rodů čtrnácte, a od zajetí Babylonského až do Krista rodů čtrnácte."
1835,bible_BKR_Mt.txt,divine; kinship,duch; matka,"Jezukristovo pak narození takto se stalo: Když matka jeho Maria zasnoubena byla Jozefovi, prvé než se sešli, nalezena jest těhotná z Ducha svatého."
1836,bible_BKR_Mt.txt,moral,spravedlivý,"Ale Jozef muž její spravedlivý jsa, a nechtěv jí v lehkost uvésti, chtěl ji tajně propustiti."
1837,bible_BKR_Mt.txt,divine; divine_hierarchy; kinship,anděl; duch; syn,"Když pak on o tom přemyšloval, aj, anděl Páně ve snách ukázal se jemu, řka: Jozefe synu Davidův, neboj se přijíti Marie manželky své; nebo což v ní jest počato, z Ducha svatého jest."
1838,bible_BKR_Mt.txt,christian_elements; divine; kinship,ježíš; ježíš; syn,"Porodíť pak syna, a nazůveš jméno jeho Ježíš; onť zajisté vysvobodí lid svůj od hříchů jejich."
1840,bible_BKR_Mt.txt,divine; monotheism,bůh; bůh,"Aj, panna těhotná bude, a porodí syna, a nazůveš jméno jeho Emmanuel, kteréž se vykládá: S námi Bůh."
1841,bible_BKR_Mt.txt,divine_hierarchy,anděl,"Procítiv pak Jozef ze sna, učinil, jakož mu přikázal anděl Páně, a přijal manželku svou."
1842,bible_BKR_Mt.txt,christian_elements; divine; kinship,ježíš; ježíš; syn,"Ale nepoznal jí, až i porodila Syna svého prvorozeného, a nazvala jméno jeho Ježíš."
1843,bible_BKR_Mt.txt,christian_elements; divine; royal_power,ježíš; ježíš; král,"Když se pak narodil Ježíš v Betlémě Judově za dnů Heródesa krále, aj, mudrci od východu slunce vypravili se do Jeruzaléma,"
1844,bible_BKR_Mt.txt,royal_power,král,"Řkouce: Kde jest ten narozený král Židovský? Nebo viděli jsme hvězdu jeho na východu slunce, a vypravili jsme se, abychom se klaněli jemu."
1845,bible_BKR_Mt.txt,royal_power,král,"To uslyšev Heródes král, zarmoutil se i všecken Jeruzalém s ním."
1846,bible_BKR_Mt.txt,christian_elements; divine; ritual_sacrifice,kněz; kristus; kristus,"A protož svolav všecky přední kněží {biskupy} a učitele lidu, tázal se jich, kde by se Kristus měl naroditi."
1851,bible_BKR_Mt.txt,royal_power,král,"Oni pak vyslyševše krále, jeli. A aj, hvězda, kterouž byli viděli na východu slunce, předcházela je, až i přišedši, stála nad místem, kdež bylo děťátko."
1853,bible_BKR_Mt.txt,ritual_sacrifice,kadidlo,"I všedše do domu, nalezli děťátko s Marií matkou jeho, a padše, klaněli se jemu; a otevřevše poklady své, obětovali jemu dary, zlato a kadidlo a mirru."
1854,bible_BKR_Mt.txt,divine; monotheism,bůh; bůh,"A od Boha napomenuti jsouce ve snách, aby se nenavraceli k Heródesovi, jinou cestou navrátili se do krajiny své."
1855,bible_BKR_Mt.txt,divine_hierarchy,anděl,"Když pak oni odjeli, aj, anděl Páně ukázal se Jozefovi ve snách, řka: Vstana, vezmi děťátko i matku jeho, a utec do Egypta, a buď tam, dokudž nepovím tobě; neboť bude Heródes hledati děťátka, aby je zahubil."
1857,bible_BKR_Mt.txt,kinship; life_death,smrt; syn,"A byl tam až do smrti Heródesovy, aby se naplnilo povědění Páně skrze proroka, řkoucího: Z Egypta povolal jsem Syna svého."
1858,bible_BKR_Na.txt,prophetic_speech,vidění,Břímě Ninive: Kniha vidění Nahuma Elkošského.
1859,bible_BKR_Na.txt,christian_elements; divine; monotheism; yhwh_elements,bůh; bůh; hospodin; hospodin; hospodin; hospodin,"Hospodin jest Bůh horlivý a mstitel, mstitel jestiť Hospodin, a zůřivý. Hospodin uvodí pomstu na protivníky své, a drží hněv proti nepřátelům svým."
1860,bible_BKR_Na.txt,christian_elements; divine; monotheism; yhwh_elements,hospodin; hospodin; hospodin; hospodin,"Hospodin dlouhočekající jest a velikomocný, však nikoli neospravedlňuje vinného. U vichru a bouři jest cesta Hospodinova, a oblak jest prach noh jeho."
1864,bible_BKR_Na.txt,christian_elements; divine; monotheism; yhwh_elements,hospodin; hospodin; hospodin; hospodin,"Dobrýť jest Hospodin, silou jest v den ssoužení, a zná ty, kdož v něho doufají."
1866,bible_BKR_Na.txt,christian_elements; divine; monotheism; yhwh_elements,hospodin; hospodin; hospodin; hospodin,"Co myslíte proti Hospodinu? Onť konec učiní, nezdvihne druhé rány."
1868,bible_BKR_Na.txt,christian_elements; divine; monotheism; moral; yhwh_elements,hospodin; hospodin; hospodin; hospodin; zlý,"Z tebeť vyšel ten, kterýž myslí proti Hospodinu zlé, rádce nešlechetný."
1869,bible_BKR_Na.txt,christian_elements; divine; monotheism; yhwh_elements,hospodin; hospodin; hospodin; hospodin,"Takto dí Hospodin: Byť se byli pokojně měli, byliť by tak v rozšíření zůstali aneb by toliko přemrštěni byli; i bylo by to pominulo, a netrápil bych jich více, tak jako jsem trápil."
1871,bible_BKR_Na.txt,christian_elements; divine; monotheism; yhwh_elements,bůh; bůh; hospodin; hospodin; hospodin; hospodin,"Nebo přikázaní vydal proti tobě Hospodin, nebudeť rozsíváno ze jména tvého více; z domu Boha tvého vyhladím rytinu i slitinu, a když zlehčen budeš, způsobímť hrob."
1874,bible_BKR_Na.txt,christian_elements; divine; monotheism; yhwh_elements,hospodin; hospodin; hospodin; hospodin,"Neboť jest odjal Hospodin pýchu Jákobovu jako pýchu Izraelovu, proto že vyprázdnili je zhoubcové, a réví jejich pokazili."
1878,bible_BKR_Na.txt,sacred_space,chrám,"Brány při řekách se otevrou, chrám se rozplyne."
1885,bible_BKR_Na.txt,christian_elements; divine; monotheism; war_conflict; yhwh_elements,hospodin; hospodin; hospodin; hospodin; meč,"Aj, já proti tobě, praví Hospodin zástupů, a popálím na prach vozy tvé, a lvíčata tvá sžíře meč; i vypléním z země loupež tvou, a nebude slyšán více hlas poslů tvých."
1886,bible_BKR_Na.txt,moral,lež,"Běda městu vražednému, kteréž všecko lži a ukrutenství plné jest, neodchází z něho loupež."
1888,bible_BKR_Na.txt,war_conflict,kopí; meč,"Jezdec vyzdvihne třpytící se meč, a blýskající se kopí, i bude množství zbitých, a veliké hromady těl mrtvých, tak že nebude žádného počtu těl mrtvých, až i padati budou přes těla jejich,"
1890,bible_BKR_Na.txt,christian_elements; divine; monotheism; yhwh_elements,hospodin; hospodin; hospodin; hospodin,"Aj, já proti tobě, dí Hospodin zástupů, a odkryji podolek tvůj nad hlavu tvou, a ukáži národům nahotu tvou, a královstvím hanbu tvou."
1898,bible_BKR_Neh.txt,kinship,syn,"Slova Nehemiáše syna Chachaliášova. I stalo se měsíce Kislev léta dvadcátého, když jsem byl na hradě Susan,"
1901,bible_BKR_Neh.txt,divine; monotheism,bůh; bůh,"Kterážto slova když jsem uslyšel, sedna plakal jsem a kvílil za několik dní, a postil jsem se, i modlil před Bohem nebeským."
1902,bible_BKR_Neh.txt,christian_elements; divine; monotheism; yhwh_elements,bůh; bůh; hospodin; hospodin; hospodin; hospodin,"A řekl jsem: Prosím, Hospodine Bože nebeský, silný, veliký a hrozný, ostříhající smlouvy a milosrdenství těm, jenž tě milují, a ostříhají přikázaní tvých,"
1903,bible_BKR_Neh.txt,kinship; moral,hřích; otec,"Budiž, prosím, ucho tvé nakloněné, a oči tvé otevřené, abys slyšel modlitbu služebníka svého, kterouž já se modlím před tebou nyní dnem i nocí za syny Izraelské, služebníky tvé, a vyznávám hříchy synů Izraelských, jimiž jsme hřešili proti tobě. Já také i dům otce mého hřešili jsme."
1904,bible_BKR_Neh.txt,covenant_law; legal,ustanovení; ustanovení,"Zpronevěřili jsme se tobě, a neostříhali jsme přikázaní a ustanovení a soudů, kteréž jsi vydal skrze Mojžíše služebníka svého."
1908,bible_BKR_Neh.txt,christian_elements; divine; monotheism; yhwh_elements,hospodin; hospodin; hospodin; hospodin,"Prosím, ó Hospodine, nechť jest nakloněné ucho tvé k modlitbě služebníka tvého, a k modlitbě služebníků tvých, kteříž žádají báti se jména tvého, a dej šťastný prospěch, prosím, služebníku svému dnes, nakloně k němu lítostí člověka toho. Já pak byl jsem šeňkéřem královským."
1909,bible_BKR_Neh.txt,royal_power,král,"Tedy stalo se měsíce Nísan léta dvadcátého Artaxerxa krále, když víno stálo před ním, že vzav víno, podal jsem ho králi. Nebýval jsem pak smuten před ním."
1910,bible_BKR_Neh.txt,royal_power,král,"Pročež mi řekl král: Proč oblíčej tvůj smutný jest, poněvadž nestůněš? Jiného není, než sevření srdce. Pročež ulekl jsem se velmi velice."
1911,bible_BKR_Neh.txt,royal_power,král,"A řekl jsem králi: Král na věky buď živ. Kterak nemá býti smutný oblíčej můj, když město to, kdež jsou hrobové otců mých, zpuštěno jest, a brány jeho ohněm zkaženy?"
1912,bible_BKR_Neh.txt,divine; monotheism; royal_power,bůh; bůh; král,Opět mi řekl král: Čeho žádáš? Mezi tím modlil jsem se Bohu nebeskému.
1913,bible_BKR_Neh.txt,moral; royal_power,dobrý; král,"Potom řekl jsem králi: Zdá-liť se za dobré králi, a jestliže má lásku služebník tvůj u tebe, žádám, abys mne poslal do Judstva, do města, kdež jsou hrobové otců mých, abych je zase vystavěl."
1914,bible_BKR_Neh.txt,royal_power,král,"Ještě mi řekl král (královna pak seděla podlé něho): Dlouho-li budeš na té cestě, a kdy se zas navrátíš? I líbilo se to králi, a propustil mne, hned jakž jsem mu oznámil jistý čas."
1915,bible_BKR_Neh.txt,moral; royal_power,dobrý; král,"Zatím řekl jsem králi: Vidí-li se za dobré králi, nechť mi dadí listy k vývodám za řekou, aby mne provedli, až bych přišel do Judstva,"
1916,bible_BKR_Neh.txt,divine; monotheism; royal_power,bůh; bůh; král,"Tolikéž psání k Azafovi, vládaři lesu královského, aby mi dal dříví na trámy, k branám paláce, při domě Božím, a ke zdem městským, a k domu, do něhož bych vjíti mohl. I dal mi král vedlé štědré ruky Boha mého ke mně."
1917,bible_BKR_Neh.txt,royal_power,král,"Tedy přišed k vývodám za řekou, dal jsem jim psání královské. Poslal pak byl se mnou král hejtmany vojska a jezdce."
1918,bible_BKR_Neh.txt,moral,dobrý,"To když uslyšel Sanballat Choronský, a Tobiáš služebník Ammonitský, velmi je to mrzelo, že přišel člověk, kterýž by obmýšlel dobré synů Izraelských."
1920,bible_BKR_Neh.txt,divine; monotheism,bůh; bůh,"V noci pak vstal jsem, a kolikosi mužů se mnou, a neoznámil jsem žádnému, co mi dal Bůh můj v srdce, abych činil v Jeruzalémě, aniž jsem měl hovada jakého s sebou, kromě hovádka, na němž jsem jel."
1926,bible_BKR_Neh.txt,divine; monotheism,bůh; bůh,"A když jsem jim oznámil, že pomoc Boha mého jest se mnou, ano i slova králova, kteráž ke mně mluvil, teprv řekli: Přičiňmež se a stavějme. I posilnili rukou svých k dobrému."
1927,bible_BKR_Neh.txt,royal_power,král,"Což když uslyšel Sanballat Choronský, a Tobiáš služebník Ammonitský, a Gesem Arabský, posmívali se, a utrhali nám, pravíce: Což to děláte? Co se králi protivíte?"
1928,bible_BKR_Neh.txt,divine; monotheism,bůh; bůh,"Jimž odpovídaje, řekl jsem: Bůh nebeský, tenť nám dá prospěch, a my služebníci jeho přičiníce se, stavěti budeme, vy pak nemáte žádného dílu, ani práva, ani památky v Jeruzalémě."
1929,bible_BKR_Neh.txt,ritual_sacrifice,kněz,"Tedy povstal Eliasib, kněz nejvyšší, a příbuzní jeho kněží, a stavěli bránu bravnou, (tiť jsou ji vystavěli, a zavěsili vrata její, až k věži Mea vystavěli ji), až k věži Chananeel."
1930,bible_BKR_Neh.txt,kinship,syn,"A podlé něho stavěli muži Jerecha, též podlé něho stavěl Zakur syn Imrův."
1931,bible_BKR_Neh.txt,kinship,syn,"Bránu pak rybnou stavěli synové Senaa. Ti položili trámy její, a vstavili vrata její s zámky i závorami jejími."
1932,bible_BKR_Neh.txt,kinship,syn,"Podlé těch také opravoval Meremot syn Uriáše, syna Kózova, a podlé nich opravoval Mesullam syn Berechiáše, syna Mesezabelova, a podlé těch opravoval Sádoch syn Baanův."
1934,bible_BKR_Neh.txt,kinship,syn,"Bránu pak starou opravovali Joiada syn Paseachův, a Mesullam syn Besodiášův. Ti položili trámy její a vstavili vrata její s zámky a závorami jejími."
1936,bible_BKR_Neh.txt,kinship,syn,"Podlé nich pak opravoval Uziel syn Charhaiášův s zlatníky, a podlé něho opravoval Chananiáš, syn apatekářův. A nechali Jeruzaléma až do zdi široké."
1937,bible_BKR_Neh.txt,kinship,syn,"Dále podlé nich opravoval Refaiáš syn Churův, hejtman nad polovicí kraje Jeruzalémského."
1938,bible_BKR_Nu.txt,christian_elements; divine; monotheism; yhwh_elements,hospodin; hospodin; hospodin; hospodin,"Mluvil pak Hospodin k Mojžíšovi na poušti Sinai, v stánku úmluvy, prvního dne měsíce druhého, léta druhého po vyjití jejich z země Egyptské, řka:"
1941,bible_BKR_Nu.txt,genealogy_lineage,pokolení,"A bude s vámi z každého pokolení jeden muž, kterýž by přední byl v domě otců svých."
1942,bible_BKR_Nu.txt,genealogy_lineage; kinship,pokolení; syn,"Tato pak jsou jména mužů, kteříž stanou s vámi: Z pokolení Rubenova Elisur, syn Sedeurův;"
1943,bible_BKR_Nu.txt,kinship,syn,"Z Simeonova Salamiel, syn Surisaddai;"
1944,bible_BKR_Nu.txt,kinship,syn,"Z Judova Názon, syn Aminadabův;"
1945,bible_BKR_Nu.txt,kinship,syn,"Z Izacharova Natanael, syn Suar;"
1946,bible_BKR_Nu.txt,kinship,syn,"Z Zabulonova Eliab, syn Helonův;"
1947,bible_BKR_Nu.txt,genealogy_lineage; kinship,pokolení; syn,"Z synů Jozefových, z pokolení Efraimova Elisama, syn Amiudův; z Manassesova Gamaliel, syn Fadasurův;"
1948,bible_BKR_Nu.txt,kinship,syn,"Z Beniaminova Abidan, syn Gedeonův;"
1949,bible_BKR_Nu.txt,genealogy_lineage; kinship,pokolení; syn,"Z pokolení Dan Ahiezer, syn Amisaddai;"
1950,bible_BKR_Nu.txt,kinship,syn,"Z Asser Fegiel, syn Ochranův;"
1951,bible_BKR_Nu.txt,genealogy_lineage; kinship,pokolení; syn,"Z pokolení Gád Eliazaf, syn Duelův;"
1952,bible_BKR_Nu.txt,kinship,syn,"Z Neftalímova Ahira, syn Enanův."
1953,bible_BKR_Nu.txt,genealogy_lineage,pokolení,"Ti jsou slovoutní z lidu, knížata pokolení otců svých, ti jako hlavy tisíců Izraelských budou."
1956,bible_BKR_Nu.txt,christian_elements; divine; monotheism; yhwh_elements,hospodin; hospodin; hospodin; hospodin,"Jakož byl přikázal Hospodin Mojžíšovi, tak sčetl je na poušti Sinai."
1958,bible_BKR_Nu.txt,genealogy_lineage,pokolení,A načteno jich z pokolení Rubenova čtyřidceti šest tisíců a pět set.
1960,bible_BKR_Nu.txt,genealogy_lineage,pokolení,Načteno jich z pokolení Simeonova padesáte devět tisíců a tři sta.
1962,bible_BKR_Nu.txt,genealogy_lineage,pokolení,"Načteno jich z pokolení Gádova čtyřidceti pět tisíců, šest set a padesát."
1964,bible_BKR_Nu.txt,genealogy_lineage,pokolení,Načteno jich z pokolení Judova sedmdesáte čtyři tisíce a šest set.
1966,bible_BKR_Nu.txt,genealogy_lineage,pokolení,Načteno jich z pokolení Izacharova padesáte čtyři tisíce a čtyři sta.
1968,bible_BKR_Nu.txt,genealogy_lineage,pokolení,Načteno jich z pokolení Zabulonova padesáte sedm tisíců a čtyři sta.
1970,bible_BKR_Nu.txt,genealogy_lineage,pokolení,Načteno jich z pokolení Efraimova čtyřidceti tisíc a pět set.
1972,bible_BKR_Nu.txt,genealogy_lineage,pokolení,Načteno jich z pokolení Manassesova třidceti dva tisíce a dvě stě.
1974,bible_BKR_Nu.txt,genealogy_lineage,pokolení,Načteno jich z pokolení Beniaminova třidceti pět tisíců a čtyři sta.
1976,bible_BKR_Nu.txt,genealogy_lineage,pokolení,Načteno jich z pokolení Dan šedesáte dva tisíce a sedm set.
1978,bible_BKR_Oz.txt,christian_elements; divine; monotheism; royal_power; yhwh_elements,hospodin; hospodin; hospodin; hospodin; král,"Slovo Hospodinovo, kteréž se stalo k Ozeášovi synu Bérovu za dnů Uziáše, Jotama, Achasa, Ezechiáše, králů Judských, a za dnů Jeroboáma syna Joasova, krále Izraelského."
1979,bible_BKR_Oz.txt,christian_elements; divine; monotheism; yhwh_elements,hospodin; hospodin; hospodin; hospodin,"Když Hospodin začal mluviti k Ozeášovi, řekl Hospodin Ozeášovi: Jdi, pojmi sobě ženu smilnou, a děti z smilstva; nebo nestydatě smilněci tato země, odvrátila se od Hospodina."
1980,bible_BKR_Oz.txt,kinship,syn,"A tak šel a pojal Gomeru, dceru Diblaimskou, kterážto počala a porodila jemu syna."
1981,bible_BKR_Oz.txt,christian_elements; divine; monotheism; royal_power; yhwh_elements,hospodin; hospodin; hospodin; hospodin; království,"Tedy řekl jemu Hospodin: Nazoviž jméno jeho Jezreel; nebo po malém času já vyhledávati budu krve Jezreel na domu Jéhu, a přestati káži království domu toho."
1984,bible_BKR_Oz.txt,christian_elements; divine; monotheism; war_conflict; yhwh_elements,bůh; bůh; hospodin; hospodin; hospodin; hospodin; meč,"Ale nad domem Judským se slituji, a vysvobodím je skrze Hospodina Boha jejich; nebo nevysvobodím jich lučištěm a mečem, ani bojem, koňmi neb jezdci."
1985,bible_BKR_Oz.txt,kinship,syn,"Potom ostavivši Loruchámu, opět počala a porodila syna."
1987,bible_BKR_Oz.txt,divine; monotheism,bůh; bůh,"A však bude počet synů Izraelských jako písku mořského, kterýž ani změřen, ani sečten býti nemůže. A stane se, že místo toho, kdež řečeno jim bylo: Nejste vy lid můj, řečeno jim bude: Synové Boha silného a živého jste."
1988,bible_BKR_Oz.txt,kinship,syn,"I budou shromážděni synové Judští a synové Izraelští spolu, a ustanovíce nad sebou hlavu jednu, vyjdou z této země, ačkoli veliký bude den Jezreel."
1990,bible_BKR_Oz.txt,kinship,muž,"Odpor veďte proti matce vaší, dokažte, že ona není manželka má, a že já nejsem muž její, leč odvaruje smilství svých od tváři své, a cizoložství svých z prostřed prsí svých,"
1992,bible_BKR_Oz.txt,kinship,syn,"Neslitoval bych se ani nad syny jejími, proto že jsou synové z smilstva."
1993,bible_BKR_Oz.txt,kinship,matka,"Nebo smilní matka jejich, hanebnost páše rodička jejich; říká zajisté: Půjdu za frejíři svými, kteříž mi dodávají chleba mého, vody mé, vlny mé, lnu mého, oleje mého i nápojů mých."
2001,bible_BKR_Oz.txt,christian_elements; divine; monotheism; yhwh_elements,hospodin; hospodin; hospodin; hospodin,"A budu na ní vyhledávati dnů Bálů, v nichž jim kadí, a ozdoběci se náušnicemi svými a záponami svými, chodí za frejíři svými, na mne se pak zapomíná, praví Hospodin."
2004,bible_BKR_Oz.txt,christian_elements; divine; monotheism; yhwh_elements,hospodin; hospodin; hospodin; hospodin,"I stane se v ten den, dí Hospodin, že volati budeš: Muži můj, a nebudeš mne volati více: Báli můj."
2006,bible_BKR_Oz.txt,war_conflict,meč,"A učiním pro tebe smlouvu v ten den s živočichy polními, a s ptactvem nebeským i s zeměplazy, lučiště pak a meč polámi, i válku odejmu z země, a způsobím to, aby bydleli bezpečně."
2007,bible_BKR_Oz.txt,eschatology; legal,spravedlnost; věčnost,"I zasnoubím tě sobě na věčnost, zasnoubím tě sobě, pravím, v spravedlnosti a v soudu a v dobrotivosti a v hojném milosrdenství."
2008,bible_BKR_Oz.txt,christian_elements; divine; monotheism; yhwh_elements,hospodin; hospodin; hospodin; hospodin; víra,"Zasnoubím tě sobě také u víře, abys poznala Hospodina."
2009,bible_BKR_Oz.txt,christian_elements; divine; monotheism; yhwh_elements,hospodin; hospodin; hospodin; hospodin,"I stane se v ten den, že vyslýchati budu, dí Hospodin, vyslýchati budu nebesa, a ona vyslyší zemi."
2011,bible_BKR_Oz.txt,divine; monotheism,bůh; bůh,"Nebo ji rozseji sobě na zemi, a smiluji se nad Loruchámou, Loammi pak řeknu: Lid můj jsi ty, a on dí: Bože můj."
2012,bible_BKR_Oz.txt,christian_elements; divine; monotheism; yhwh_elements,hospodin; hospodin; hospodin; hospodin,"Opět řekl mi Hospodin: Ještě jdi, a zamiluj ženu, milou frejíři a cizoložnou, tak jako miluje Hospodin syny Izraelské, ačkoli oni hledí k bohům cizím, a milují kádě vína."
2015,bible_BKR_Oz.txt,kinship; ritual_sacrifice; royal_power,král; oběť; syn,"Nebo za mnohé dny budou synové Izraelští bez krále, bez knížete, bez oběti, bez modly, bez efodu a terafim."
2016,bible_BKR_Oz.txt,christian_elements; divine; monotheism; royal_power; yhwh_elements,bůh; bůh; hospodin; hospodin; hospodin; hospodin; král,"Potom pak obrátí se synové Izraelští, a hledati budou Hospodina Boha svého i Davida krále svého; a předěšeni jsouce, poběhnou k Hospodinu a k dobrotě jeho v posledních časích."
2017,bible_BKR_Oz.txt,christian_elements; divine; monotheism; yhwh_elements,hospodin; hospodin; hospodin; hospodin,"Slyšte slovo Hospodinovo, ó synové Izraelští, neboť má rozepři Hospodin s obyvateli země této, proto že není žádné věrnosti, ani žádného milosrdenství, ani žádné známosti Boží v této zemi."
2019,bible_BKR_Pis.txt,divine,milost,Ó by mne políbil políbením úst svých; nebo lepší jsou milosti tvé nežli víno.
2021,bible_BKR_Pis.txt,divine; royal_power,král; milost,"Táhniž mne, a poběhnem za tebou. Uvedltě mne král do pokojů svých, plésati a veseliti se v tobě budeme, a vychvalovati milosti tvé více než víno; upřímí milují tě."
2023,bible_BKR_Pis.txt,kinship,syn,"Nehleďte na mne, žeť jsem snědá, nebo jsem obhořela od slunce. Synové matky mé rozpálivše se proti mně, postavili mne, abych ostříhala vinic, a vinice své nehlídala jsem."
2029,bible_BKR_Pis.txt,royal_power,král,"Dotud, dokudž král stolí, nardus můj vydává vůni svou."
2039,bible_BKR_Pis.txt,divine,milost,"Očerstvětež mne těmi flašemi, posilňte mne těmi jablky, nebo umdlévám milostí,"
2061,bible_BKR_Pl.txt,ritual_sacrifice,kněz,"Cesty Siona kvílí, že žádný nepřichází k slavnosti. Všecky brány jeho zpustly, kněží jeho vzdychají, panny jeho smutné jsou, on pak sám pln jest hořkosti."
2062,bible_BKR_Pl.txt,christian_elements; divine; monotheism; yhwh_elements,hospodin; hospodin; hospodin; hospodin,"Nepřátelé jeho jsou hlavou, odpůrcům jeho šťastně se vede; nebo jej Hospodin zarmoutil pro množství přestoupení jeho. Maličcí jeho odešli do zajetí před oblíčejem nepřítele."
2064,bible_BKR_Pl.txt,kinship,dcera,"Rozpomínáť se dcera Jeruzalémská ve dnech trápení svého a kvílení svého na všecka svá utěšení, kteráž mívala ode dnů starodávních, když padá lid její od ruky nepřítele, nemajíc žádného, kdo by ji retoval. Protivníciť se jí dívajíce, posmívají se klesnutí jejímu."
2065,bible_BKR_Pl.txt,kinship,dcera,"Těžce hřešila dcera Jeruzalémská, protož jako nečistá odloučena jest. Všickni, kteříž ji v poctivosti mívali, neváží jí sobě, proto že vidí nahotu její; ona pak vzdychá, obrácena jsuci zpět."
2066,bible_BKR_Pl.txt,christian_elements; divine; monotheism; war_conflict; yhwh_elements,hospodin; hospodin; hospodin; hospodin; nepřítel,"Nečistota její na podolcích jejích; nepamatovala na skončení své, protož patrně klesá, nemajíc žádného, kdo by ji potěšil. Popatřiž, Hospodine, na trápení mé, neboť se vyvýšil nepřítel."
2067,bible_BKR_Pl.txt,sacred_space; war_conflict,nepřítel; svatyně,"Sáhl rukou svou nepřítel na všecky drahé věci její; nebo musí se dívati pohanům, an chodí do svatyně její, o čemž jsi byl přikázal, aby tobě nevcházeli do shromáždění."
2068,bible_BKR_Pl.txt,christian_elements; divine; monotheism; yhwh_elements,hospodin; hospodin; hospodin; hospodin,"Všecken lid její vzdychajíce, hledají chleba, vynakládají nejdražší věci své za pokrm k očerstvení života. Vzezřiž, Hospodine, a popatřiž, neboť jsem v nevážnosti."
2069,bible_BKR_Pl.txt,christian_elements; divine; monotheism; yhwh_elements,hospodin; hospodin; hospodin; hospodin,"Nic-liž vám do toho, ó všickni, kteříž tudyto jdete? Pohleďte a vizte, jest-li bolest podobná bolesti mé, kteráž jest mi učiněna, jak mne zámutkem naplnil Hospodin v den prchlivosti hněvu svého."
2073,bible_BKR_Pl.txt,kinship; war_conflict,nepřítel; syn,"Pro tyť věci já pláči, z očí mých, z očí mých tekou vody, a že jest vzdálen ode mne potěšitel, kterýž by očerstvil duši mou; synové moji jsou pohubeni, nebo ssilil se nepřítel."
2074,bible_BKR_Pl.txt,christian_elements; divine; kinship; monotheism; yhwh_elements,dcera; hospodin; hospodin; hospodin; hospodin,"Rozprostírá dcera Sionská ruce své, nemá žádného, kdo by ji potěšil; vzbudil tě Hospodin proti Jákobovi všudy vůkol něho nepřátely jeho, mezi nimiž jest dcera Jeruzalémská jako pro nečistotu oddělená."
2075,bible_BKR_Pl.txt,christian_elements; divine; monotheism; moral; yhwh_elements,hospodin; hospodin; hospodin; hospodin; spravedlivý,"Spravedlivý jest Hospodin, neboť jsem na odpor činila ústům jeho. Slyšte medle všickni lidé, a vizte bolest mou; panny mé i mládenci moji odebrali se do zajetí."
2076,bible_BKR_Pl.txt,ritual_sacrifice,kněz,"Volala jsem na milovníky své, oni oklamali mne; kněží moji a starci moji v městě pomřeli, hledajíce pokrmu, aby posilnili života svého."
2077,bible_BKR_Pl.txt,christian_elements; divine; life_death; monotheism; war_conflict; yhwh_elements,hospodin; hospodin; hospodin; hospodin; meč; smrt,"Popatřiž, ó Hospodine, neboť mi úzko; vnitřnosti mé zkormouceny jsou, srdce mé svadne ve mně, proto že jsem na odpor velice činila. Vně meč na sirobu přivodí, v domě pouhá smrt."
2081,bible_BKR_Pl.txt,royal_power,království,"Sehltil Pán beze vší lítosti všecky příbytky Jákobovy, zbořil v prchlivosti své ohrady dcery Judské, udeřil jimi o zem, v potupu uvedl království i knížata její."
2083,bible_BKR_Pl.txt,war_conflict,nepřítel,"Natáhl lučiště své jako nepřítel, postavil pravici svou jako protivník, i zbil všecky nejzdařilejší z lidu, a vylil do stánku dcery Sionské jako oheň prchlivost svou."
2085,bible_BKR_Pl.txt,christian_elements; divine; monotheism; ritual_sacrifice; royal_power; yhwh_elements,hospodin; hospodin; hospodin; hospodin; kněz; král,"Mocí zajisté odtrhl jako od zahrady plot svůj, zkazil stánek svůj, v zapomenutí uvedl Hospodin na Sionu slavnost a sobotu, a v prchlivosti hněvu svého zavrhl krále i kněze."
2086,bible_BKR_Pl.txt,ritual_sacrifice; sacred_space,oltář; oltář,"Zavrhl Pán oltář svůj, v ošklivost vzal svatyni svou, vydal v ruku nepřítele zdi a paláce Sionské; křičeli v domě Hospodinově jako v den slavnosti."
2087,bible_BKR_Pl.txt,christian_elements; divine; monotheism; yhwh_elements,hospodin; hospodin; hospodin; hospodin,"Uložiltě Hospodin zkaziti zed dcery Sionské, roztáhl šňůru, a neodvrátil ruky své od zhouby; pročež val i zed kvílí, a spolu mdlejí."
2088,bible_BKR_Pl.txt,christian_elements; covenant_law; divine; legal; monotheism; prophetic_speech; royal_power; yhwh_elements,hospodin; hospodin; hospodin; hospodin; král; vidění; zákon; zákon,"Poraženy jsou na zem brány její, zkazil a polámal závory její; král její i knížata její mezi pohany. Není ani zákona, proroci také její nemívají vidění od Hospodina."
2093,bible_BKR_Pl.txt,moral,nepravost,"Proroci tvoji předpovídali tobě lživé a ničemné věci, a neodkrývali nepravosti tvé, aby odvrátili zajetí tvé, ale předpovídali tobě těžkosti, oklamání a vyhnání."
2096,bible_BKR_Pl.txt,christian_elements; divine; monotheism; yhwh_elements,hospodin; hospodin; hospodin; hospodin,"Učinil Hospodin to, což byl uložil, splnil řeč svou, kterouž přikazoval ode dnů starodávních, bořil bez lítosti, a obveselil nad tebou nepřítele, povýšil rohu protivníků tvých."
2098,bible_BKR_Pr.txt,kinship; royal_power; wisdom,král; přísloví; syn,"Přísloví Šalomouna syna Davidova, krále Izraelského,"
2099,bible_BKR_Pr.txt,wisdom,moudrost; poznání,"Ku poznání moudrosti a cvičení, k vyrozumívání řečem rozumnosti,"
2100,bible_BKR_Pr.txt,legal,spravedlnost,"K dosažení vycvičení v opatrnosti, spravedlnosti, soudu a toho, což pravého jest,"
2104,bible_BKR_Pr.txt,christian_elements; divine; monotheism; wisdom; yhwh_elements,hospodin; hospodin; hospodin; hospodin; moudrost,"Bázeň Hospodinova jest počátek umění, moudrostí a cvičením pohrdají blázni."
2105,bible_BKR_Pr.txt,kinship; wisdom,naučení; otec; syn,"Poslouchej, synu můj, cvičení otce svého, a neopouštěj naučení matky své."
2107,bible_BKR_Pr.txt,kinship,syn,"Synu můj, jestliže by tě namlouvali hříšníci, nepřivoluj."
2112,bible_BKR_Pr.txt,kinship,syn,"Synu můj, nevycházej na cestu s nimi, zdrž nohu svou od stezky jejich;"
2117,bible_BKR_Pr.txt,wisdom,moudrost,"Moudrost vně volá, na ulicech vydává hlas svůj."
2120,bible_BKR_Pr.txt,divine,duch,"Obraťtež se k domlouvání mému. Hle, vynáším vám ducha svého, a v známost vám uvodím slova svá."
2131,bible_BKR_Pr.txt,kinship,syn,"Synu můj, přijmeš-li slova má, a přikázaní má schováš-li u sebe;"
2132,bible_BKR_Pr.txt,wisdom,moudrost,"Nastavíš-li moudrosti ucha svého, a nakloníš-li srdce svého k opatrnosti;"
2133,bible_BKR_Pr.txt,wisdom,rozumnost,"Ovšem, jestliže na rozumnost zavoláš, a na opatrnost zvoláš-li;"
2136,bible_BKR_Pr.txt,christian_elements; divine; monotheism; wisdom; yhwh_elements,hospodin; hospodin; hospodin; hospodin; moudrost,"Nebo Hospodin dává moudrost, z úst jeho umění a opatrnost."
2138,bible_BKR_R.txt,christian_elements,apoštol; evangelium,"Pavel, služebník Jezukristův, povolaný apoštol, oddělený k kázaní evangelium Božího,"
2140,bible_BKR_R.txt,kinship,syn,"O Synu svém zplozeném z semene Davidova s strany těla,"
2141,bible_BKR_R.txt,christian_elements; divine,duch; ježíš; ježíš; kristus; kristus,"Kterýž prokázán jest býti Synem Božím mocně, podlé Ducha posvěcení, skrze z mrtvých vstání, totiž o Ježíši Kristu, Pánu našem,"
2142,bible_BKR_R.txt,divine,milost; víra,"Skrze něhož jsme přijali milost a apoštolství ku poslušenství víry mezi všemi národy pro jméno jeho,"
2143,bible_BKR_R.txt,christian_elements; divine,ježíš; ježíš; kristus; kristus,"Z nichž i vy jste povolaní Ježíše Krista,"
2144,bible_BKR_R.txt,christian_elements; divine; monotheism,bůh; bůh; ježíš; ježíš; kristus; kristus; milost,"Všechněm, kteříž jste v Římě, milým Božím, povolaným svatým: Milost vám a pokoj od Boha Otce našeho a Pána Ježíše Krista."
2145,bible_BKR_R.txt,christian_elements; divine; monotheism,bůh; bůh; ježíš; ježíš; kristus; kristus; víra,"Nejprvé pak díky činím Bohu svému skrze Ježíše Krista ze všech vás, že víra vaše rozhlašuje se po všem světě."
2146,bible_BKR_R.txt,christian_elements; divine; legal; monotheism,bůh; bůh; duch; evangelium; svědek,"Svědek mi jest zajisté Bůh, kterémuž sloužím duchem svým v evangelium Syna jeho, žeť bez přestání zmínku o vás činím,"
2148,bible_BKR_R.txt,divine,milost,"Neboť velice žádám viděti vás, abych vám udělil částku nějakou milosti duchovní ku potvrzení vašemu,"
2152,bible_BKR_R.txt,christian_elements,evangelium,"A tak, pokudž na mně jest, hotov jsem i vám, kteříž v Římě jste, zvěstovati evangelium."
2153,bible_BKR_R.txt,christian_elements; divine,evangelium; kristus; kristus,"Neboť se nestydím za evangelium Kristovo; moc zajisté Boží jest k spasení každému věřícímu, Židu předně, potom i Řeku."
2154,bible_BKR_R.txt,divine; legal; moral,spravedlivý; spravedlnost; víra,"Nebo spravedlnost Boží zjevuje se skrze ně z víry u víru, jakož psáno jest: Spravedlivý pak z víry živ bude."
2155,bible_BKR_R.txt,moral,nepravost,"Zjevuje se zajisté hněv Boží s nebe proti každé bezbožnosti a nepravosti lidí, pravdu Boží v nepravosti zadržujících."
2156,bible_BKR_R.txt,divine; monotheism,bůh; bůh,"Nebo což poznáno býti může o Bohu, známé jest jim, Bůh zajisté zjevil jim."
2158,bible_BKR_R.txt,divine; monotheism,bůh; bůh,"Proto že poznavše Boha, nectili jako Boha, ani jemu děkovali, ale marní učiněni jsou v myšleních svých, a zatmíno jest nemoudré srdce jejich."
2160,bible_BKR_R.txt,divine; monotheism,bůh; bůh,"Nebo směnili slávu neporušitelného Boha v podobenství obrazu porušitelného člověka, i ptactva, i hovad čtvernohých, i zeměplazů."
2161,bible_BKR_R.txt,divine; monotheism,bůh; bůh,"Protož i Bůh vydal je v žádosti srdce jejich k nečistotě, aby zprznili těla svá vespolek."
2162,bible_BKR_R.txt,moral,lež,"Jako ty, kteříž směnili pravdu Boží za lež, a ctili i sloužili stvoření raději nežli stvořiteli, kterýž jest požehnaný na věky. Amen."
2163,bible_BKR_R.txt,divine; monotheism,bůh; bůh,"Protož je vydal Bůh v žádosti ohavné. Nebo i ženy jejich změnily přirozené sebe užívání v to, kteréž jest proti přirození."
2165,bible_BKR_R.txt,divine; monotheism,bůh; bůh,"A jakož sobě nevážili známosti Boha, tak i Bůh vydal je v převrácený smysl, aby činili to, což nesluší,"
2167,bible_BKR_R.txt,divine; monotheism,bůh; bůh,"Utrhači, pomluvači, Boha nenávidící, hánliví, pyšní, chlubní, nalezači zlých věcí, rodičů neposlušní,"
2169,bible_BKR_R.txt,life_death,smrt,"Kteříž vědouce o tom právu Božím, (že ti, kteříž takové věci činí, hodni jsou smrti), netoliko ty věci činí, ale i činícím nakládají."
2171,bible_BKR_R.txt,legal; moral,pravda; soud,"Vímeť zajisté, že soud Boží jest podlé pravdy proti těm, kteříž takové věci činí."
2174,bible_BKR_R.txt,moral; prophetic_speech,spravedlivý; zjevení,Ale podlé tvrdosti své a srdce nekajícího shromažďuješ sám sobě hněv ke dni hněvu a zjevení spravedlivého soudu Božího.
2177,bible_BKR_R.txt,moral,nepravost; pravda,"Těm pak, kteříž jsou svárliví, a pravdě nepovolují, ale povolují nepravosti, prchlivostí a hněvem,"
2183,bible_BKR_Rt.txt,christian_elements; divine; monotheism; yhwh_elements,hospodin; hospodin; hospodin; hospodin,"Tedy vstavši ona s nevěstami svými, navracela se z krajiny Moábské; nebo slyšela v krajině Moábské, že Hospodin navštívil lid svůj, dav jemu chléb."
2185,bible_BKR_Rt.txt,christian_elements; divine; monotheism; yhwh_elements,hospodin; hospodin; hospodin; hospodin,"Řekla pak Noémi oběma nevěstám svým: Jděte, navraťte se jedna každá do domu matky své. Učiniž Hospodin s vámi milosrdenství, jakož jste i vy činili s mrtvými syny mými i se mnou."
2186,bible_BKR_Rt.txt,christian_elements; divine; monotheism; yhwh_elements,hospodin; hospodin; hospodin; hospodin,"Dejž vám Hospodin, abyste nalezly odpočinutí, jedna každá v domě muže svého. I políbila jich, ony pak pozdvihše hlasu svého, plakaly."
2190,bible_BKR_Rt.txt,christian_elements; divine; monotheism; yhwh_elements,hospodin; hospodin; hospodin; hospodin,"Zdaž byste na ně čekaly, až by dorostli? Zdaliž tou příčinou meškati se budete, abyste se neměly vdáti? Ne tak, mé dcerky, nebo mé trápení větší jest nežli vaše, proto že ruka Hospodinova jest proti mně."
2193,bible_BKR_Rt.txt,divine; monotheism,bůh; bůh,"Ale Rut řekla: Nenuť mne, abych tě opustiti a od tebe odjíti měla. Nebo kamž se koli obrátíš, půjdu, a kdekoli bydliti budeš, i já bydliti budu; lid tvůj lid můj, a Bůh tvůj Bůh můj."
2194,bible_BKR_Rt.txt,christian_elements; divine; life_death; monotheism; yhwh_elements,hospodin; hospodin; hospodin; hospodin; smrt,"Kdekoli umřeš, umru, a tu pochována budu. Toto mi učiň Hospodin, a toto přidej, že toliko smrt rozdělí mne s tebou."
2197,bible_BKR_Rt.txt,monotheism,všemohoucí,"Jimž ona řekla: Nenazývejte mne Noémi, říkejte mi Mara; nebo hořkostí velikou naplnil mne Všemohoucí."
2198,bible_BKR_Rt.txt,christian_elements; divine; monotheism; yhwh_elements,hospodin; hospodin; hospodin; hospodin; všemohoucí,"Vyšla jsem plná, teď pak prázdnou mne zase Hospodin přivedl. Pročež tedy nazýváte mne Noémi, poněvadž mne Hospodin ssoužil, a Všemohoucí mne znuzil?"
2203,bible_BKR_Rt.txt,christian_elements; divine; monotheism; yhwh_elements,hospodin; hospodin; hospodin; hospodin,"A v tom přišel Bóz z Betléma, a řekl žencům: Hospodin s vámi. Kteříž odpověděli jemu: Požehnejž tobě Hospodin."
2209,bible_BKR_Rt.txt,divine,milost,"Tedy ona padla na tvář svou, a schýlivši se k zemi, řekla jemu: Odkudž mi to, že jsem nalezla milost před tebou, abys se známil ke mně, kteráž jsem cizozemka."
2210,bible_BKR_Rt.txt,kinship; life_death,otec; smrt,"Odpověděl Bóz a řekl: O všemť mi oznámeno jest, co jsi koli činila svegruši své po smrti muže svého, a že opustivši otce svého a matku svou, i zemi, v kteréžs se narodila, šla jsi mezi lid, kteréhožs prvé neznala."
2211,bible_BKR_Rt.txt,christian_elements; divine; monotheism; yhwh_elements,bůh; bůh; hospodin; hospodin; hospodin; hospodin,"Odplatiž tobě Hospodin za skutek tvůj, a budiž mzda tvá dokonalá od Hospodina Boha Izraelského, poněvadž jsi přišla, abys pod křídly jeho doufala."
2212,bible_BKR_Rt.txt,divine,milost,"Kterážto řekla: Nalezla jsem milost před tebou, pane můj, poněvadž jsi mne potěšil, a mluvils k srdci děvky své, ješto nejsem podobná jedné z děvek tvých."
2218,bible_BKR_Sd.txt,christian_elements; divine; life_death; monotheism; yhwh_elements,hospodin; hospodin; hospodin; hospodin; smrt,"Stalo se pak po smrti Jozue, otázali se synové Izraelští Hospodina, řkouce: Kdo z nás potáhne proti Kananejskému napřed, aby bojoval s ním?"
2219,bible_BKR_Sd.txt,christian_elements; divine; monotheism; yhwh_elements,hospodin; hospodin; hospodin; hospodin,"Jimž řekl Hospodin: Juda nechť táhne, aj, dal jsem tu zemi v ruku jeho."
2221,bible_BKR_Sd.txt,christian_elements; divine; monotheism; yhwh_elements,hospodin; hospodin; hospodin; hospodin,"Tedy vytáhl Juda, i dal Hospodin Kananejského a Ferezejského v ruce jejich, a porazili z nich v Bezeku deset tisíc mužů."
2224,bible_BKR_Sd.txt,divine; monotheism,bůh; bůh,"Tedy řekl Adonibezek: Sedmdesáte králů s uťatými palci u rukou i noh svých sbírali drobty pod stolem mým; jakž jsem činil, tak odplatil mi Bůh. I přivedli jej do Jeruzaléma, a tam umřel."
2225,bible_BKR_Sd.txt,kinship; war_conflict,meč; syn,"Nebo byli vybojovali synové Juda Jeruzalém, a vzavše jej, zbili obyvatele jeho ostrostí meče a město vypálili."
2226,bible_BKR_Sd.txt,kinship,syn,"Potom také vytáhli synové Judovi, aby bojovali proti Kananejskému, bydlícímu na horách při straně polední i na rovinách."
2230,bible_BKR_Sd.txt,kinship,syn,"Tedy dobyl ho Otoniel, syn Cenezův, bratra Kálefova mladšího, i dal jemu Axu dceru svou za manželku."
2231,bible_BKR_Sd.txt,kinship,otec,"Stalo se pak, že když přišla k němu, ponukla ho, aby prosil otce jejího za pole; i ssedla s osla. A řekl jí Kálef: Cožť jest?"
2233,bible_BKR_Sd.txt,kinship,syn,"Synové také Cinejského, tchána Mojžíšova, odebrali se z města palmového s syny Juda na poušť Judovu, jenž jest k straně polední městu Arad; a odšedše, bydlili s lidem tím."
2236,bible_BKR_Sd.txt,christian_elements; divine; monotheism; yhwh_elements,hospodin; hospodin; hospodin; hospodin,"Nebo byl Hospodin s Judou, a vyhnal obyvatele hor, ale nevyhnal obyvatelů údolí, proto že vozy železné měli."
2238,bible_BKR_Sd.txt,kinship,syn,"Jebuzejského pak, bydlícího v Jeruzalémě, nevyhnali synové Beniamin; protož bydlil Jebuzejský v Jeruzalémě s syny Beniamin až do tohoto dne."
2239,bible_BKR_Sd.txt,christian_elements; divine; monotheism; yhwh_elements,hospodin; hospodin; hospodin; hospodin,"Vytáhla také i čeled Jozefova do Bethel, a Hospodin byl s nimi."
2241,bible_BKR_Sd.txt,divine,milost,"Uzřevše pak ti špehéři muže vycházejícího z města, řekli jemu: Medle ukaž nám, kudy bychom mohli vjíti do města, a učinímeť milost."
2242,bible_BKR_Sd.txt,war_conflict,meč,"Kterýžto ukázal jim, kudy by mohli vjíti do města; i vyhubili to město mečem, muže pak toho se vší čeledí jeho propustili."
2254,bible_BKR_Sd.txt,christian_elements; divine; divine_hierarchy; monotheism; yhwh_elements,anděl; hospodin; hospodin; hospodin; hospodin,"Vstoupil pak anděl Hospodinův z Galgala do Bochim a řekl: Vyvedl jsem vás z Egypta a uvedl jsem vás do země, kterouž jsem s přísahou zaslíbil otcům vašim, a řekl jsem: Nezruším smlouvy své s vámi na věky."
2257,bible_BKR_Sd.txt,christian_elements; divine; divine_hierarchy; monotheism; yhwh_elements,anděl; hospodin; hospodin; hospodin; hospodin,"I stalo se, když mluvil anděl Hospodinův slova tato všechněm synům Izraelským, že pozdvihl hlasu svého lid a plakal."
2258,bible_BKR_Sf.txt,christian_elements; divine; monotheism; royal_power; yhwh_elements,hospodin; hospodin; hospodin; hospodin; král,"Slovo Hospodinovo, kteréž se stalo k Sofoniášovi synu Chusi, syna Godoliášova, syna Amariášova, syna Ezechiášova, za dnů Joziáše syna Amonova, krále Judského."
2259,bible_BKR_Sf.txt,christian_elements; divine; monotheism; yhwh_elements,hospodin; hospodin; hospodin; hospodin,"Zajisté že sklidím všecko se svrchku té země, praví Hospodin."
2260,bible_BKR_Sf.txt,christian_elements; divine; monotheism; yhwh_elements,hospodin; hospodin; hospodin; hospodin,"Sklidím lidi i hovada, sklidím ptactvo nebeské i ryby mořské, i pohoršení s bezbožnými; vypléním, pravím, lidi se svrchku této země, praví Hospodin."
2261,bible_BKR_Sf.txt,ritual_sacrifice,kněz,"Nebo vztáhna ruku svou na Judu a na všecky obyvatele Jeruzalémské, zahladím z místa tohoto ostatek Bále, i kněží jeho s jich pomocníky,"
2262,bible_BKR_Sf.txt,christian_elements; divine; monotheism; yhwh_elements,hospodin; hospodin; hospodin; hospodin,"I ty, kteříž se klanějí na střechách vojsku nebeskému, i ty, kteříž klanějíce se, přisahají skrze Hospodina, i ty, kteříž přisahají skrze Melecha svého."
2263,bible_BKR_Sf.txt,christian_elements; divine; monotheism; yhwh_elements,hospodin; hospodin; hospodin; hospodin,"I ty, kteříž zpět odcházejí, aby nenásledovali Hospodina, a kteříž nehledají Hospodina, aniž se ho dotazují."
2264,bible_BKR_Sf.txt,christian_elements; divine; monotheism; ritual_sacrifice; yhwh_elements,hospodin; hospodin; hospodin; hospodin; oběť,"Umlkni před oblíčejem Panovníka Hospodina, nebo blízký jest den Hospodinův; přistrojil zajisté Hospodin obět, povolal pozvaných svých."
2265,bible_BKR_Sf.txt,ritual_sacrifice,oběť,"I stane se v den oběti Hospodinovy, že navštívím knížata a syny královy i všecky, kteříž se obláčejí v roucho cizozemců."
2267,bible_BKR_Sf.txt,christian_elements; divine; monotheism; yhwh_elements,hospodin; hospodin; hospodin; hospodin,"I stane se v ten den, praví Hospodin, hlas křiku od brány rybné, a kvílení od druhé strany a třeskot veliký od pahrbků."
2269,bible_BKR_Sf.txt,christian_elements; divine; monotheism; yhwh_elements,hospodin; hospodin; hospodin; hospodin,"I stane se v ten čas, že přehledávati budu Jeruzalém s lucernami, a navštívím muže, kteříž ulnuli v kvasnicích svých, kteříž říkají v srdci svém: Nečiniť dobře Hospodin, aniž zle činí."
2271,bible_BKR_Sf.txt,christian_elements; divine; monotheism; yhwh_elements,hospodin; hospodin; hospodin; hospodin,"Blízký jest den Hospodinův veliký, blízký jest a rychlý velmi zvuk dne Hospodinova, tuť hořce křičeti bude udatný."
2274,bible_BKR_Sf.txt,christian_elements; divine; monotheism; yhwh_elements,hospodin; hospodin; hospodin; hospodin,"V němž úzkostmi sevru lidi, aby chodili jako slepí, nebo proti Hospodinu zhřešili. I vylita bude krev jejich jako prach, a těla jejich jako lejna."
2275,bible_BKR_Sf.txt,christian_elements; divine; monotheism; yhwh_elements,hospodin; hospodin; hospodin; hospodin,"Ani stříbro jejich, ani zlato jejich nebude jich moci vytrhnouti v den rozhněvání Hospodinova; nebo ohněm horlivosti jeho sehlcena bude tato všecka země, proto že konec jistě rychlý učiní všechněm obyvatelům země."
2277,bible_BKR_Sf.txt,christian_elements; divine; monotheism; yhwh_elements,hospodin; hospodin; hospodin; hospodin,"Prvé než uložení přijde, a den jako plevy pomine, prvé než přijde na vás prchlivost hněvu Hospodinova, prvé než přijde na vás den hněvu Hospodinova."
2278,bible_BKR_Sf.txt,christian_elements; divine; legal; monotheism; yhwh_elements,hospodin; hospodin; hospodin; hospodin; soud; spravedlnost,"Hledejte Hospodina všickni tiší země, kteříž soud jeho činíte; hledejte spravedlnosti, hledejte tichosti. Snad se ukryjete v den hněvu Hospodinova."
2280,bible_BKR_Sf.txt,christian_elements; divine; monotheism; yhwh_elements,hospodin; hospodin; hospodin; hospodin,"Běda těm, kteříž bydlí v krajině pomořské, národu Ceretejských. Slovo Hospodinovo proti vám jest, ó země Kananejská Filistinských, že tě tak zahladím, aby nebylo žádného obyvatele."
2282,bible_BKR_Sf.txt,christian_elements; divine; monotheism; yhwh_elements,bůh; bůh; hospodin; hospodin; hospodin; hospodin,"Bude také i ostatku domu Judského krajinou, kdež by pásli. V domích Aškalonu u večer léhati budou, když je navštíví Hospodin Bůh jejich, a přivede zase zajaté jejich."
2284,bible_BKR_Sf.txt,christian_elements; divine; monotheism; yhwh_elements,bůh; bůh; hospodin; hospodin; hospodin; hospodin,"Protož živ jsem já, praví Hospodin zástupů, Bůh Izraelský, že Moáb jako Sodoma bude, a synové Ammonitští jako Gomora, místem kopřiv a domem solným a pustinou až na věky. Ostatkové lidu mého rozchvátají je, a pozůstalí z lidu mého dědičně je obdrží."
2285,bible_BKR_Sf.txt,christian_elements; divine; monotheism; yhwh_elements,hospodin; hospodin; hospodin; hospodin,"To jim pro pýchu jejich, že zhaněli a zpínali se nad lid Hospodina zástupů."
2286,bible_BKR_Sf.txt,christian_elements; divine; monotheism; yhwh_elements,hospodin; hospodin; hospodin; hospodin,"Hrozný jim bude Hospodin; nebo způsobí, aby zhubeněli všickni bohové země. I bude se jemu klaněti každý z místa svého, všickni ostrovové národu."
2287,bible_BKR_Sf.txt,war_conflict,meč,"Také i vy, Mouřenínové, mečem mým zbiti budete."
2292,bible_BKR_Sf.txt,christian_elements; divine; monotheism; yhwh_elements,bůh; bůh; hospodin; hospodin; hospodin; hospodin,"Neposlouchá hlasu, aniž přijímá kázně; v Hospodina nedoufá, k Bohu svému nepřibližuje se."
2294,bible_BKR_Sf.txt,covenant_law; legal; ritual_sacrifice,kněz; zákon; zákon,"Proroci jeho kvapní, muži velmi nešlechetní; kněží jeho poškvrňují věci svaté, natahují zákona."
2295,bible_BKR_Sf.txt,christian_elements; divine; legal; monotheism; moral; yhwh_elements,hospodin; hospodin; hospodin; hospodin; nepravost; soud; spravedlivý,"Hospodin spravedlivý u prostřed něho jest, nelibuje nepravosti, každého dne soud svůj vynáší na světlo bez přestání, a však nešlechetník neumí se styděti."
2298,bible_BKR_Sk.txt,christian_elements; divine,ježíš; ježíš,"První zajisté knihu sepsalť jsem, ó Teofile, o všech věcech, kteréž začal Ježíš i činiti i učiti,"
2299,bible_BKR_Sk.txt,divine,duch,"Až do toho dne, v němž dav přikázaní apoštolům, kteréž byl skrze Ducha svatého vyvolil, vzhůru vzat jest."
2300,bible_BKR_Sk.txt,royal_power,království,"Kterýmž i zjevoval sebe samého živého po svém umučení ve mnohých jistých důvodích, za čtyřidceti dnů ukazuje se jim, a mluvě o království Božím."
2302,bible_BKR_Sk.txt,divine,duch,"Nebo Jan zajisté křtil vodou, ale vy pokřtěni budete Duchem svatým po nemnohých těchto dnech."
2303,bible_BKR_Sk.txt,royal_power,království,"Oni pak sšedše se, otázali se ho, řkouce: Pane, v tomto-li času napravíš království Izraelské?"
2304,bible_BKR_Sk.txt,kinship,otec,"I řekl jim: Neníť vaše věc znáti časy aneb příhodnosti časů, kteréž Otec v moci své položil."
2305,bible_BKR_Sk.txt,divine,duch,"Ale přijmete moc Ducha svatého, přicházejícího na vás, a budete mi svědkové, i v Jeruzalémě, i ve všem Judstvu, i v Samaří, a až do posledních končin země."
2308,bible_BKR_Sk.txt,christian_elements; divine,ježíš; ježíš,"A řekli: Muži Galilejští, co stojíte, hledíce do nebe? Tento Ježíš, kterýž zhůru vzat jest od vás do nebe, takť přijde, jakž jste spatřili způsob jeho jdoucího do nebe."
2313,bible_BKR_Sk.txt,christian_elements; divine,duch; ježíš; ježíš; svatý,"Muži bratří, musilo se naplniti písmo to, kteréž předpověděl Duch svatý skrze ústa Davidova o Jidášovi, kterýž byl vůdce těch, kteříž jímali Ježíše."
2315,bible_BKR_Sk.txt,moral,nepravost,"Ten zajisté obdržel pole ze mzdy nepravosti, a oběsiv se, rozpukl se na dvé, i vykydla se všecka střeva jeho."
2318,bible_BKR_Sk.txt,christian_elements; divine,ježíš; ježíš; pán,"Protož musíť jeden z těch mužů, kteříž s námi bývali po všecken čas, v němž přebýval mezi námi Pán Ježíš,"
2319,bible_BKR_Sk.txt,eschatology; life_death,vzkříšení; vzkříšení,"Počav od křtu Janova až do dne toho, v kterémž zhůru vzat jest od nás, býti svědkem spolu s námi vzkříšení jeho."
2327,bible_BKR_Sk.txt,divine,duch,"I naplněni jsou všickni Duchem svatým, a počali mluviti jinými jazyky, jakž ten Duch dával jim vymlouvati."
2338,bible_BKR_Tit.txt,christian_elements; divine; moral,apoštol; ježíš; ježíš; kristus; kristus; pravda; víra,"Pavel, služebník Boží, apoštol pak Ježíše Krista, podlé víry vyvolených Božích, a známosti pravdy, kteráž jest podlé pobožnosti,"
2339,bible_BKR_Tit.txt,divine; life_death; monotheism,bůh; bůh; život,"K naději života věčného, kterýž zaslíbil před časy věků ten, kterýž nikdy neklamá, Bůh,"
2340,bible_BKR_Tit.txt,divine; monotheism,bůh; bůh,"Zjevil pak časy svými to slovo své, skrze kázaní mně svěřené, podlé zřízení spasitele našeho Boha,"
2341,bible_BKR_Tit.txt,christian_elements; divine; monotheism,bůh; bůh; ježíš; ježíš; milost; víra,"Titovi, vlastnímu synu u víře obecné: Milost, milosrdenství a pokoj od Boha Otce a Pána Jezukrista spasitele našeho."
2345,bible_BKR_Tit.txt,moral,spravedlivý,"Ale přívětivý k hostem, milovník dobrých, opatrný, spravedlivý, svatý, zdrželivý,"
2349,bible_BKR_Tit.txt,prophetic_speech,prorok,"Řekl jeden z nich, vlastní jejich prorok: Kretenští jsou vždycky lháři, zlá hovada, břicha lenivá."
2350,bible_BKR_Tit.txt,divine,víra,"Svědectví to pravé jest. A protož tresciž je přísně, ať jsou zdraví u víře,"
2351,bible_BKR_Tit.txt,moral,pravda,"Nešetříce Židovských básní a přikázaní lidí těch, kteříž se odvracuji od pravdy."
2353,bible_BKR_Tit.txt,divine; monotheism,bůh; bůh,"Vypravují o tom, že Boha znají, ale skutky svými toho zapírají, ohavní jsouce, a nepoddaní, a ke všelikému skutku dobrému nehodní."
2355,bible_BKR_Tit.txt,divine,víra,"Starci, ať jsou střízliví, vážní, opatrní, zdraví u víře, v lásce, v snášelivosti."
2361,bible_BKR_Tit.txt,moral,zlý,"Slovo zdravé, bez úhony, aby ten, kterýž by se protivil, zastyděti se musil, nemaje co zlého mluviti o vás."
2363,bible_BKR_Tit.txt,divine; monotheism,bůh; bůh,"Neokrádajíce, ale ve všem věrnosti pravé dokazujíce, aby učení spasitele našeho Boha ve všem ozdobovali."
2364,bible_BKR_Tit.txt,divine,milost,"Zjevilať se zajisté ta milost Boží spasitelná všechněm lidem,"
2366,bible_BKR_Tit.txt,christian_elements; divine; monotheism,bůh; bůh; ježíš; ježíš,"Očekávajíce té blahoslavené naděje, a příští slávy velikého Boha a spasitele našeho Jezukrista,"
2367,bible_BKR_Tit.txt,moral,nepravost,"Kterýž dal sebe samého za nás, aby nás vykoupil od všeliké nepravosti, a očistil sobě samému lid zvláštní, horlivě následovný dobrých skutků."
2372,bible_BKR_Tit.txt,divine; monotheism,bůh; bůh,"Ale když se zjevila dobrota a láska k lidem spasitele našeho Boha,"
2373,bible_BKR_Tit.txt,divine; legal,duch; spravedlnost,"Ne z skutků spravedlnosti, kteréž bychom my činili, ale podlé milosrdenství svého spasil nás, skrze obmytí druhého narození, a obnovení Ducha svatého;"
2374,bible_BKR_Tit.txt,christian_elements; divine,ježíš; ježíš,"Kteréhož vylil na nás hojně, skrze Jezukrista spasitele našeho,"
2375,bible_BKR_Tit.txt,divine,milost,"Abychom, ospravedlněni jsouce milostí jeho, byli dědicové v naději života věčného."
2376,bible_BKR_Tit.txt,divine; monotheism,bůh; bůh,"Věrnáť jest řeč tato, a chciť, abys těch věcí potvrzoval, ať se snaží v dobrých skutcích předčiti, kteříž uvěřili Bohu. A toť jsou ty věci poctivé, i lidem užitečné."
2381,bible_BKR_Z.txt,moral,bezbožný,"Ne takť budou bezbožní, ale jako plevy, kteréž rozmítá vítr."
2382,bible_BKR_Z.txt,moral,bezbožný,"A protož neostojí bezbožní na soudu, ani hříšníci v shromáždění spravedlivých."
2383,bible_BKR_Z.txt,christian_elements; divine; monotheism; yhwh_elements,hospodin; hospodin; hospodin; hospodin,"Neboť zná Hospodin cestu spravedlivých, ale cesta bezbožných zahyne."
2385,bible_BKR_Z.txt,christian_elements; divine; monotheism; yhwh_elements,hospodin; hospodin; hospodin; hospodin,"Sstupují se králové zemští, a knížata se spolu radí proti Hospodinu, a proti pomazanému jeho,"
2389,bible_BKR_Z.txt,royal_power,král,"Jáť jsem ustanovil krále svého nad Sionem, horou svatou mou."
2390,bible_BKR_Z.txt,christian_elements; divine; monotheism; yhwh_elements,hospodin; hospodin; hospodin; hospodin,"Vypravovati budu úsudek. Hospodin řekl ke mně: Syn můj ty jsi, já dnes zplodil jsem tě."
2394,bible_BKR_Z.txt,christian_elements; divine; monotheism; yhwh_elements,hospodin; hospodin; hospodin; hospodin,"Služte Hospodinu v bázni, a veselte se s třesením."
2395,bible_BKR_Z.txt,kinship,syn,"Líbejte syna, aby se nerozhněval, a zhynuli byste na cestě, jakž by se jen málo zapálil hněv jeho. Blahoslavení jsou všickni, kteříž doufají v něho."
2397,bible_BKR_Z.txt,christian_elements; divine; monotheism; yhwh_elements,hospodin; hospodin; hospodin; hospodin,"Hospodine, jakť jsou mnozí nepřátelé moji! Mnozí povstávají proti mně."
2398,bible_BKR_Z.txt,divine; monotheism,bůh; bůh,Mnozí mluví o duši mé: Nemáť tento žádné pomoci v Bohu.
2399,bible_BKR_Z.txt,christian_elements; divine; monotheism; yhwh_elements,hospodin; hospodin; hospodin; hospodin,"Ale ty, Hospodine, jsi štítem vůkol mne, slávou mou, a kterýž povyšuješ hlavy mé."
2400,bible_BKR_Z.txt,christian_elements; divine; monotheism; yhwh_elements,hospodin; hospodin; hospodin; hospodin,"Hlasem svým volal jsem k Hospodinu, a vyslyšel mne s hory svaté své. Sélah."
2401,bible_BKR_Z.txt,christian_elements; divine; monotheism; yhwh_elements,hospodin; hospodin; hospodin; hospodin,"Já jsem lehl, a spal jsem, i zas procítil; nebo mne zdržoval Hospodin."
2403,bible_BKR_Z.txt,christian_elements; divine; monotheism; yhwh_elements,bůh; bůh; hospodin; hospodin; hospodin; hospodin,"Povstaniž, Hospodine, zachovej mne, Bože můj, kterýž jsi zbil všech nepřátel mých líce, a zuby bezbožníků zvyrážel."
2404,bible_BKR_Z.txt,christian_elements; divine; monotheism; yhwh_elements,hospodin; hospodin; hospodin; hospodin,"Tvéť, ó Hospodine, jest spasení, a nad lidem tvým požehnání tvé. Sélah."
2406,bible_BKR_Z.txt,divine; legal; monotheism,bůh; bůh; spravedlnost,"Když volám, vyslyš mne, Bože spravedlnosti mé. Ty jsi mi v úzkosti prostranství způsoboval, smiluj se nade mnou, a vyslyš modlitbu mou."
2407,bible_BKR_Z.txt,kinship; moral,lež; syn,"Synové lidští, dokudž sláva má v potupě bude? Dlouho-liž marnost milovati a lži hledati budete? Sélah."
2408,bible_BKR_Z.txt,christian_elements; divine; monotheism; yhwh_elements,hospodin; hospodin; hospodin; hospodin,"Vězte, žeť jest oddělil Hospodin sobě milého. Vyslyšíť mne Hospodin, když k němu volati budu."
2410,bible_BKR_Z.txt,christian_elements; divine; legal; monotheism; ritual_sacrifice; yhwh_elements,hospodin; hospodin; hospodin; hospodin; oběť; spravedlnost,"Obětujte oběti spravedlnosti, a doufejte v Hospodina."
2411,bible_BKR_Z.txt,christian_elements; divine; monotheism; moral; yhwh_elements,dobrý; hospodin; hospodin; hospodin; hospodin,"Mnozí říkají: Ó bychom viděti mohli dobré věci. Hospodine, pozdvihni nad námi jasného oblíčeje svého,"
2413,bible_BKR_Z.txt,christian_elements; divine; monotheism; yhwh_elements,hospodin; hospodin; hospodin; hospodin,"Jáť u pokoji i lehnu i spáti budu; nebo ty, Hospodine, sám způsobíš mi bydlení bezpečné."
2415,bible_BKR_Z.txt,christian_elements; divine; monotheism; yhwh_elements,hospodin; hospodin; hospodin; hospodin,"Slova má slyš, Hospodine, porozuměj tužebnému úpění mému."
2416,bible_BKR_Z.txt,divine; monotheism; royal_power,bůh; bůh; král,"Pozoruj hlasu volání mého, králi můj a Bože můj; nebo se tobě modlím."
2417,bible_BKR_Z.txt,christian_elements; divine; monotheism; yhwh_elements,hospodin; hospodin; hospodin; hospodin,"Hospodine, v jitře vyslyšíš hlas můj, v jitře předložím tobě žádost, a šetřiti budu."
2418,bible_BKR_Za.txt,christian_elements; divine; monotheism; yhwh_elements,hospodin; hospodin; hospodin; hospodin,"Měsíce osmého, léta druhého Dariova, stalo se slovo Hospodinovo k Zachariášovi synu Barachiáše, syna Iddova, proroku, řkoucí:"
2419,bible_BKR_Za.txt,christian_elements; divine; monotheism; yhwh_elements,hospodin; hospodin; hospodin; hospodin,Rozhněval se Hospodin na otce vaše velice.
2420,bible_BKR_Za.txt,christian_elements; divine; monotheism; yhwh_elements,hospodin; hospodin; hospodin; hospodin,"Protož rci těmto: Takto praví Hospodin zástupů: Navraťte se ke mně, praví Hospodin zástupů, a navrátím se k vám, praví Hospodin zástupů."
2421,bible_BKR_Za.txt,christian_elements; divine; monotheism; yhwh_elements,hospodin; hospodin; hospodin; hospodin,"Nebuďte jako otcové vaši, na něž volávali proroci onino předešlí, říkajíce: Takto praví Hospodin zástupů: Navraťte se nyní od cest svých zlých, i od skutků vašich zlých, ale neuposlechli, ani pozorovali mne, praví Hospodin."
2423,bible_BKR_Za.txt,christian_elements; divine; monotheism; yhwh_elements,hospodin; hospodin; hospodin; hospodin,"Ale však slova má a soudové moji, kteréž jsem přikázal služebníkům svým prorokům, zdali nepostihli otců vašich? tak že obrátivše se, řekli: Jakž uložil Hospodin zástupů učiniti nám podlé cest našich, a podlé skutků našich, tak učinil nám."
2424,bible_BKR_Za.txt,christian_elements; divine; monotheism; yhwh_elements,hospodin; hospodin; hospodin; hospodin,"Dne čtyřmecítmého, jedenáctého měsíce, kterýž jest měsíc Šebat, léta druhého Dariova, stalo se slovo Hospodinovo k Zachariášovi synu Barachiáše, syna Iddova, proroku, řkoucí:"
2426,bible_BKR_Za.txt,divine_hierarchy,anděl,"I řekl jsem: Kdo jsou tito, Pane můj? Řekl mi anděl ten, kterýž mluvil se mnou: Já ukáži tobě, kdo jsou tito."
2427,bible_BKR_Za.txt,christian_elements; divine; monotheism; yhwh_elements,hospodin; hospodin; hospodin; hospodin,"Tedy odpovídaje muž ten, kterýž stál mezi myrtovím, řekl: Tito jsou, kteréž poslal Hospodin, aby zchodili zemi."
2429,bible_BKR_Za.txt,christian_elements; divine; divine_hierarchy; monotheism; yhwh_elements,anděl; hospodin; hospodin; hospodin; hospodin,"Tedy odpověděl anděl Hospodinův a řekl: Ó Hospodine zástupů, až dokudž ty se nesmiluješ nad Jeruzalémem a nad městy Judskými, na kteréž jsi hněval se již sedmdesáte let?"
2430,bible_BKR_Za.txt,christian_elements; divine; monotheism; yhwh_elements,hospodin; hospodin; hospodin; hospodin,"I odpověděl Hospodin andělu tomu, kterýž mluvil se mnou, slovy dobrými, slovy potěšitelnými."
2431,bible_BKR_Za.txt,christian_elements; divine; divine_hierarchy; monotheism; yhwh_elements,anděl; hospodin; hospodin; hospodin; hospodin,"Tedy řekl mi anděl, kterýž mluvil ke mně: Volej a rci: Takto praví Hospodin zástupů: Horlím pro Jeruzalém a Sion horlením velikým."
2433,bible_BKR_Za.txt,christian_elements; divine; monotheism; yhwh_elements,hospodin; hospodin; hospodin; hospodin,"Protož takto praví Hospodin: Navrátil jsem se k Jeruzalému milosrdenstvím, dům můj staven bude v něm, praví Hospodin zástupů, a pravidlo vztaženo bude na Jeruzalém."
2434,bible_BKR_Za.txt,christian_elements; divine; monotheism; moral; yhwh_elements,dobrý; hospodin; hospodin; hospodin; hospodin,"Ještě volej a rci: Takto praví Hospodin zástupů: Ještěť se rozsadí města má pro hojnost dobrého; neboť utěší ještě Hospodin Sion, a vyvolí ještě Jeruzalém."
2437,bible_BKR_Za.txt,christian_elements; divine; monotheism; yhwh_elements,hospodin; hospodin; hospodin; hospodin,Ukázal mi také Hospodin čtyři kováře.
2441,bible_BKR_Za.txt,divine_hierarchy,anděl,"A aj, když anděl ten, kterýž mluvil se mnou, vycházel, jiný anděl vycházel jemu vstříc."
2443,bible_BKR_Za.txt,christian_elements; divine; monotheism; yhwh_elements,hospodin; hospodin; hospodin; hospodin,"A já budu, praví Hospodin, jeho zdí ohnivou vůkol, a slávou budu u prostřed něho."
2444,bible_BKR_Za.txt,christian_elements; divine; monotheism; yhwh_elements,hospodin; hospodin; hospodin; hospodin,"Nuže, nuže, utectež již z země půlnoční, praví Hospodin, poněvadž se čtyř stran světa volný průchod učinil jsem vám, praví Hospodin."
2446,bible_BKR_Za.txt,christian_elements; divine; monotheism; yhwh_elements,hospodin; hospodin; hospodin; hospodin,"Nebo takto praví Hospodin zástupů: Po slávě poslal mne proti národům těm, kteříž zloupili vás; nebo kdož se dotýká vás, dotýká se zřítelnice oka mého."
2447,bible_BKR_Za.txt,christian_elements; divine; monotheism; yhwh_elements,hospodin; hospodin; hospodin; hospodin,"Nebo aj, já zdvihnu ruku svou proti nim, a budou loupež služebníkům svým, i zvíte, že Hospodin zástupů poslal mne."
2448,bible_BKR_Za.txt,christian_elements; divine; monotheism; yhwh_elements,hospodin; hospodin; hospodin; hospodin,"Prozpěvuj a vesel se, dcero Sionská; nebo aj, já přijdu a budu bydliti u prostřed tebe, praví Hospodin."
2449,bible_BKR_Za.txt,christian_elements; divine; monotheism; yhwh_elements,hospodin; hospodin; hospodin; hospodin,"I připojí se národové mnozí k Hospodinu v ten den, a budou mým lidem, a budu bydliti u prostřed tebe, i zvíš, že Hospodin zástupů poslal mne k tobě."
2450,bible_BKR_Za.txt,christian_elements; divine; monotheism; yhwh_elements,hospodin; hospodin; hospodin; hospodin,"Tehdy dědičně ujme Hospodin Judu, díl svůj, v zemi svaté, a vyvolí zase Jeruzalém."
2452,bible_BKR_Za.txt,ritual_sacrifice,kněz,"Potom mi ukázal Jozue kněze nejvyššího, stojícího před andělem Hospodinovým, a satana stojícího po pravici jeho, aby se mu protivil."
2453,bible_BKR_Za.txt,christian_elements; divine; monotheism; yhwh_elements,hospodin; hospodin; hospodin; hospodin,"Ale Hospodin řekl satanu: Potresciž tě Hospodin, satane, potresciž tě, pravím, Hospodin, kterýž vyvoluje Jeruzalém. Zdaliž tento není jako hlavně vychvácená z ohně?"
2455,bible_BKR_Za.txt,moral,nepravost,"I odpověděl a řekl těm, kteříž stáli před ním, řka: Vezměte roucho to zmazané s něho. A řekl jemu: Pohleď, přenesl jsem s tebe nepravost tvou, a oblékl jsem tě v roucha proměnná."
2456,bible_BKR_Za.txt,christian_elements; divine; divine_hierarchy; monotheism; yhwh_elements,anděl; hospodin; hospodin; hospodin; hospodin,"Opět řekl: Nechť vstaví čepici pěknou na hlavu jeho. I vstavili čepici pěknou na hlavu jeho, a oblékli ho v roucha. Anděl pak Hospodinův tu stál."
2457,bible_BKR_Za.txt,christian_elements; divine; divine_hierarchy; monotheism; yhwh_elements,anděl; hospodin; hospodin; hospodin; hospodin,"A osvědčil anděl Hospodinův Jozue, řka:"
2458,bible_BKR_Zd.txt,divine; monotheism,bůh; bůh,"Častokrát a rozličnými způsoby mluvíval někdy Bůh otcům skrze proroky, v těchto pak posledních dnech mluvil nám skrze Syna svého,"
2462,bible_BKR_Zd.txt,kinship,otec; syn,"Nebo kterému kdy z andělů řekl: Syn můj jsi ty, já dnes zplodil jsem tebe? A opět: Já budu jemu otcem, a on mi bude synem?"
2465,bible_BKR_Zd.txt,divine; monotheism; royal_power,bůh; bůh; království; stolice,"Ale k Synu dí: Stolice tvá, ó Bože, na věky věků, berla pravosti jest berla království tvého."
2466,bible_BKR_Zd.txt,divine; legal; monotheism; moral,bůh; bůh; nepravost; spravedlnost,"Miloval jsi spravedlnost, a nenáviděl jsi nepravosti, protož pomazal tebe, ó Bože, Bůh tvůj olejem veselé nad spoluúčastníky tvé."
2475,bible_BKR_Zd.txt,divine; monotheism,bůh; bůh; duch,"Čemuž i Bůh svědectví vydával skrze divy, a zázraky, a rozličné moci, i podělování Duchem svatým, podlé vůle své."
2480,bible_BKR_Zd.txt,christian_elements; divine; life_death,ježíš; ježíš; milost; smrt,"Ale toho Ježíše, kterýž maličko nižší byl nežli andělé, vidíme pro utrpení smrti slavou a ctí korunovaného, aby z milosti Boží za všecky okusil smrti."
2484,bible_BKR_Zd.txt,divine; monotheism,bůh; bůh,"A opět: Já budu v něm doufati. A opět: Aj, já a dítky, kteréž dal mi Bůh."
2485,bible_BKR_Zd.txt,life_death,smrt,"Poněvadž tedy dítky účastnost mají těla a krve, i on též podobně účasten jest jich, aby skrze smrt zahladil toho, kterýž má vládařství smrti, to jest ďábla,"
2486,bible_BKR_Zd.txt,life_death,smrt; život,"A vysvobodil ty, kteříž bázní smrti po všecken čas života podrobeni byli v službu."
2488,bible_BKR_Zd.txt,divine; monotheism; ritual_sacrifice,bůh; bůh; kněz,"Pročež ve všem připodobněn býti měl bratřím, aby milosrdný byl, a věrný nejvyšší kněz {biskup} v tom, což se u Boha k očištění hříchů lidu díti mělo."
2490,bible_BKR_Zd.txt,christian_elements; divine; ritual_sacrifice,ježíš; ježíš; kněz; kristus; kristus,"A protož, bratří svatí, povolání nebeského účastníci, spatřujte apoštola a nejvyššího kněze {biskupa} vyznání našeho, Krista Ježíše,"
2493,bible_BKR_Zd.txt,divine; monotheism,bůh; bůh,"Nebo všeliký dům ustaven bývá od někoho, ten pak, kdož všecky tyto věci ustavěl, Bůh jest."
2495,bible_BKR_Zd.txt,christian_elements; divine,kristus; kristus,"Ale Kristus, jako Syn, panuje nad domem svým. Kterýžto dům my jsme, jestliže tu svobodnou doufanlivost, a tu chloubu naděje až do konce pevnou zachováme."
2496,bible_BKR_Zd.txt,divine,duch; svatý,"Protož jakž praví Duch svatý: Dnes, uslyšeli-li byste hlas jeho,"
2498,bible_BKR_Zj.txt,christian_elements; divine; monotheism; prophetic_speech,bůh; bůh; ježíš; ježíš; kristus; kristus; zjevení,"Zjevení Ježíše Krista, kteréž dal jemu Bůh, aby ukázal služebníkům svým, které věci měly by se díti brzo, on pak zjevil, poslav je skrze anděla svého služebníku svému Janovi,"
2500,bible_BKR_Zj.txt,prophetic_speech,proroctví,"Blahoslavený, kdož čte, i ti, kteříž slyší slova proroctví tohoto, a ostříhají toho, což napsáno jest v něm; nebo čas blízko jest."
2501,bible_BKR_Zj.txt,divine,milost,"Jan sedmi zborům, kteříž jsou v Azii: Milost vám a pokoj od toho, kterýž jest, a kterýž byl, a kterýž přijíti má, a od sedmi duchů, kteříž jsou před oblíčejem trůnu jeho,"
2502,bible_BKR_Zj.txt,christian_elements; divine; genealogy_lineage; legal; royal_power,ježíš; ježíš; kníže; kristus; kristus; prvorozený; svědek,"A od Ježíše Krista, jenž jest svědek věrný, ten prvorozený z mrtvých, a kníže králů země, kterýž zamiloval nás, a umyl nás od hříchů našich krví svou,"
2503,bible_BKR_Zj.txt,divine; monotheism; ritual_sacrifice; royal_power,bůh; bůh; kněz; král; sláva,"A učinil nás krále a kněží Bohu a Otci svému, jemuž buď sláva a moc na věky věků. Amen."
2504,bible_BKR_Zj.txt,genealogy_lineage,pokolení,"Aj, béře se s oblaky, a uzříť jej všeliké oko, i ti, kteříž ho bodli; a budou plakati pro něj všecka pokolení země, jistě. Amen."
2505,bible_BKR_Zj.txt,monotheism,všemohoucí,"Jáť jsem Alfa i Oméga, totiž počátek i konec, praví Pán, kterýž jest, a kterýž byl, a kterýž přijíti má, ten všemohoucí."
2506,bible_BKR_Zj.txt,christian_elements; divine; kinship; royal_power,bratr; ježíš; ježíš; kristus; kristus; království,"Já Jan, i bratr váš, i spoluúčastník v ssoužení, i v království, i v trpělivosti Ježíše Krista, byl jsem na ostrově, kterýž slove Patmos, pro slovo Boží a pro svědectví Ježíše Krista."
2507,bible_BKR_Zj.txt,divine,duch,"A byl jsem u vytržení ducha v den Páně, i uslyšel jsem za sebou hlas veliký jako trouby,"
2508,bible_BKR_Zj.txt,eschatology,poslední,"An dí: Já jsem Alfa i Oméga, ten první i poslední, a což vidíš, piš do knihy, a pošli sedmi zborům, kteříž jsou v Azii, do Efezu, a do Smyrny, a do Pergamu, a do Tyatiru, a do Sardy, a do Filadelfie, i do Laodicie."
2510,bible_BKR_Zj.txt,kinship,syn,"A u prostřed těch sedmi svícnů podobného Synu člověka, oblečeného v dlouhé roucho, a přepásaného na prsech pasem zlatým."
2513,bible_BKR_Zj.txt,war_conflict,meč,"A měl v pravé ruce své sedm hvězd, a z úst jeho meč s obou stran ostrý vycházel; a tvář jeho jako slunce, když jasně svítí."
2514,bible_BKR_Zj.txt,eschatology; life_death,mrtvý; poslední,"A jakž jsem jej uzřel, padl jsem k nohám jeho, jako mrtvý. I položil ruku svou pravou na mne, řka ke mně: Neboj se. Já jsem ten první i poslední,"
2515,bible_BKR_Zj.txt,life_death,mrtvý; smrt; živý,"A živý, ješto jsem byl mrtvý, a aj, živý jsem na věky věků. Amen. A mám klíče pekla i smrti."
2524,bible_BKR_Zj.txt,divine,duch,"Kdo má uši, slyš, co Duch praví církvím: Tomu, kdož svítězí, dám jísti z dřeva života, kteréž jest u prostřed ráje Božího."
2525,bible_BKR_Zj.txt,eschatology; life_death,mrtvý; poslední,"Andělu pak Smyrnenské církve piš: Toto praví ten první i poslední, kterýž byl mrtvý, a ožil:"
2527,bible_BKR_Zj.txt,life_death,smrt; život,"Nebojž se nic toho, co trpěti máš. Aj, uvržeť ďábel některé z vás do vězení, abyste zkušeni byli, a budete míti úzkost za deset dní. Budiž věrný až do smrti, a dámť korunu života."
2528,bible_BKR_Zj.txt,divine; life_death,duch; smrt,"Kdo má uši, slyš, co Duch praví církvím: Kdo svítězí, nebude uražen od smrti druhé."
2529,bible_BKR_Zj.txt,war_conflict,meč,"Andělu pak Pergamenské církve piš: Totoť praví ten, kterýž má ten meč s obou stran ostrý:"
2530,bible_BKR_Zj.txt,divine; legal; royal_power,stolice; svědek; víra,"Vím skutky tvé, i kde bydlíš, totiž tu, kdež jest stolice satanova, a že držíš se jména mého, a nezapřel jsi víry mé, ani v těch dnech, když Antipas, svědek můj věrný, zamordován jest u vás, tu, kdež bydlí satan."
2533,bible_BKR_Zj.txt,war_conflict,meč,"Činiž pokání. Pakli nebudeš, přijdu na tebe brzy, a bojovati budu s nimi mečem úst svých."
2534,bible_BKR_Zj.txt,divine,duch,"Kdo má uši, slyš, co Duch praví církvím: Tomu, kdož vítězí, dám jísti tu mannu skrytou, a dám jemu kamének bílý, a na tom kaménku jméno nové napsané, kteréhož žádný neví, než ten, kdož je přijímá."
2536,bible_BKR_Zj.txt,eschatology,poslední,"Známť skutky tvé, i lásku, i přisluhování, i věrnost, i trpělivost tvou, a skutky tvé, i ty poslední větší nežli první."
