sentence,relation_type,subtype,confidence,file_name
"(Nebo ten život zjeven jest, a my jsme viděli, a svědčíme, i zvěstujeme vám ten život věčný, kterýž byl u Otce, a zjeven jest nám),",lyrical_relation,lyrical_relation,0.539,bible_BKR_1J.txt
"A totoť píšeme vám, aby radost vaše byla plná.",request_relation,request_relation,0.492,bible_BKR_1J.txt
"Díme-li, že s ním obecenství máme, a ve tmě chodíme, lžeme, a nečiníme pravdy.",historical_event_relation,historical_event_relation,0.459,bible_BKR_1J.txt
"Pakliť chodíme v světle, jako on jest v světle, obecenství máme vespolek, a krev Krista Ježíše Syna jeho očišťuje nás od všelikého hříchu.",autoclitic_relation,autoclitic_relation,0.392,bible_BKR_1J.txt
"Jestliže pak budeme vyznávati hříchy své, věrnýť jest Bůh a spravedlivý, aby nám odpustil hříchy, a očistil nás od všeliké nepravosti.",descriptive_relation,descriptive_relation,0.585,bible_BKR_1J.txt
"A po tomť známe, že jsme jej poznali, jestliže přikázaní jeho ostříháme.",autoclitic_relation,autoclitic_relation,0.479,bible_BKR_1J.txt
"Dí-liť kdo: Znám jej, a přikázaní jeho neostříhá, lhářť jest, a pravdy v něm není.",historical_event_relation,historical_event_relation,0.326,bible_BKR_1J.txt
"Ale kdožť ostříhá slova jeho, v pravděť láska Boží v tom jest dokonalá. Po tomť známe, že jsme v něm.",historical_event_relation,historical_event_relation,0.482,bible_BKR_1J.txt
"Kdo praví, že v něm zůstává, tenť má, jakž on chodil, tak choditi.",historical_event_relation,historical_event_relation,0.525,bible_BKR_1J.txt
"Bratří, ne nové přikázaní píši vám, ale přikázaní staré, kteréž jste měli od počátku. A to přikázaní staré jestiť slovo to, kteréž jste slyšeli od počátku.",reported_speech,reported_speech,0.411,bible_BKR_1J.txt
"A zase přikázaní nové píši vám, kteréž jest pravé i v něm i v vás. Nebo tma pomíjí, a světlo to pravé již svítí.",prophetic_relation,prophetic_relation,0.529,bible_BKR_1J.txt
"Kdo praví, že jest v světle, a bratra svého nenávidí, v temnostiť jest až posavad.",wisdom_relation,wisdom_relation,0.527,bible_BKR_1J.txt
"Kdož miluje bratra svého, v světle zůstává, a pohoršení v něm není.",prophetic_relation,prophetic_relation,0.423,bible_BKR_1J.txt
"Píši vám, otcové, že jste poznali toho, kterýž jest od počátku. Píši vám, mládenci, že jste svítězili nad tím zlostníkem.",descriptive_relation,descriptive_relation,0.522,bible_BKR_1J.txt
"Píši vám, dítky, že jste poznali Otce. Psal jsem vám, otcové, že jste poznali toho, kterýž jest od počátku. Psal jsem vám, mládenci, že silní jste, a slovo Boží v vás zůstává, a že jste svítězili nad tím zlostníkem.",lyrical_relation,lyrical_relation,0.421,bible_BKR_1J.txt
"Nemilujtež světa, ani těch věcí, kteréž na světě jsou. Miluje-liť kdo svět, neníť lásky Otcovy v něm.",request_relation,request_relation,0.543,bible_BKR_1J.txt
"Dítky, poslední hodina jest, a jakož jste slýchali, že antikrist přijíti má, i nyníť antikristové mnozí povstali. Odkudž známe, že poslední hodina jest.",request_relation,request_relation,0.526,bible_BKR_1J.txt
"A protož zůstaniž v vás to, což jste slýchali od počátku. Zůstane-liť v vás to, co jste slýchali od počátku, i vy také v Synu i v Otci zůstanete.",reported_speech,reported_speech,0.458,bible_BKR_1J.txt
"A toť jest to zaslíbení, kteréž on nám zaslíbil, totiž ten život věčný.",request_relation,request_relation,0.239,bible_BKR_1J.txt
"Tyto věci psal jsem vám o těch, kteříž vás svodí.",historical_event_relation,historical_event_relation,0.509,bible_BKR_1J.txt
"A nyní, synáčkové, zůstávejtež v něm, abychom, když by se ukázal, smělé doufání měli, a nebyli zahanbeni od něho v příchodu jeho.",reported_speech,reported_speech,0.592,bible_BKR_1J.txt
"Poněvadž víte, že on spravedlivý jest, znejtež také, že každý, kdož činí spravedlnost, z něho jest narozen.",request_relation,request_relation,0.498,bible_BKR_1J.txt
"Pohleďte, jakou lásku dal nám Otec, totiž abychom synové Boží slouli. Protoť svět nezná nás, že jeho nezná.",historical_event_relation,historical_event_relation,0.411,bible_BKR_1J.txt
"Děkuji Bohu svému vždycky z vás pro tu milost Boží, kteráž dána jest vám v Kristu Ježíši,",descriptive_relation,descriptive_relation,0.575,bible_BKR_1K.txt
"Že všemi věcmi obohaceni jste v něm, každým slovem i všelikým uměním,",lyrical_relation,lyrical_relation,0.341,bible_BKR_1K.txt
"Jakož svědectví Kristovo upevněno jest mezi vámi,",lyrical_relation,lyrical_relation,0.551,bible_BKR_1K.txt
Kterýž i utvrdí vás až do konce bez ouhony ke dni Pána našeho Jezukrista.,historical_event_relation,historical_event_relation,0.565,bible_BKR_1K.txt
"Věrnýť jest Bůh, skrze něhož povoláni jste k účastenství Syna jeho Jezukrista, Pána našeho.",request_relation,request_relation,0.556,bible_BKR_1K.txt
"Míním pak toto, že jeden každý z vás říká: Já jsem Pavlův, já Apollův, já Petrův, já pak Kristův.",lyrical_relation,lyrical_relation,0.509,bible_BKR_1K.txt
Rozdělen-liž jest Kristus? Zdali Pavel ukřižován jest za vás? aneb zdali jste ve jménu Pavlovu pokřtěni byli?,genealogical_relation,genealogical_relation,0.494,bible_BKR_1K.txt
"Křtilť jsem také i Štěpánovu čeled. Více nevím, abych koho jiného křtil.",genealogical_relation,genealogical_relation,0.592,bible_BKR_1K.txt
"Nebo neposlal mne Kristus křtíti, ale evangelium kázati, ne v moudrosti řeči, aby nebyl vyprázdněn kříž Kristův.",reported_speech,reported_speech,0.452,bible_BKR_1K.txt
"Nebo slovo kříže těm, kteříž hynou, bláznovstvím jest, ale nám, kteříž spasení dosahujeme, moc Boží jest.",prophetic_relation,prophetic_relation,0.546,bible_BKR_1K.txt
"Nebo když v moudrosti Boží svět nepoznal skrze moudrost Boha, zalíbilo se Bohu skrze bláznové kázaní spasiti věřící,",descriptive_relation,descriptive_relation,0.435,bible_BKR_1K.txt
"Poněvadž i Židé zázraků žádají, i Řekové hledají moudrosti.",descriptive_relation,descriptive_relation,0.481,bible_BKR_1K.txt
"Myť pak kážeme Krista ukřižovaného, Židům zajisté pohoršení, a Řekům bláznovství,",reported_speech,reported_speech,0.579,bible_BKR_1K.txt
"Ale povolaným i Židům i Řekům Krista, Boží moc a Boží moudrost.",historical_event_relation,historical_event_relation,0.596,bible_BKR_1K.txt
"Nebo to bláznovství Boží jest moudřejší nežli lidé, a mdloba Boží jest silnější než lidé.",historical_event_relation,historical_event_relation,0.451,bible_BKR_1K.txt
"Vidíte zajisté povolání své, bratří, že nemnozí moudří podlé těla, nemnozí mocní, nemnozí urození.",wisdom_relation,wisdom_relation,0.46,bible_BKR_1K.txt
"A neurozené u světa a za nic položené vyvolil Bůh, anobrž kteréž nejsou, aby ty věci, kteréž jsou, zahladil,",autoclitic_relation,autoclitic_relation,0.495,bible_BKR_1K.txt
"A byl jsem já u vás v mdlobě, a v bázni, i v strachu mnohém.",request_relation,request_relation,0.455,bible_BKR_1K.txt
"Moudrost pak mluvíme mezi dokonalými, ale moudrost ne tohoto světa, ani knížat světa tohoto, kteráž hynou.",historical_event_relation,historical_event_relation,0.529,bible_BKR_1K.txt
"Jíž žádný z knížat světa tohoto nepoznal. Nebo kdyby byli poznali, nebyliť by Pána slávy ukřižovali.",request_relation,request_relation,0.515,bible_BKR_1K.txt
"Ale jakož psáno jest: Čeho oko nevídalo, ani ucho neslýchalo, ani na srdce lidské nevstoupilo, co připravil Bůh těm, kteříž jej milují.",request_relation,request_relation,0.423,bible_BKR_1K.txt
"Král pak David sstaral se a sešel věkem, a ačkoli jej šaty přikrývali, však nemohl se zahřívati.",request_relation,request_relation,0.599,bible_BKR_1Kr.txt
"Adoniáš pak syn Haggity pozdvihoval se, říkaje: Jáť budu kralovati. I najednal sobě vozů a jezdců, a padesáte mužů, kteříž by běhali před ním.",prophetic_relation,prophetic_relation,0.539,bible_BKR_1Kr.txt
"Nátana však proroka a Banaiáše a jiných přednějších mužů, ani Šalomouna bratra svého nepozval.",wisdom_relation,wisdom_relation,0.564,bible_BKR_1Kr.txt
"Protož nyní poď, prosím, a dámť radu, kterouž vysvobodíš život svůj, i život syna svého Šalomouna.",autoclitic_relation,autoclitic_relation,0.54,bible_BKR_1Kr.txt
"Jdiž, a vejda k králi Davidovi, rci jemu: Zdaliž jsi ty, pane můj králi, nepřisáhl služebnici své, řka: Šalomoun syn tvůj kralovati bude po mně, a onť seděti bude na stolici mé? Pročež tedy kraluje Adoniáš?",reported_speech,reported_speech,0.288,bible_BKR_1Kr.txt
"A aj, když ty ještě tam mluviti budeš s králem, přijduť za tebou a doplním řeč tvou.",lyrical_relation,lyrical_relation,0.499,bible_BKR_1Kr.txt
"A tak vešla Betsabé k králi do pokoje. Král pak již byl velmi starý, a Abizag Sunamitská přisluhovala králi.",descriptive_relation,descriptive_relation,0.518,bible_BKR_1Kr.txt
"Tedy Betsabé naklonivši hlavy, poklonila se králi. Jížto řekl král: Což chceš?",reported_speech,reported_speech,0.473,bible_BKR_1Kr.txt
"I odpověděla jemu: Pane můj, ty jsi přisáhl skrze Hospodina Boha svého služebnici své, řka: Šalomoun syn tvůj kralovati bude po mně, a on seděti bude na stolici mé.",lyrical_relation,lyrical_relation,0.444,bible_BKR_1Kr.txt
"Nebo nabiv volů a krmného dobytka a ovec množství, pozval všech synů královských, i Abiatara kněze a Joába hejtmana vojska, Šalomouna pak služebníka tvého nepozval.",prophetic_relation,prophetic_relation,0.455,bible_BKR_1Kr.txt
"A aj, když ještě ona mluvila s králem, přišel Nátan prorok.",wisdom_relation,wisdom_relation,0.539,bible_BKR_1Kr.txt
"Mne pak služebníka tvého, a Sádocha kněze, a Banaiáše syna Joiadova, a Šalomouna služebníka tvého nepozval.",prophetic_relation,prophetic_relation,0.567,bible_BKR_1Kr.txt
"Tak-liž jest ode pána mého krále nařízeno? Mně jsi zajisté neoznámil služebníku svému, kdo bude seděti na stolici pána mého krále po tobě?",reported_speech,reported_speech,0.419,bible_BKR_1Kr.txt
"A odpovídaje král David, řekl: Zavolejte mi Betsabé. Kteráž všedši před krále, stála před ním.",historical_event_relation,historical_event_relation,0.566,bible_BKR_1Kr.txt
"I přisáhl král, řka: Živť jest Hospodin, kterýž vysvobodil duši mou ze všelikých úzkostí,",prophetic_relation,prophetic_relation,0.371,bible_BKR_1Kr.txt
"Řekl ještě král David: Zavolejte ke mně Sádocha kněze a Nátana proroka, a Banaiáše syna Joiadova. Kteřížto vešli před krále.",prophetic_relation,prophetic_relation,0.573,bible_BKR_1Kr.txt
"I řekl jim král: Vezměte s sebou služebníky pána svého, a vsaďte Šalomouna syna mého na mezkyni mou, a veďte ji k Gihonu.",wisdom_relation,wisdom_relation,0.328,bible_BKR_1Kr.txt
"I pomaže ho tam Sádoch kněz a Nátan prorok za krále nad Izraelem, a troubiti budete troubou, a díte: Živ buď král Šalomoun.",descriptive_relation,descriptive_relation,0.595,bible_BKR_1Kr.txt
"Potom vstoupíte zase, jdouce za ním. Kterýž přijda, seděti bude na stolici mé, a on kralovati bude místo mne; nebť jsem jemu přikázal, aby byl vůdcí nad Izraelem i nad Judou.",request_relation,request_relation,0.472,bible_BKR_1Kr.txt
"A odpovídaje Banaiáš syn Joiadův králi, řekl: Amen. Způsobiž to Hospodin, Bůh pána mého krále.",lyrical_relation,lyrical_relation,0.303,bible_BKR_1Kr.txt
"A jakož byl Hospodin se pánem mým králem, tak budiž i s Šalomounem, a zvelebiž stolici jeho více, než stolici pána mého krále Davida.",descriptive_relation,descriptive_relation,0.558,bible_BKR_1Kr.txt
"A tak šli dolů Sádoch kněz a Nátan prorok, a Banaiáš syn Joiadův, Cheretejští také i Peletejští, a vsadili Šalomouna na mezkyni krále Davida, a dovedli jej k Gihonu.",descriptive_relation,descriptive_relation,0.301,bible_BKR_1Kr.txt
"Vzal také Sádoch kněz roh oleje z stánku, a pomazal Šalomouna. Potom troubili trubou, a řekl všecken lid: Živ buď král Šalomoun.",lyrical_relation,lyrical_relation,0.53,bible_BKR_1Kr.txt
"K dědictví neporušitelnému a nepoškvrněnému a neuvadlému, kteréž se chová v nebesích, vám,",lyrical_relation,lyrical_relation,0.572,bible_BKR_1P.txt
"Kteříž mocí Boží ostříháni býváte skrze víru k spasení, kteréž hotovo jest, aby zjeveno bylo v času posledním.",genealogical_relation,genealogical_relation,0.308,bible_BKR_1P.txt
"Aby zkušení víry vaší, mnohem dražší nežli zlato, kteréž hyne, a však se v ohni zkušuje, nalezeno bylo vám k chvále, a ke cti i k slávě při zjevení Ježíše Krista.",request_relation,request_relation,0.489,bible_BKR_1P.txt
"Kteréhož neviděvše, milujete; kteréhož nyní nevidouce, a však v něho věříce, veselíte se radostí nevymluvnou a oslavenou,",historical_event_relation,historical_event_relation,0.407,bible_BKR_1P.txt
"O kterémž spasení bedlivě přemyšlovali, a je vystihati usilovali proroci, kteříž o té milosti, kteráž se vám státi měla, prorokovali,",reported_speech,reported_speech,0.388,bible_BKR_1P.txt
"Jakožto synové poslušní, nepřirovnávající se prvním neznámosti své žádostem.",genealogical_relation,genealogical_relation,0.545,bible_BKR_1P.txt
"A poněvadž Otcem nazýváte toho, kterýž bez přijímání osob soudí vedlé skutků jednoho každého, viztež, abyste v bázni čas svého zde putování konali,",reported_speech,reported_speech,0.547,bible_BKR_1P.txt
"Ale drahou krví jakožto Beránka nevinného a nepoškvrněného, Krista,",lyrical_relation,lyrical_relation,0.439,bible_BKR_1P.txt
"Znovu zrozeni jsouce ne z porušitelného semene, ale z neporušitelného, skrze živé slovo Boží a zůstávající na věky.",request_relation,request_relation,0.527,bible_BKR_1P.txt
"Nebo všeliké tělo jest jako tráva, a všeliká sláva člověka jako květ trávy. Usvadla tráva, a květ její spadl.",wisdom_relation,wisdom_relation,0.584,bible_BKR_1P.txt
"Protož složíce velikou zlost, a všelikou lest, a pokrytství, a závist, i všecka utrhání,",wisdom_relation,wisdom_relation,0.459,bible_BKR_1P.txt
"Jakožto nyní zrozená nemluvňátka, mléka beze lsti, Božího slova žádostivi buďte, abyste jím rostli,",autoclitic_relation,autoclitic_relation,0.424,bible_BKR_1P.txt
"Jestliže však okusili jste, kterak dobrotivý jest Pán.",reported_speech,reported_speech,0.542,bible_BKR_1P.txt
"K kterémuž přistupujíce k kameni živému, od lidí zajisté zavrženému, ale od Boha vyvolenému a drahému,",genealogical_relation,genealogical_relation,0.438,bible_BKR_1P.txt
"I vy, jako kamení živé, vzdělávejte se v dům duchovní, kněžstvo svaté, k obětování duchovních obětí, vzácných Bohu skrze Jezukrista.",request_relation,request_relation,0.573,bible_BKR_1P.txt
"A protož praví písmo: Aj, zakládámť na Sionu kámen úhelný, vybraný, drahý, v kterýž kdokoli věří, nikoli nebude zahanben.",request_relation,request_relation,0.579,bible_BKR_1P.txt
"Těm, kteříž se urážejí na slovu, nepovolní jsouce, k čemuž i odloženi jsou.",genealogical_relation,genealogical_relation,0.429,bible_BKR_1P.txt
"Ale vy jste rod vyvolený, královské kněžstvo, národ svatý, lid dobytý, abyste zvěstovali ctnosti toho, kterýž vás povolal ze tmy v předivné světlo své.",historical_event_relation,historical_event_relation,0.502,bible_BKR_1P.txt
"Poddáni tedy buďte všelikému lidskému zřízení pro Pána, buďto králi, jako nejvyššímu,",request_relation,request_relation,0.592,bible_BKR_1P.txt
"Nebo tak jest vůle Boží, abyste dobře činíce, zacpali ústa nemoudrých a neumělých lidí.",historical_event_relation,historical_event_relation,0.332,bible_BKR_1P.txt
"Adam, Set, Enos,",historical_event_relation,historical_event_relation,0.538,bible_BKR_1Pa.txt
"Kainan, Mahalaleel, Járed,",lyrical_relation,lyrical_relation,0.517,bible_BKR_1Pa.txt
"Noé, Sem, Cham a Jáfet.",descriptive_relation,descriptive_relation,0.566,bible_BKR_1Pa.txt
"Synové pak Gomerovi: Ascenez, Difat a Togorma.",historical_event_relation,historical_event_relation,0.553,bible_BKR_1Pa.txt
"Synové pak Javanovi: Elisa, Tarsis, Cetim a Rodanim.",genealogical_relation,genealogical_relation,0.5,bible_BKR_1Pa.txt
Zplodil také Chus Nimroda; ten počal mocným býti na zemi.,reported_speech,reported_speech,0.499,bible_BKR_1Pa.txt
"Mizraim pak zplodil Ludim, Anamim, Laabim a Neftuim,",descriptive_relation,descriptive_relation,0.458,bible_BKR_1Pa.txt
"Fetruzim také a Chasluim, (odkudž pošli Filistinští), a Kafturim.",prophetic_relation,prophetic_relation,0.53,bible_BKR_1Pa.txt
"Kanán pak zplodil Sidona, prvorozeného svého, a Het,",reported_speech,reported_speech,0.579,bible_BKR_1Pa.txt
"Heberovi pak narodili se dva synové, z nichž jednoho jméno Peleg, proto že za dnů jeho rozdělena byla země, jméno pak bratra jeho Jektan.",genealogical_relation,genealogical_relation,0.576,bible_BKR_1Pa.txt
"Kterýžto Jektan zplodil Elmodada, Salefa, Azarmota a Járe,",historical_event_relation,historical_event_relation,0.505,bible_BKR_1Pa.txt
"A Ebale, Abimahele a Sebai,",prophetic_relation,prophetic_relation,0.436,bible_BKR_1Pa.txt
"Heber, Peleg, Réhu,",genealogical_relation,genealogical_relation,0.582,bible_BKR_1Pa.txt
"Abram, ten jest Abraham.",lyrical_relation,lyrical_relation,0.491,bible_BKR_1Pa.txt
Synové Abrahamovi: Izák a Izmael.,reported_speech,reported_speech,0.514,bible_BKR_1Pa.txt
"Jetur, Nafis a Cedma. Ti jsou synové Izmaelovi.",request_relation,request_relation,0.556,bible_BKR_1Pa.txt
"Synové pak Cetury, ženiny Abrahamovy: Ta porodila Zamrana, Jeksana, Madana, Madiana, Jezbocha a Suecha. Synové pak Jeksanovi: Sába a Dedan.",genealogical_relation,genealogical_relation,0.54,bible_BKR_1Pa.txt
"Synové pak Madianovi: Efa, Efer, Enoch, Abida a Helda. Všickni ti synové Cetury.",lyrical_relation,lyrical_relation,0.449,bible_BKR_1Pa.txt
Zplodil tedy Abraham Izáka. Synové pak Izákovi: Ezau a Izrael.,request_relation,request_relation,0.59,bible_BKR_1Pa.txt
"Synové pak Seir: Lotan, Sobal, Sebeon, Ana, Dison, Eser a Dízan.",lyrical_relation,lyrical_relation,0.507,bible_BKR_1Pa.txt
"Synové Sobalovi: Alian, Manáhat, Ebal, Sefi a Onam. Synové pak Sebeonovi: Aia a Ana.",autoclitic_relation,autoclitic_relation,0.591,bible_BKR_1Pa.txt
"A ten měl dvě ženy, jméno jedné Anna, a jméno druhé Penenna. Měla pak Penenna děti, ale Anna neměla dětí.",lyrical_relation,lyrical_relation,0.466,bible_BKR_1S.txt
"Když pak přišel den, v němž obětoval Elkána, dal Penenně manželce své, a všechněm synům i dcerám jejím díly.",prophetic_relation,prophetic_relation,0.363,bible_BKR_1S.txt
"Anně pak dal díl jeden výborný, nebo Annu miloval, ale Hospodin zavřel byl život její.",descriptive_relation,descriptive_relation,0.57,bible_BKR_1S.txt
"To když činíval každého roku, a Anna též chodívala do domu Hospodinova, tak ji kormoutívala protivnice; ona pak plakávala a nic nejídala.",lyrical_relation,lyrical_relation,0.575,bible_BKR_1S.txt
"Tedy řekl jí Elkána muž její: Anna, proč pláčeš? A proč nejíš? Proč tak truchlí srdce tvé? Zdaliž já nejsem tobě lepší nežli deset synů?",request_relation,request_relation,0.592,bible_BKR_1S.txt
"I stalo se, když se dlouho modlila před Hospodinem, že Elí pozor měl na ústa její.",descriptive_relation,descriptive_relation,0.455,bible_BKR_1S.txt
Protož řekl jí Elí: Dlouho-liž budeš opilá? Vystřízvěj z vína svého.,historical_event_relation,historical_event_relation,0.497,bible_BKR_1S.txt
"Jíž odpověděl Elí, řka: Jdiž u pokoji, a Bůh Izraelský dejž tobě k prosbě tvé, zač jsi ho prosila.",historical_event_relation,historical_event_relation,0.522,bible_BKR_1S.txt
"I řekla: Ó by nalezla děvka tvá milost před očima tvýma! Tedy odšedši žena cestou svou, pojedla, a tvář její nebyla více smutná.",reported_speech,reported_speech,0.531,bible_BKR_1S.txt
"I stalo se po vyplnění dnů, jakž počala Anna, že porodila syna, a nazvala jméno jeho Samuel; nebo řekla: Vyprosila jsem ho na Hospodinu.",wisdom_relation,wisdom_relation,0.433,bible_BKR_1S.txt
Tedy zabili volka a přivedli dítě k Elí.,descriptive_relation,descriptive_relation,0.406,bible_BKR_1S.txt
"Ona pak řekla: Poslyš mne, pane můj. Jako jest živa duše tvá, pane můj, já jsem žena ta, kteráž jsem stála tuto s tebou, modleci se Hospodinu.",wisdom_relation,wisdom_relation,0.522,bible_BKR_1S.txt
"Za toto dítě jsem prosila, a dal mi Hospodin k prosbě mé to, čehož jsem prosila od něho.",request_relation,request_relation,0.568,bible_BKR_1S.txt
"Protož já také oddávám jej Hospodinu; po všecky dny, v nichž živ bude, oddanýť jest Hospodinu. A učinil tu poklonu Hospodinu.",genealogical_relation,genealogical_relation,0.549,bible_BKR_1S.txt
"I modlila se Anna a řekla: Zplésalo srdce mé v Hospodinu, a vyzdvižen jest roh můj v Hospodinu; rozšířila se ústa má proti nepřátelům mým, nebo rozveselila jsem se v spasení tvém.",reported_speech,reported_speech,0.575,bible_BKR_1S.txt
"Neníť žádný tak svatý jako Hospodin; nýbrž žádného není kromě tebe, neníť žádný tak silný jako Bůh náš.",lyrical_relation,lyrical_relation,0.571,bible_BKR_1S.txt
"Lučiště i silní potříni jsou, a mdlí opásáni jsou silou.",historical_event_relation,historical_event_relation,0.526,bible_BKR_1S.txt
"Nuzného vyzdvihuje z prachu, a z hnoje vyvyšuje chudého, aby je posadil s knížaty, a stolici slávy dědičně jim dal; nebo Hospodinovy jsou stěžeje země, na nichž založil okršlek.",request_relation,request_relation,0.466,bible_BKR_1S.txt
"Kteříž se protiví Hospodinu, setříni budou, na takové s nebe hřímati bude. Hospodin souditi bude končiny země, a dá sílu králi svému, a vyvýší roh pomazaného svého.",reported_speech,reported_speech,0.539,bible_BKR_1S.txt
"I navrátil se Elkána do Ramaty, do domu svého, a pacholátko přisluhovalo Hospodinu při knězi Elí.",descriptive_relation,descriptive_relation,0.545,bible_BKR_1S.txt
"Díky činíme Bohu vždycky ze všech vás, zmínku činíce o vás na modlitbách svých.",lyrical_relation,lyrical_relation,0.567,bible_BKR_1Te.txt
"Vědouce, bratří Bohu milí, o vyvolení vašem.",historical_event_relation,historical_event_relation,0.515,bible_BKR_1Te.txt
Tak že jste učiněni příklad všem věřícím v Macedonii a v Achaii.,historical_event_relation,historical_event_relation,0.569,bible_BKR_1Te.txt
"Nebo od vás rozhlásilo se slovo Páně netoliko v Macedonii a v Achaii, ale i na všelikém místě víra vaše, kteráž jest v Boha, roznesla se, tak že nepotřebí nám o tom nic mluviti.",prophetic_relation,prophetic_relation,0.391,bible_BKR_1Te.txt
"A očekávali Syna jeho s nebe, kteréhož vzkřísil z mrtvých, totiž Ježíše, kterýž vysvobodil nás od hněvu budoucího.",historical_event_relation,historical_event_relation,0.548,bible_BKR_1Te.txt
"Napomínání zajisté naše nebylo z podvodu, ani z nečistoty, ani ve lsti.",reported_speech,reported_speech,0.574,bible_BKR_1Te.txt
"Ale byli jsme tiší mezi vámi, jako když matka chová dítky své.",wisdom_relation,wisdom_relation,0.444,bible_BKR_1Te.txt
"Vy jste svědkové i Bůh, žeť jsme svatě, a spravedlivě, a bez úhony obcovali mezi vámi, kteříž jste uvěřili,",prophetic_relation,prophetic_relation,0.589,bible_BKR_1Te.txt
"Jakož víte, že jednoho každého z vás, jako otec dítek svých, napomínali jsme a potěšovali,",reported_speech,reported_speech,0.473,bible_BKR_1Te.txt
"I s osvědčováním, abyste chodili hodně Bohu, kterýž povolal vás do království svého a v slávu.",historical_event_relation,historical_event_relation,0.498,bible_BKR_1Te.txt
"Protož i my díky činíme Bohu bez přestání, že přijavše slovo Boží, kteréž jste slyšeli od nás, přijali jste ne jako slovo lidské, ale (jakož v pravdě jest), jako slovo Boží, kterýž i dílo své působí v vás věřících.",historical_event_relation,historical_event_relation,0.512,bible_BKR_1Te.txt
"Nedopouštějíce nám mluviti pohanům, aby spaseni byli, aby tak vždy doplňovali hříchy své. Nebo vylit jest na ně hněv konečný.",genealogical_relation,genealogical_relation,0.528,bible_BKR_1Te.txt
"My pak, bratří, zbaveni byvše vás na chvíli, tělem ne srdcem, opravdověji usilovali jsme viděti tvář vaši s mnohou žádostí.",request_relation,request_relation,0.496,bible_BKR_1Te.txt
Nebo která jest naše naděje neb radost aneb koruna chlouby? Zdali ne i vy před oblíčejem Pána našeho Jezukrista v příchodu jeho?,request_relation,request_relation,0.513,bible_BKR_1Te.txt
"Aby se žádný nepohnul v takových těchto ssouženích. Nebo i sami víte, že jsme k tomu postaveni.",request_relation,request_relation,0.535,bible_BKR_1Te.txt
"Ještě zajisté, když jsme u vás byli, předpovídali jsme vám, že budeme ssouženi. Jakož se i stalo, jakž víte.",descriptive_relation,descriptive_relation,0.405,bible_BKR_1Te.txt
"Nyní pak když k nám přišel Timoteus od vás, a zvěstoval nám novinu veselou o víře a lásce vaší, a že nás připomínáte dobře, žádajíce vždycky nás viděti, jako i my vás,",historical_event_relation,historical_event_relation,0.368,bible_BKR_1Te.txt
"Nebo aj, živi jsme, jestliže vy stojíte v Pánu.",descriptive_relation,descriptive_relation,0.385,bible_BKR_1Te.txt
"A jakým děkováním z vás můžeme se odměniti Bohu za všecku tu radost, kterouž radujeme se pro vás před Bohem svým,",prophetic_relation,prophetic_relation,0.559,bible_BKR_1Te.txt
"Pavel, apoštol Ježíše Krista, podlé zřízení Boha spasitele našeho, a Pána Jezukrista, naděje naší,",genealogical_relation,genealogical_relation,0.35,bible_BKR_1Tm.txt
"Timoteovi, vlastnímu synu u víře: Milost, milosrdenství a pokoj od Boha Otce našeho, a od Krista Ježíše Pána našeho.",autoclitic_relation,autoclitic_relation,0.467,bible_BKR_1Tm.txt
"Jakož jsem prosil tebe, abys pozůstal v Efezu, když jsem šel do Macedonie, viziž, abys přikázal některým jiného učení neučiti,",historical_event_relation,historical_event_relation,0.59,bible_BKR_1Tm.txt
"Ani oblibovati básní a vypravování rodů, čemuž konce není, odkudž jen hádky pocházejí, více nežli vzdělání Boží, kteréž jest u víře.",descriptive_relation,descriptive_relation,0.559,bible_BKR_1Tm.txt
"Ješto konec přikázaní jest láska z srdce čistého, a z svědomí dobrého a z víry neošemetné.",wisdom_relation,wisdom_relation,0.57,bible_BKR_1Tm.txt
"Víme pak, že dobrý jest zákon, když by ho kdo náležitě užíval,",lyrical_relation,lyrical_relation,0.529,bible_BKR_1Tm.txt
"Toto znaje, že spravedlivému není uložen zákon, ale nepravým a nepoddaným, bezbožným a hříšníkům, nešlechetným a nečistým, mordéřům otců a matek, vražedlníkům,",reported_speech,reported_speech,0.373,bible_BKR_1Tm.txt
"Smilníkům, samcoložníkům, těm, kteříž lidi kradou, lhářům, křivým přísežníkům, a jestli co jiného, ješto by bylo na odpor zdravému učení,",historical_event_relation,historical_event_relation,0.591,bible_BKR_1Tm.txt
"Podlé slavného evangelium blahoslaveného Boha, kteréž mně jest svěřeno.",descriptive_relation,descriptive_relation,0.582,bible_BKR_1Tm.txt
"Věrnáť jest tato řeč a všelijak oblíbení hodná, že Kristus Ježíš přišel na svět, aby hříšné spasil, z nichž já první jsem.",reported_speech,reported_speech,0.436,bible_BKR_1Tm.txt
"Ale proto milosrdenství jsem došel, aby na mně prvním dokázal Ježíš Kristus všeliké dobrotivosti, ku příkladu těm, kteříž mají uvěřiti v něho k životu věčnému.",historical_event_relation,historical_event_relation,0.456,bible_BKR_1Tm.txt
"Maje víru a dobré svědomí, kteréž někteří potrativše, zhynuli u víře.",lyrical_relation,lyrical_relation,0.427,bible_BKR_1Tm.txt
"Z nichž jest Hymeneus a Alexander, kteréž jsem vydal satanu, aby strestáni jsouce, učili se nerouhati.",lyrical_relation,lyrical_relation,0.563,bible_BKR_1Tm.txt
"Jedenť jest zajisté Bůh, jeden také i prostředník Boží a lidský, člověk Kristus Ježíš,",reported_speech,reported_speech,0.579,bible_BKR_1Tm.txt
"Kterýž dal sebe samého mzdu na vykoupení za všecky, na osvědčení časem svým.",historical_event_relation,historical_event_relation,0.387,bible_BKR_1Tm.txt
"K čemuž postaven jsem já za kazatele a apoštola, (pravduť pravím v Kristu a neklamámť), za učitele pohanů u víře a pravdě.",genealogical_relation,genealogical_relation,0.587,bible_BKR_1Tm.txt
"Žena ač se učí mlčeci, ve všeliké poddanosti.",wisdom_relation,wisdom_relation,0.591,bible_BKR_1Tm.txt
"Nebo ženě nedopouštím učiti, ani vládnouti nad mužem, ale aby byla v mlčení.",request_relation,request_relation,0.578,bible_BKR_1Tm.txt
"A Adam nebyl sveden, ale žena svedena jsuci, příčinou přestoupení byla.",historical_event_relation,historical_event_relation,0.488,bible_BKR_1Tm.txt
"Ale musíť biskup býti bez úhony, jedné manželky muž, bedlivý, středmý, vážný, k hostem přívětivý, způsobný k učení,",lyrical_relation,lyrical_relation,0.398,bible_BKR_1Tm.txt
"Ne piján vína, ne bitec, ani mrzkého zisku žádostivý, ale mírný, ne svárlivý, ne lakomec,",wisdom_relation,wisdom_relation,0.574,bible_BKR_1Tm.txt
"(Nebo jestliže kdo domu svého spraviti neumí, kterak o církev Páně pečovati bude?)",historical_event_relation,historical_event_relation,0.571,bible_BKR_1Tm.txt
"Starší v Kristu vyvolené paní i synům jejím, kteréž já miluji v pravdě, a ne sám já, ale i všickni, kteříž poznali pravdu,",prophetic_relation,prophetic_relation,0.379,bible_BKR_2J.txt
"A nyní prosím tebe, paní, ne jako nové přikázaní předkládaje tobě, ale to, kteréž jsme měli od počátku, abychom milovali jedni druhé.",lyrical_relation,lyrical_relation,0.296,bible_BKR_2J.txt
"A totoť jest ta láska, abychom chodili podlé přikázaní jeho. Přikázaní pak toto jest, jakž jste slýchali od počátku, abyste v něm chodili.",reported_speech,reported_speech,0.553,bible_BKR_2J.txt
"Hleďtež sebe, abychom neztratili toho, o čemž jsme pracovali, ale odplatu plnou abychom vzali.",descriptive_relation,descriptive_relation,0.541,bible_BKR_2J.txt
"Každý, kdož přestupuje, a nezůstává v učení Kristovu, nemá Boha; kdož zůstává v učení Kristovu, tenť i Otce i Syna má.",descriptive_relation,descriptive_relation,0.496,bible_BKR_2J.txt
"Nebo kdož takového pozdravuje, obcuje skutkům jeho zlým.",descriptive_relation,descriptive_relation,0.558,bible_BKR_2J.txt
"Mnoho vám psáti měv, nechtěl jsem se svěřiti černidlu a papíru, ale mámť naději, že k vám přijdu, a ústy k ústům mluviti budu, aby radost naše plná byla.",historical_event_relation,historical_event_relation,0.536,bible_BKR_2J.txt
"Pavel apoštol Ježíše Krista skrze vůli Boží, a Timoteus bratr, církvi Boží, kteráž jest v Korintu, se všechněmi svatými, kteříž jsou ve vší Achaii:",genealogical_relation,genealogical_relation,0.458,bible_BKR_2K.txt
Milost vám a pokoj od Boha Otce našeho a Pána Jezukrista.,genealogical_relation,genealogical_relation,0.494,bible_BKR_2K.txt
"Požehnaný Bůh a Otec Pána našeho Jezukrista, Otec milosrdenství, a Bůh všelikého potěšení,",lyrical_relation,lyrical_relation,0.279,bible_BKR_2K.txt
"Nebo buď že ssouženi jsme, pro vaše potěšení a spasení, kteréž se působí v snášení týchž trápení, kteráž i my trpíme; buď že potěšováni býváme, pro vaše potěšení a spasení. A naděje naše pevná jest o vás,",reported_speech,reported_speech,0.471,bible_BKR_2K.txt
"Poněvadž víme, že jakož jste účastníci utrpení, tak i potěšení.",request_relation,request_relation,0.41,bible_BKR_2K.txt
"Kterýž od takové smrti vytrhl nás, a vytrhuje, v něhož doufáme, že i ještě vytrhne,",historical_event_relation,historical_event_relation,0.461,bible_BKR_2K.txt
"Když i vy nám pomáhati budete modlitbami za nás, aby z daru toho, příčinou mnohých osob nám daného, od mnohých děkováno bylo z nás.",reported_speech,reported_speech,0.584,bible_BKR_2K.txt
"Nebo chlouba naše tato jest, svědectví svědomí našeho, že v sprostnosti a v upřímosti Boží, ne v moudrosti tělesné, ale v milosti Boží obcovali jsme na světě, zvláště pak u vás.",historical_event_relation,historical_event_relation,0.375,bible_BKR_2K.txt
"Jakož jste i poznali nás z částky, žeť jsme chlouba vaše, podobně jako i vy naše, v den Pána Ježíše.",historical_event_relation,historical_event_relation,0.569,bible_BKR_2K.txt
"O tom pak když jsem přemyšloval, zdali jsem co lehkomyslně činil? Aneb což přemyšluji, zdali podlé těla přemyšluji, tak aby bylo při mně: Jest, jest, není, není?",genealogical_relation,genealogical_relation,0.443,bible_BKR_2K.txt
"Anobrž víť věrný Bůh, že řeč naše k vám nebyla: Jest, a není.",wisdom_relation,wisdom_relation,0.455,bible_BKR_2K.txt
"Já pak Boha za svědka beru na svou duši, že lituje vás, ještě jsem nepřišel do Korintu.",historical_event_relation,historical_event_relation,0.529,bible_BKR_2K.txt
"Nebo z velikého ssoužení a bolesti srdce psal jsem vám, s mnohými slzami, ne abyste zarmouceni byli, ale abyste poznali lásku, kterouž k vám velikou mám.",lyrical_relation,lyrical_relation,0.4,bible_BKR_2K.txt
"Tak abyste naproti tomu již raději odpustili, a potěšili ho, aby snad přílišným zámutkem nebyl sehlcen takový.",genealogical_relation,genealogical_relation,0.549,bible_BKR_2K.txt
"Nebo i proto psal jsem, abych zkušením zvěděl, jste-li ve všem poslušni.",lyrical_relation,lyrical_relation,0.393,bible_BKR_2K.txt
"Komuž pak vy co odpouštíte, i já. Nebo i já, jestliže jsem co odpustil, komuž jsem odpustil, pro vás jsem učinil, před oblíčejem Kristovým, abychom nebyli oklamáni od satana.",request_relation,request_relation,0.493,bible_BKR_2K.txt
Neboť nejsou nám myšlení jeho neznámá.,historical_event_relation,historical_event_relation,0.5,bible_BKR_2K.txt
"Ale požehnav jich, odšel jsem do Macedonie.",request_relation,request_relation,0.557,bible_BKR_2K.txt
"A Ochoziáš spadl skrze mříži paláce svého letního, kterýž byl v Samaří, a stonal. I poslal posly, řka jim: Jděte, pilně se ptejte Belzebuba, boha Akaron, povstanu-li z nemoci této?",descriptive_relation,descriptive_relation,0.559,bible_BKR_2Kr.txt
"Ale anděl Hospodinův řekl Eliášovi Tesbitskému: Vstana, jdi vstříc poslům krále Samařského a mluv k nim: Zdali není Boha v Izraeli, že jdete dotazovati se Belzebuba, boha Akaron?",autoclitic_relation,autoclitic_relation,0.451,bible_BKR_2Kr.txt
"A když se navrátili poslové k němu, řekl jim: Pročež jste se zase vrátili?",reported_speech,reported_speech,0.43,bible_BKR_2Kr.txt
"Opět poslal k němu král padesátníka jiného s padesáti jeho. Kterýž mluvil a řekl jemu: Muži Boží, takto rozkázal král: Rychle sstup dolů.",lyrical_relation,lyrical_relation,0.519,bible_BKR_2Kr.txt
"Ještě poslal padesátníka třetího s padesáti jeho. Pročež vstoupiv, přišel ten třetí padesátník, a klekl na kolena svá před Eliášem, a prose ho pokorně, řekl jemu: Muži Boží, prosím, nechť jest drahá duše má i duše služebníků tvých padesáti těchto před očima tvýma.",reported_speech,reported_speech,0.487,bible_BKR_2Kr.txt
"Řekl pak anděl Hospodinův Eliášovi: Sstup s ním, neboj se nic tváři jeho. Tedy vstav, šel s ním k králi.",descriptive_relation,descriptive_relation,0.324,bible_BKR_2Kr.txt
"A mluvil jemu: Takto praví Hospodin: Proto že jsi poslal posly tázati se Belzebuba, boha Akaron, (jako by nebylo Boha v Izraeli, abys se tázal slova jeho), protož s ložce, na kterémžs se složil, nesejdeš, ale jistotně umřeš.",wisdom_relation,wisdom_relation,0.305,bible_BKR_2Kr.txt
"I umřel podlé řeči Hospodinovy, kterouž mluvil Eliáš, a kraloval Joram místo něho léta druhého Jehorama syna Jozafatova, krále Judského; nebo on neměl syna.",prophetic_relation,prophetic_relation,0.54,bible_BKR_2Kr.txt
"I řekl Eliáš Elizeovi: Medle, poseď tuto, nebo Hospodin poslal mne až do Bethel. Jemuž řekl Elizeus: Živť jest Hospodin, a živať jest duše tvá, žeť se tebe nespustím. I přišli do Bethel.",wisdom_relation,wisdom_relation,0.401,bible_BKR_2Kr.txt
"Tedy vyšli synové proročtí, kteříž byli v Bethel, k Elizeovi a řekli jemu: Víš-liž, že dnes Hospodin vezme pána tvého od tebe? Kterýž odpověděl: A já vím, mlčte.",reported_speech,reported_speech,0.583,bible_BKR_2Kr.txt
"Opět řekl jemu Eliáš: Elizee, medle poseď tuto, nebo Hospodin poslal mne do Jericha. Kterýž odpověděl: Živť jest Hospodin, a živať jest duše tvá, žeť se tebe nespustím. I přišli do Jericha.",request_relation,request_relation,0.433,bible_BKR_2Kr.txt
"Řekl mu ještě Eliáš: Poseď medle tuto, nebo Hospodin poslal mne k Jordánu. Kterýž odpověděl: Živť jest Hospodin, a živať jest duše tvá, žeť se tebe nespustím. Šli tedy oba.",reported_speech,reported_speech,0.425,bible_BKR_2Kr.txt
"A vzav Eliáš plášť svůj, svinul jej a udeřil na vodu. I rozdělila se sem i tam, tak že přešli oba po suše.",lyrical_relation,lyrical_relation,0.534,bible_BKR_2Kr.txt
"V tom když přešli, řekl Eliáš Elizeovi: Žádej sobě, co chceš, prvé než vzat budu od tebe. I řekl Elizeus: Nechť jest, prosím, dvojnásobní díl ducha tvého na mně.",request_relation,request_relation,0.526,bible_BKR_2Kr.txt
"A zdvih plášť Eliášův, kterýž byl spadl s něho, navrátil se a stál na břehu Jordánském.",historical_event_relation,historical_event_relation,0.523,bible_BKR_2Kr.txt
"Tedy vzav plášť Eliášův, kterýž byl spadl s něho, udeřil na vodu a řekl: Kdež jest Hospodin Bůh Eliášův i on sám? A udeřil, pravím, na vodu, kteráž rozstoupila se sem i tam. I přešel Elizeus.",reported_speech,reported_speech,0.486,bible_BKR_2Kr.txt
"Což vidouce synové proročtí z Jericha, naproti stojíce, řekli: Odpočinul duch Eliášův na Elizeovi. I šli proti němu a poklonili se mu až k zemi.",prophetic_relation,prophetic_relation,0.41,bible_BKR_2Kr.txt
"A když se k němu navrátili, (on pak bydlil v Jerichu), řekl jim: Zdaliž jsem vám neřekl: Nechoďte?",request_relation,request_relation,0.563,bible_BKR_2Kr.txt
"Tedy řekl: Přineste mi nádobu novou, a dejte do ní soli. I přinesli mu.",genealogical_relation,genealogical_relation,0.568,bible_BKR_2Kr.txt
"A vyšed k pramenu těch vod, vsypal tam sůl a řekl: Takto praví Hospodin: Uzdravuji vody tyto; nebudeť více odtud smrti, ani nedochůdčete.",descriptive_relation,descriptive_relation,0.503,bible_BKR_2Kr.txt
"Šimon Petr, služebník a apoštol Ježíše Krista, těm, kteříž spolu s námi zaroveň drahé dosáhli víry, pro spravedlnost Boha našeho a spasitele Jezukrista:",descriptive_relation,descriptive_relation,0.462,bible_BKR_2P.txt
"Jakož nám od jeho Božské moci všecko, což k životu a ku pobožnosti náleželo, darováno jest, skrze známost toho, kterýž povolal nás k slávě a k ctnosti;",autoclitic_relation,autoclitic_relation,0.327,bible_BKR_2P.txt
"Na to tedy samo všecku snažnost vynaložíce, přičinějte k víře své ctnost, a k ctnosti umění,",reported_speech,reported_speech,0.455,bible_BKR_2P.txt
"Ku pobožnosti pak bratrstva milování, a k milování bratrstva lásku.",reported_speech,reported_speech,0.215,bible_BKR_2P.txt
"Ty zajisté věci když budou při vás a rozhojní se, ne prázdné, ani neužitečné postaví vás v známosti Pána našeho Jezukrista.",historical_event_relation,historical_event_relation,0.51,bible_BKR_2P.txt
"Nebo při komž není těchto věcí, slepýť jest, toho, což vzdáleno jest, nevida, zapomenuv se na očištění svých starých hříchů.",prophetic_relation,prophetic_relation,0.386,bible_BKR_2P.txt
Takť zajisté hojné způsobeno vám bude vjití k věčnému království Pána našeho a spasitele Jezukrista.,lyrical_relation,lyrical_relation,0.559,bible_BKR_2P.txt
"Protož nezanedbámť vždycky vám připomínati těch věcí, ačkoli umělí i utvrzení jste v přítomné pravdě.",reported_speech,reported_speech,0.453,bible_BKR_2P.txt
"Neboť to mám za spravedlivé, dokudž jsem v tomto stánku, abych vás probuzoval napomínáním,",descriptive_relation,descriptive_relation,0.55,bible_BKR_2P.txt
"Přičinímť se tedy všelijak o to, abyste vy po odchodu mém na ty věci rozpomínati se mohli.",wisdom_relation,wisdom_relation,0.495,bible_BKR_2P.txt
"Přijalť zajisté od Boha Otce čest a slávu, když se stal k němu hlas takový od velebné slávy: Tentoť jest ten můj milý Syn, v němž mi se zalíbilo.",request_relation,request_relation,0.374,bible_BKR_2P.txt
"Toto nejprvé znajíce, že žádného proroctví písma výklad nezáleží na rozumu lidském.",historical_event_relation,historical_event_relation,0.546,bible_BKR_2P.txt
"Bývali pak i falešní proroci v lidu, jakož i mezi vámi budou falešní učitelé, kteříž uvedou sekty zatracení, i toho Pána, kterýž je vykoupil, zapírajíce, uvodíce na sebe rychlé zahynutí.",genealogical_relation,genealogical_relation,0.421,bible_BKR_2P.txt
"Nebo poněvadžť Bůh andělům, kteříž zhřešili, neodpustil, ale strhna je do žaláře, řetězům mrákoty oddal, aby k odsouzení chováni byli,",genealogical_relation,genealogical_relation,0.579,bible_BKR_2P.txt
"Ten zajisté spravedlivý, bydliv mezi nimi, den ode dne hleděním i slyšením spravedlivou duši nešlechetnými jejich skutky trápil:",reported_speech,reported_speech,0.516,bible_BKR_2P.txt
"Umíť Pán pobožné z pokušení vytrhnouti, nepravých pak ke dni soudu potrestaných dochovati,",genealogical_relation,genealogical_relation,0.325,bible_BKR_2P.txt
"Ješto andělé, jsouce větší v síle a v moci nevynášejí proti nim přede Pánem potupného soudu.",descriptive_relation,descriptive_relation,0.518,bible_BKR_2P.txt
"Tito pak jako nerozumná hovada, kteráž za přirozením jdou, zplozená k zjímání a k zahynutí, tomu, čemuž nerozumějí, rouhajíce se, v tom svém porušení zahynou,",reported_speech,reported_speech,0.572,bible_BKR_2P.txt
"Oči majíce plné cizoložstva, a bez přestání hřešící, přeluzujíce duše neustavičné, srdce majíce vycvičené v lakomství, synové zlořečenství.",reported_speech,reported_speech,0.437,bible_BKR_2P.txt
"Kteříž opustivše cestu přímou, zbloudili, následujíce cesty Balámovy syna Bozorova, kterýž mzdu nepravosti zamiloval.",genealogical_relation,genealogical_relation,0.575,bible_BKR_2P.txt
"Nebo přepyšně marné věci vypravujíce, žádostmi těla a chlipnostmi loudí ty, kteříž byli v pravdě utekli od těch, jenž bludu obcují,",wisdom_relation,wisdom_relation,0.507,bible_BKR_2P.txt
"I řekl Šalomoun Bohu: Ty jsi učinil otci mému Davidovi milosrdenství veliké, mne jsi též ustanovil králem místo něho.",descriptive_relation,descriptive_relation,0.399,bible_BKR_2Pa.txt
"Protož dej mi moudrost a umění, aťbych vycházeti mohl před lidem tímto i vcházeti. Nebo kdož by mohl souditi tento lid tvůj tak mnohý?",lyrical_relation,lyrical_relation,0.59,bible_BKR_2Pa.txt
"Tedy odpověděl Bůh Šalomounovi: Proto že bylo to v srdci tvém, a nežádal jsi bohatství, ani zboží, ani slávy, ani bezživotí těch, jenž tebe nenávidí, aniž jsi také za dlouhý věk žádal, ale žádal jsi sobě moudrosti a umění, abys soudil lid můj, nad nímž jsem tě ustanovil za krále:",request_relation,request_relation,0.593,bible_BKR_2Pa.txt
"Moudrost a umění dáno jest tobě, k čemužť přidám i bohatství a zboží, i slávy, tak že žádný z králů, kteříž byli před tebou, nebyl tobě rovný, aniž bude po tobě takového.",prophetic_relation,prophetic_relation,0.37,bible_BKR_2Pa.txt
"Nashromáždil pak Šalomoun vozů a jezdců, a měl tisíc a čtyři sta vozů, a dvanácte tisíc jezdců, kteréž rozsadil do měst vozů, a při králi v Jeruzalémě.",lyrical_relation,lyrical_relation,0.551,bible_BKR_2Pa.txt
"A vycházejíce, vodívali spřež vozníků z Egypta za šest set lotů stříbra, koně pak za půl druhého sta. A tak všechněm králům Hetejským i králům Syrským oni dodávali.",descriptive_relation,descriptive_relation,0.368,bible_BKR_2Pa.txt
"A umíniv Šalomoun stavěti dům jménu Hospodinovu, a dům svůj královský,",lyrical_relation,lyrical_relation,0.529,bible_BKR_2Pa.txt
"Poslal také Šalomoun k Chíramovi králi Tyrskému, řka: Jakž jsi se choval k Davidovi otci mému, posílaje mu dříví cedrové, aby sobě stavěl dům k bydlení, tak čiň i mně.",request_relation,request_relation,0.553,bible_BKR_2Pa.txt
"Ač kdo jest, ješto by mohl dům jemu vystavěti, poněvadž ho nebe i nebesa nebes obsáhnouti nemohou? Ano i já kdo jsem, abych jemu dům vystavěti měl, než toliko k tomu, aby se kadilo před ním?",wisdom_relation,wisdom_relation,0.452,bible_BKR_2Pa.txt
"Protož nyní pošli mi muže umělého, kterýž by uměl dělati na zlatě, na stříbře, na mědi, na železe, i z zlatohlavu a z červce, a z postavce modrého, a kterýž by uměl řezati řezby s jinými umělými, kteříž jsou u mne v Judstvu a v Jeruzalémě, kteréž zjednal David otec můj.",lyrical_relation,lyrical_relation,0.516,bible_BKR_2Pa.txt
"Přes to pošli mi také dříví cedrového a jedlového, a algumim z Libánu; nebo vím, že služebníci tvoji umějí sekati dříví Libánské. A hle, služebníci moji budou s služebníky tvými,",request_relation,request_relation,0.463,bible_BKR_2Pa.txt
"A aj, dám na dělníky, kteříž sekati mají dříví, pšenice semlené služebníkům tvým dvadcet tisíc měr, a dvadcet tisíc měr ječmene, a dvadcet tisíc lák vína, a dvadcet tisíc tun oleje.",request_relation,request_relation,0.408,bible_BKR_2Pa.txt
"I odpověděl Chíram král Tyrský psáním, kteréž poslal k Šalomounovi: Jistě, žeť miluje Hospodin lid svůj, protož tě ustanovil nad nimi za krále.",request_relation,request_relation,0.52,bible_BKR_2Pa.txt
"Řekl dále Chíram: Požehnaný Hospodin Bůh Izraelský, kterýž učinil nebe i zemi, a kterýž dal králi Davidovi syna moudrého, umělého, rozumného a opatrného, aby vystavěl dům Hospodinu a dům svůj královský.",reported_speech,reported_speech,0.499,bible_BKR_2Pa.txt
"My pak nasekáme dříví z Libánu, což ho koli bude potřebí tobě, a připlavíme je tobě v vořích po moři k Joppe, a ty dáš je voziti do Jeruzaléma.",lyrical_relation,lyrical_relation,0.465,bible_BKR_2Pa.txt
I řekl jemu David: Odkud jdeš? Jemuž odpověděl: Z vojska Izraelského utekl jsem.,request_relation,request_relation,0.372,bible_BKR_2S.txt
"Opět řekl jemu David: Cože se stalo? Medle, pověz mi. Kterýž odpověděl: To, že utekl lid z boje, a množství lidu padlo a zbito jest; též i Saul i Jonata syn jeho zbiti jsou.",reported_speech,reported_speech,0.472,bible_BKR_2S.txt
"Kterýžto ohlédna se zpátkem, uzřel mne a zavolal na mne. I řekl jsem: Aj, teď jsem.",genealogical_relation,genealogical_relation,0.598,bible_BKR_2S.txt
"I řekl mi: Přistup medle sem a zabí mne, nebo mne obklíčila úzkost, a ještě všecka duše má jest ve mně.",historical_event_relation,historical_event_relation,0.446,bible_BKR_2S.txt
"Tedy David uchytiv roucho své, roztrhl je; tolikéž i všickni muži, kteříž s ním byli.",lyrical_relation,lyrical_relation,0.488,bible_BKR_2S.txt
"A nesouce smutek, plakali a postili se až do večera pro Saule a pro Jonatu syna jeho, i pro lid Hospodinův a pro dům Izraelský, že padli od meče.",request_relation,request_relation,0.416,bible_BKR_2S.txt
"Řekl pak David mládenci, kterýž mu to oznámil: Odkud jsi ty? Odpověděl: Syn muže příchozího Amalechitského jsem.",reported_speech,reported_speech,0.473,bible_BKR_2S.txt
"I řekl jemu David: Krev tvá budiž na hlavu tvou, neboť jsou ústa tvá svědčila na tebe, řkouce: Já jsem zabil pomazaného Hospodinova.",reported_speech,reported_speech,0.465,bible_BKR_2S.txt
"(Přikázav však, aby synové Judovi učeni byli stříleti z luku, jakož psáno v knize Upřímého.):",historical_event_relation,historical_event_relation,0.56,bible_BKR_2S.txt
"Ó kráso Izraelská, na výsostech tvých zraněni, jakť jsou padli udatní!",historical_event_relation,historical_event_relation,0.505,bible_BKR_2S.txt
"Neoznamujtež v Gát, ani toho ohlašujte na ulicích Aškalon, aby se neveselily dcery Filistinských, a neplésaly dcery neobřezaných.",autoclitic_relation,autoclitic_relation,0.519,bible_BKR_2S.txt
"Ó hory Gelboe, ani rosa, ani déšť nespadej na vás, ani tu buď pole úrodné; nebo tam jest povržen štít udatných, štít Saulův, jako by nebyl pomazán olejem.",reported_speech,reported_speech,0.551,bible_BKR_2S.txt
"Od krve raněných a od tuku udatných lučiště Jonatovo nikdy zpět neodskočilo, a meč Saulův nenavracoval se prázdný.",historical_event_relation,historical_event_relation,0.493,bible_BKR_2S.txt
"Dcery Izraelské, plačte Saule, kterýž vás odíval červcem dvakrát barveným rozkošně, kterýž dával ozdoby zlaté na roucha vaše.",reported_speech,reported_speech,0.535,bible_BKR_2S.txt
"Velice jsem po tobě teskliv, bratře můj Jonato. Byl jsi mi příjemný náramně; vzácnější u mne byla milost tvá nežli milost žen.",lyrical_relation,lyrical_relation,0.346,bible_BKR_2S.txt
"Ach, jakť jsou padli udatní, a zahynula odění válečná.",reported_speech,reported_speech,0.55,bible_BKR_2S.txt
"I stalo se potom, že se David tázal Hospodina, řka: Mám-li jíti do některého města Judského? Jemuž odpověděl Hospodin: Jdi. I řekl David: Kam mám jíti? Odpověděl: Do Hebronu.",lyrical_relation,lyrical_relation,0.576,bible_BKR_2S.txt
"Protož nyní učiniž s vámi Hospodin milosrdenství a pravdu; ano i jáť s vámi učiním milost, kteříž jste to učinili.",reported_speech,reported_speech,0.494,bible_BKR_2S.txt
"Abner pak syn Nerův, hejtman vojska Saulova, vzal Izbozeta syna Saulova a uvedl ho do Mahanaim.",request_relation,request_relation,0.586,bible_BKR_2S.txt
"Ve čtyřidcíti letech byl Izbozet syn Saulův, když počal kralovati nad Izraelem, a kraloval dvě létě. (Toliko dům Judův přídržel se Davida.",reported_speech,reported_speech,0.336,bible_BKR_2S.txt
"A byl počet dnů, v nichž byl David králem v Hebronu nad domem Judovým, sedm let a šest měsíců.)",autoclitic_relation,autoclitic_relation,0.563,bible_BKR_2S.txt
Pavel a Silván a Timoteus církvi Tessalonicenské v Bohu Otci našem a Pánu Ježíši Kristu:,genealogical_relation,genealogical_relation,0.568,bible_BKR_2Te.txt
"Tak že my se vámi v zbořích Božích chlubíme, vaší trpělivostí a věrou ve všech protivenstvích vašich a ssouženích, kteráž snášíte.",genealogical_relation,genealogical_relation,0.467,bible_BKR_2Te.txt
"Když přijde, aby oslaven byl v svatých, a předivný ukázal se ve všech věřících, (nebo uvěřeno jest svědectví našemu u vás), v onen den.",prophetic_relation,prophetic_relation,0.496,bible_BKR_2Te.txt
"Aby oslaveno bylo jméno Pána našeho Jezukrista v vás, a vy v něm, podlé milosti Boha našeho, a Pána Jezukrista.",lyrical_relation,lyrical_relation,0.577,bible_BKR_2Te.txt
"Abyste se nedali rychle vyrážeti z mysli, ani kormoutiti, buď skrze ducha, buď skrze řeč, neb skrze list, jako od nás poslaný, jako by nastával den Kristův.",reported_speech,reported_speech,0.57,bible_BKR_2Te.txt
"Nesvodiž vás žádný nižádným obyčejem. Neboť nenastane, leč až prvé přijde odstoupení, a zjeven bude ten člověk hřícha, syn zatracení,",reported_speech,reported_speech,0.481,bible_BKR_2Te.txt
"Protivící a povyšující se nade všecko, což slove Bůh, aneb čemuž se děje Božská čest, tak že se v chrámě Božím jako Bůh posadí, počínaje sobě, jako by byl Bůh.",autoclitic_relation,autoclitic_relation,0.551,bible_BKR_2Te.txt
"Nepomníte-liž, že ještě byv u vás, o tom jsem vám pravil?",reported_speech,reported_speech,0.498,bible_BKR_2Te.txt
"Nebo již tajemství nepravosti působí, toliko až by ten, kterýž jej zdržuje nyní, z prostředku byl vyvržen.",historical_event_relation,historical_event_relation,0.545,bible_BKR_2Te.txt
"A tehdážť zjeven bude ten bezbožník, kteréhož Pán zabije duchem úst svých, a zkazí zjevením jasné přítomnosti své,",descriptive_relation,descriptive_relation,0.596,bible_BKR_2Te.txt
"A se všelikým podvodem nepravosti, v těch, kteříž hynou, proto že lásky pravdy nepřijali, aby spaseni byli.",lyrical_relation,lyrical_relation,0.482,bible_BKR_2Te.txt
"A protož pošle jim Bůh mocné dílo podvodů aby věřili lži,",autoclitic_relation,autoclitic_relation,0.467,bible_BKR_2Te.txt
"Myť pak jsme povinni děkovati Bohu vždycky z vás, bratří Pánu milí, že vyvolil vás Bůh od počátku k spasení, v posvěcení Ducha, a u víře pravdy,",lyrical_relation,lyrical_relation,0.43,bible_BKR_2Te.txt
"K čemuž povolal vás skrze evangelium naše, k dojití slávy Pána našeho Jezukrista.",reported_speech,reported_speech,0.488,bible_BKR_2Te.txt
"A protož, bratří, stůjtež, a držtež se učení vydaného, jemuž jste se naučili, buď skrze řeč, buď skrze list náš.",genealogical_relation,genealogical_relation,0.555,bible_BKR_2Te.txt
"Ten pak náš Pán Ježíš Kristus, a Bůh i Otec náš, kterýž zamiloval nás, a dal potěšení věčné, a naději dobrou z milosti,",autoclitic_relation,autoclitic_relation,0.491,bible_BKR_2Te.txt
"Potěšujž srdcí vašich, a utvrdiž vás v každém slovu i skutku dobrém.",reported_speech,reported_speech,0.504,bible_BKR_2Te.txt
"Dále pak, bratří, modlte se za nás, aby slovo Páně rozmáhalo se a slaveno bylo, jako i u vás,",descriptive_relation,descriptive_relation,0.533,bible_BKR_2Te.txt
A abychom vysvobozeni byli od nezbedných a zlých lidí. Neboť ne všech jest víra.,lyrical_relation,lyrical_relation,0.522,bible_BKR_2Te.txt
"Pán pak spravujž srdce vaše k lásce Boží, a k trpělivému očekávání Krista.",reported_speech,reported_speech,0.425,bible_BKR_2Te.txt
"Přikazujemeť pak vám, bratří, ve jménu Pána našeho Jezukrista, abyste se oddělovali od každého bratra, kterýž by se choval neřádně, a ne podlé naučení vydaného, kteréž přijal od nás.",prophetic_relation,prophetic_relation,0.498,bible_BKR_2Te.txt
"Nebo sami víte, kterak jest potřebí následovati nás, poněvadž jsme se nechovali mezi vámi neslušně.",request_relation,request_relation,0.507,bible_BKR_2Te.txt
"Aniž jsme darmo chleba jedli u koho, ale s prací a s těžkostí, ve dne i v noci dělajíce, abychom žádnému z vás nebyli k obtížení.",historical_event_relation,historical_event_relation,0.239,bible_BKR_2Te.txt
"Ne jako bychom neměli k tomu práva, ale abychom se vám za příklad vydali, abyste nás následovali.",descriptive_relation,descriptive_relation,0.511,bible_BKR_2Te.txt
"Slyšímeť zajisté, že někteří mezi vámi chodí nezpůsobně, nic nedělajíce, ale v neužitečné věci se vydávajíce.",wisdom_relation,wisdom_relation,0.475,bible_BKR_2Te.txt
"Pavel, apoštol Ježíše Krista, skrze vůli Boží, podlé zaslíbení života, kterýž jest v Kristu Ježíši,",request_relation,request_relation,0.402,bible_BKR_2Tm.txt
"Díky činím Bohu, jemuž sloužím, jako i předkové, v svědomí čistém, že mám na tě ustavičnou pamět na svých modlitbách ve dne i v noci,",prophetic_relation,prophetic_relation,0.463,bible_BKR_2Tm.txt
"Nebo nedal nám Bůh ducha bázně, ale moci, a milování, a mysli způsobné.",genealogical_relation,genealogical_relation,0.542,bible_BKR_2Tm.txt
"Protož nestyď se za svědectví Pána našeho, ani za mne, vězně jeho, ale čitedlen buď úzkostí pro evangelium podlé moci Boží,",historical_event_relation,historical_event_relation,0.558,bible_BKR_2Tm.txt
"Nyní pak zjevené skrze příští patrné spasitele našeho Jezukrista, kterýž zahladil smrt, život pak na světlo vyvedl, i nesmrtelnost skrze evangelium,",request_relation,request_relation,0.52,bible_BKR_2Tm.txt
"Jehož já ustanoven jsem kazatelem, a apoštolem, i učitelem pohanů.",request_relation,request_relation,0.588,bible_BKR_2Tm.txt
"Mějž jistý příklad zdravých řečí, kteréž jsi slýchal ode mne, u víře a v lásce, kteráž jest v Kristu Ježíši.",lyrical_relation,lyrical_relation,0.414,bible_BKR_2Tm.txt
"Výborného toho pokladu ostříhej, skrze Ducha svatého přebývajícího v nás.",request_relation,request_relation,0.283,bible_BKR_2Tm.txt
"Víš snad o tom, že se odvrátili ode mne všickni, kteříž jsou v Azii, z nichž jest Fygellus a Hermogenes.",descriptive_relation,descriptive_relation,0.583,bible_BKR_2Tm.txt
"Protož ty, synu můj, zmocniž se v milosti, kteráž jest v Kristu Ježíši.",wisdom_relation,wisdom_relation,0.516,bible_BKR_2Tm.txt
"Žádný, kdož rytěřuje, neplete se v obecné živnosti, aby se svému hejtmanu líbil.",reported_speech,reported_speech,0.51,bible_BKR_2Tm.txt
"A jestliže by kdo i bojoval, nebudeť korunován, leč by řádně bojoval.",autoclitic_relation,autoclitic_relation,0.453,bible_BKR_2Tm.txt
"Pamatuj, že Ježíš Kristus vstal z mrtvých, z semene Davidova, podlé evangelium mého.",request_relation,request_relation,0.551,bible_BKR_2Tm.txt
"V kterémžto protivenství trpím, až i vězení, jako bych zločinec byl, ale slovo Boží není u vězení.",lyrical_relation,lyrical_relation,0.469,bible_BKR_2Tm.txt
"A trpíme liť, budeme také spolu s ním kralovati; pakli ho zapíráme, i onť nás zapře.",historical_event_relation,historical_event_relation,0.461,bible_BKR_2Tm.txt
"Tyto věci připomínej, s osvědčováním před oblíčejem Páně, ať se o slova nevadí, což k ničemu není užitečné, ale ku podvrácení posluchačů.",request_relation,request_relation,0.5,bible_BKR_2Tm.txt
"Pilně se snažuj vydati sebe Bohu milého dělníka, za nějž by se nebylo proč styděti, kterýž by právě slovo pravdy rozděloval.",request_relation,request_relation,0.419,bible_BKR_2Tm.txt
"Nepobožné pak ty křiky daremní zastavuj, neboť velmi rozmnožují bezbožnost,",reported_speech,reported_speech,0.489,bible_BKR_2Tm.txt
"A řeč jejich jako rak rozjídá se. Z nichž jest Hymeneus a Filétus,",prophetic_relation,prophetic_relation,0.527,bible_BKR_2Tm.txt
"Ale však pevný základ Boží stojí, maje znamení toto: Znáť Pán ty, kteříž jsou jeho, a: Odstup od nepravosti každý, kdož vzývá jméno Kristovo.",descriptive_relation,descriptive_relation,0.298,bible_BKR_2Tm.txt
"Nejmilejší, žádámť obzvláštně, abys se dobře měl, a zdráv byl, tak jako duše tvá dobře se má.",lyrical_relation,lyrical_relation,0.284,bible_BKR_3J.txt
"Mámeť tedy my takové přijímati, abychom byli pomocníci pravdy.",descriptive_relation,descriptive_relation,0.585,bible_BKR_3J.txt
"Psal jsem zboru vašemu, ale Diotrefes, kterýž stojí o prvotnost mezi nimi, nepřijímá nás.",request_relation,request_relation,0.451,bible_BKR_3J.txt
"Protož přijdu-li tam, připomenuť skutky jeho, kteréž činí, mluvě proti nám zlé řeči. A nemaje dosti na tom, i sám bratří nepřijímá, i těm, kteříž by chtěli, nedopouští, a ze zboru je vylučuje.",prophetic_relation,prophetic_relation,0.482,bible_BKR_3J.txt
"Demetriovi svědectví vydáno jest ode všech, i od samé pravdy; ano i my svědectví o něm vydáváme, a víte, že svědectví naše pravé jest.",historical_event_relation,historical_event_relation,0.583,bible_BKR_3J.txt
Pokoj tobě. Pozdravují tě přátelé. Pozdraviž i ty přátel ze jména.,request_relation,request_relation,0.538,bible_BKR_3J.txt
"Pýcha srdce tvého zklamá tě, ó ty, kterýž bydlíš v rozsedlinách skalních, v převysokém obydlí svém, říkaje v srdci svém: Kdož by mne strhl na zem?",request_relation,request_relation,0.583,bible_BKR_Abd.txt
"Bys pak vysoko udělal jako orlice, nýbrž bys mezi hvězdami položil hnízdo své, i odtud strhnu tě, praví Hospodin.",descriptive_relation,descriptive_relation,0.479,bible_BKR_Abd.txt
"Kterak jsi popléněn? Zdali zloději přišli na tebe? Zdali loupežníci noční? Zdaliž by kradli přes spotřebu svou? Kdyby ti, kteříž zbírají víno, přišli na tebe, zdaž by nepozůstavili aspoň paběrků?",historical_event_relation,historical_event_relation,0.487,bible_BKR_Abd.txt
"Jakť jsou vystiženy věci Ezau, vyhledáni pokladové jeho!",historical_event_relation,historical_event_relation,0.464,bible_BKR_Abd.txt
"Zdaliž v ten den, praví Hospodin, nevyhladím moudrých z země Idumejské, a rozumných s hory Ezau?",lyrical_relation,lyrical_relation,0.414,bible_BKR_Abd.txt
"I budou se děsiti udatní tvoji, ó Temane, proto, že poraženi jsouce, vypléněni budou všickni s hory Ezau.",lyrical_relation,lyrical_relation,0.489,bible_BKR_Abd.txt
"Pro nátisk bratru tvému Jákobovi činěný přikryje tě hanba, a vypléněn budeš na věčnost.",genealogical_relation,genealogical_relation,0.561,bible_BKR_Abd.txt
"Stál jsi v ten den naproti, a když zajímali cizí vojsko jeho, a když cizozemci vcházeli do bran jeho, a o Jeruzalém metali losy, ty jsi také byl jako jeden z nich.",lyrical_relation,lyrical_relation,0.396,bible_BKR_Abd.txt
"Nebo blízko jest den Hospodinův proti všechněm těm národům. Jakž jsi činil, tak se stane tobě, odplata tvá navrátí se na hlavu tvou.",wisdom_relation,wisdom_relation,0.562,bible_BKR_Abd.txt
"Na hoře pak Sion bude vysvobození, a bude svatá, a tak dědičně držeti bude dům Jákobův dědictví svá.",reported_speech,reported_speech,0.441,bible_BKR_Abd.txt
"A tak děditi budou v krajině polední s horou Ezau, i v rovině s Filistinskými; vládnouti také budou krajinou Efraimovou i krajinou Samařskou, a Beniaminovou i Galádskou.",request_relation,request_relation,0.515,bible_BKR_Abd.txt
"I zajaté vojsko toto synů Izraelských v tom, což bylo Kananejských až do Sarepty, zajatí pak Jeruzalémští v tom, což jest na konci panství, děditi budou s městy na poledne.",prophetic_relation,prophetic_relation,0.437,bible_BKR_Abd.txt
"I vstoupí vysvoboditelé na horu Sion, aby soudili horu Ezau, a tak bude Hospodinovo království.",reported_speech,reported_speech,0.496,bible_BKR_Abd.txt
"Nebo aj, já vzbudím Kaldejské, národ lítý a rychlý, kterýž zjezdí všecku širokost země, aby dědičně opanoval příbytky jiných,",historical_event_relation,historical_event_relation,0.588,bible_BKR_Abk.txt
"Strašlivý a hrozný, od něhož soud jeho i vyvýšenost jeho vyjde.",reported_speech,reported_speech,0.565,bible_BKR_Abk.txt
"Tentýž i králům se posmívati bude, a knížata smích jemu budou; tentýž každé pevnosti smáti se bude, a zdělaje náspy, dobude jí.",autoclitic_relation,autoclitic_relation,0.476,bible_BKR_Abk.txt
"Tehdy promění se duch jeho, a přestoupí i zaviní, mysle, že ta moc jeho boha jeho jest.",request_relation,request_relation,0.411,bible_BKR_Abk.txt
"Hospodine Bože můj, Svatý můj, zdaliž ty nejsi od věčnosti? Myť nezemřeme. Hospodine, k soudu postavil jsi jej, ty, ó skálo, k trestání nastrojil jsi ho.",descriptive_relation,descriptive_relation,0.54,bible_BKR_Abk.txt
"S tím-liž se vším předce zatahovati má sít svou, a ustavičně národy mordovati bez lítosti?",lyrical_relation,lyrical_relation,0.585,bible_BKR_Abk.txt
"Aj ten, kdož se zpíná, tohoť duše není upřímá v něm, ale spravedlivý z víry své živ bude.",historical_event_relation,historical_event_relation,0.492,bible_BKR_Abk.txt
"Ovšem pak více opilec, nešlechetnost a pýchu provodě, neostojí v příbytku; kterýž rozšiřuje jako peklo duši svou, jest jako smrt, kteráž se nemůže nasytiti, byť pak shromáždil k sobě všecky národy, a shrnul k sobě všecky lidi.",genealogical_relation,genealogical_relation,0.528,bible_BKR_Abk.txt
"Zdaliž všickni ti proti němu přísloví nevynesou, a světlých slov i pohádek o něm? A neřeknou-liž: Běda tomu, kterýž rozmnožuje věci ne své, (až dokud pak?) a obtěžuje se hustým blátem?",historical_event_relation,historical_event_relation,0.567,bible_BKR_Abk.txt
"Běda tomu, kdož lakomě hledá mrzkého zisku domu svému, aby postavil na místě vysokém hnízdo své, a tak znikl nebezpečenství.",wisdom_relation,wisdom_relation,0.586,bible_BKR_Abk.txt
"Nebo kamení ze zdi křičeti bude, a suk z dřeva posvědčovati bude toho.",descriptive_relation,descriptive_relation,0.518,bible_BKR_Abk.txt
"Sytíš se potupou, proto že jsi slavný. Píti budeš i ty, a obnažen budeš; obejdeť k tobě kalich pravice Hospodinovy, a vývratek mrzutý na slávu tvou.",lyrical_relation,lyrical_relation,0.542,bible_BKR_Abk.txt
"Co prospívá rytina, že ji vyryl řemeslník její? Slitina i učitel lži, že doufá učinitel v účinek svůj, dělaje modly němé?",lyrical_relation,lyrical_relation,0.367,bible_BKR_Abk.txt
"Běda tomu, kterýž říká dřevu: Prociť, a kameni němému: Probuď se. On-liž by učiti mohl? Pohleď na něj. Obloženť jest zlatem a stříbrem, ale není v něm žádného ducha.",lyrical_relation,lyrical_relation,0.412,bible_BKR_Abk.txt
"Hospodin pak v chrámě svatosti své jest, umlkniž před oblíčejem jeho všecka země.",reported_speech,reported_speech,0.53,bible_BKR_Abk.txt
Modlitba Abakuka proroka podlé Šigejonót:,lyrical_relation,lyrical_relation,0.505,bible_BKR_Abk.txt
"Ó Hospodine, uslyšev pohrůžku tvou, ulekl jsem se. Hospodine, dílo své u prostřed let při životu zachovej, u prostřed let známé učiň, v hněvě na milosrdenství se rozpomeň.",lyrical_relation,lyrical_relation,0.467,bible_BKR_Abk.txt
"Pročež stalo se slovo Hospodinovo skrze Aggea proroka, řkoucí:",request_relation,request_relation,0.521,bible_BKR_Ag.txt
"Jest-liž vám čas, abyste vy seděli v domích svých taflovaných, a dům tento pustý stál?",reported_speech,reported_speech,0.584,bible_BKR_Ag.txt
"Sejete mnoho, a shromažďujete málo; jíte, ale nebýváte nasyceni; pijete, ale neuhašujete žízně; obláčíte se, ale žádný nemůže se zahříti; a ten, kdož sobě mzdu shromažďuje, shromažďuje ji do pytlíka děravého.",descriptive_relation,descriptive_relation,0.585,bible_BKR_Ag.txt
Takto praví Hospodin zástupů: Přiložte srdce své k cestám svým.,request_relation,request_relation,0.497,bible_BKR_Ag.txt
"Patříte na mnoho, a aj, maličko jest, a což vnášíte do domu, já to rozdmychuji. Proč se to děje? dí Hospodin zástupů. I pro dům můj, že pustý jest, ješto vy jeden každý pečlivi jste o dům svůj.",lyrical_relation,lyrical_relation,0.537,bible_BKR_Ag.txt
"A tak zavolal jsem sucha na zemi tuto, a na tyto hory, i na obilé, i na víno, a na olej, i na to, což by měla vydávati země, i na lidi, i na dobytek, i na všecku práci rukou.",genealogical_relation,genealogical_relation,0.489,bible_BKR_Ag.txt
"Dne dvadcátého čtvrtého, měsíce šestého, léta druhého Daria krále.",request_relation,request_relation,0.475,bible_BKR_Ag.txt
"Kdo jest mezi vámi pozůstalý, ješto viděl dům ten v slávě jeho první? A jaký vy jej nyní vidíte? Zdaliž není proti onomu jako nic před očima vašima?",prophetic_relation,prophetic_relation,0.397,bible_BKR_Ag.txt
"A však nyní posilň se Zorobábeli, praví Hospodin, posilň se i Jozue synu Jozadakův, kněže nejvyšší, a posilň se všecken lide země této, praví Hospodin, a dodělejte; nebo já s vámi jsem, praví Hospodin zástupů,",descriptive_relation,descriptive_relation,0.59,bible_BKR_Ag.txt
"Pohnu, pravím, všemi národy, a přijdou k Žádoucímu všechněm národům, i naplním dům tento slávou, praví Hospodin zástupů.",prophetic_relation,prophetic_relation,0.502,bible_BKR_Ag.txt
"Dvadcátého čtvrtého dne, devátého měsíce, léta druhého Daria, stalo se slovo Hospodinovo skrze Aggea proroka, řkoucí:",prophetic_relation,prophetic_relation,0.498,bible_BKR_Ag.txt
"Takto praví Hospodin zástupů: Vzeptej se nyní kněží na zákon, řka:",request_relation,request_relation,0.498,bible_BKR_Ag.txt
"Ej, kdyby někdo nesl maso svaté v křídle sukně své, aneb dotkl by se křídlem svým chleba, neb vaření, neb vína, neb oleje, neb jakéžkoli krmě, zdali bude posvěcen? I odpověděli kněží a řekli: Nikoli.",reported_speech,reported_speech,0.383,bible_BKR_Ag.txt
"A podvrátím stolici království, a zkazím sílu království pohanských; podvrátím, pravím, vůz i ty, kteříž na něm jezdí, a sejdou koni i jezdci jejich jeden každý od meče bratra svého.",request_relation,request_relation,0.455,bible_BKR_Ag.txt
"Slova Amosova, (kterýž byl mezi pastýři) z Tekoa, kteráž viděl o Izraelovi za dnů Uziáše krále Judského, a za dnů Jeroboáma syna Joasova, krále Izraelského, dvě létě před země třesením.",reported_speech,reported_speech,0.583,bible_BKR_Am.txt
"I řekl: Hospodin řváti bude z Siona, a z Jeruzaléma vydá hlas svůj, i budou kvíliti salášové pastýřů, a vyschnou pole nejvýbornější.",historical_event_relation,historical_event_relation,0.521,bible_BKR_Am.txt
"Ale pošli oheň na dům Hazaelův, kterýžto zžíře paláce Benadadovy.",descriptive_relation,descriptive_relation,0.563,bible_BKR_Am.txt
"I polámi závoru Damašku, a vypléním obyvatele z údolí Aven, a toho, kterýž drží berlu, z domu Eden, i půjde v zajetí lid Syrský do Kir, dí Hospodin.",request_relation,request_relation,0.541,bible_BKR_Am.txt
"Takto praví Hospodin: Pro troji nešlechetnost Gázy, ovšem pro čtveru neslituji se nad ním, proto že je zajímajíce, v zajetí věčné podrobovali Idumejským.",reported_speech,reported_speech,0.572,bible_BKR_Am.txt
"Ale pošli oheň na zed Gázy, kterýžto zžíře paláce její,",reported_speech,reported_speech,0.418,bible_BKR_Am.txt
"A vypléním obyvatele z Azotu, i toho, kterýž drží berlu, z Aškalon, a obrátím ruku svou proti Akaron, i zahyne ostatek Filistinských, praví Panovník Hospodin.",wisdom_relation,wisdom_relation,0.247,bible_BKR_Am.txt
"Takto praví Hospodin: Pro troji nešlechetnost Týru, ovšem pro čtveru neodpustím jemu, proto že je v zajetí věčné podrobili Idumejským, a nepamatovali na smlouvu bratrskou.",historical_event_relation,historical_event_relation,0.567,bible_BKR_Am.txt
"Ale pošli oheň na zed Tyrskou, kterýžto zžíře paláce jeho.",descriptive_relation,descriptive_relation,0.538,bible_BKR_Am.txt
"Toto praví Hospodin: Pro troji nešlechetnost synů Ammon, ovšem pro čtveru neodpustím jemu, proto že roztínali těhotné Galádské, jen aby rozšiřovali pomezí své.",reported_speech,reported_speech,0.565,bible_BKR_Am.txt
"Ale zanítím oheň na zdi Rabba, kterýžto zžíře paláce její, s troubením v den boje a s bouří v den vichřice.",descriptive_relation,descriptive_relation,0.473,bible_BKR_Am.txt
"Takto praví Hospodin: Pro troji nešlechetnost Moábovu, ovšem pro čtveru neodpustím jemu, proto že spálil kosti krále Idumejského na vápno.",lyrical_relation,lyrical_relation,0.507,bible_BKR_Am.txt
"Ale pošli oheň na Moába, kterýžto zžíře paláce Kariot, i umře s hlukem Moáb, s křikem a s hlasem trouby.",descriptive_relation,descriptive_relation,0.494,bible_BKR_Am.txt
"Ale pošli oheň na Judu, kterýžto zžíře paláce Jeruzalémské.",historical_event_relation,historical_event_relation,0.551,bible_BKR_Am.txt
"Takto praví Hospodin: Pro troji nešlechetnost Izraelovu, ovšem pro čtveru neodpustím jemu, proto že prodávají spravedlivého za peníze, a nuzného za pár střevíců.",descriptive_relation,descriptive_relation,0.556,bible_BKR_Am.txt
"A vás já jsem vyvedl z země Egyptské, a vyvedl jsem vás po poušti čtyřidceti let, abyste dědičně vládli zemí Amorejského.",prophetic_relation,prophetic_relation,0.416,bible_BKR_Am.txt
"Aj, já tlačiti budu zemi vaši tak, jako vůz těžký tlačí snopy.",lyrical_relation,lyrical_relation,0.505,bible_BKR_Am.txt
"I zahyne utíkání od rychlého, silný též neužive síly své, a udatný nevysvobodí života svého.",descriptive_relation,descriptive_relation,0.522,bible_BKR_Am.txt
"Zdaliž zařve lev v lese, když by nebylo žádné loupeže? Vydá-liž lvíček hlas svůj z peleše své, kdyby lapiti neměl?",request_relation,request_relation,0.487,bible_BKR_Am.txt
"Padne-liž ptáče do osídla na zem, když by žádné léčky nebylo? Bude-liž zdviženo osídlo z země, když by nic neuvázlo?",lyrical_relation,lyrical_relation,0.562,bible_BKR_Am.txt
"Nečiníť zajisté Panovník Hospodin ničeho, leč by zjevil tajemství své služebníkům svým prorokům.",reported_speech,reported_speech,0.478,bible_BKR_Am.txt
"Léta třetího kralování Joakima krále Judského, přitáhl Nabuchodonozor král Babylonský k Jeruzalému, a oblehl jej.",reported_speech,reported_speech,0.497,bible_BKR_Da.txt
"I vydal Pán v ruku jeho Joakima krále Judského, a něco nádobí domu Božího. Kterýž zavezl je do země Sinear, do domu boha svého, a nádobí to dal vnésti do domu pokladu boha svého.",lyrical_relation,lyrical_relation,0.411,bible_BKR_Da.txt
"Rozkázal také král Ašpenazovi, správci dvořanů svých, aby přivedl z synů Izraelských, z semene královského a z knížat,",prophetic_relation,prophetic_relation,0.484,bible_BKR_Da.txt
"Ale Daniel uložil v srdci svém, aby se nepoškvrňoval pokrmem z stolu královského, a vínem, kteréž král pil. Pročež hledal toho u správce nad dvořany, aby se nemusil poškvrňovati.",lyrical_relation,lyrical_relation,0.577,bible_BKR_Da.txt
"A řekl správce nad dvořany Danielovi: Já se bojím pána svého krále, kterýž vyměřil pokrm váš a nápoj váš, tak že uzřel-li by, že tváře vaše opadlejší jsou, nežli mládenců těch, kteříž podobně jako i vy chování býti mají, způsobíte mi to u krále, že přijdu o hrdlo.",request_relation,request_relation,0.44,bible_BKR_Da.txt
"Po skonání pak desíti dnů spatříno jest, že tváře jejich byly krásnější, a byli tlustší na těle než všickni mládenci, kteříž jídali pokrm z stolu královského.",request_relation,request_relation,0.429,bible_BKR_Da.txt
"Protož služebník brával ten vyměřený pokrm jejich, a víno nápoje jejich, a dával jim vaření.",prophetic_relation,prophetic_relation,0.296,bible_BKR_Da.txt
"Mládence pak ty čtyři obdařil Bůh povědomostí a rozumností ve všelikém literním umění a moudrostí; nadto Danielovi dal, aby rozuměl všelikému vidění a snům.",lyrical_relation,lyrical_relation,0.592,bible_BKR_Da.txt
I zůstával tu Daniel až do léta prvního Cýra krále.,descriptive_relation,descriptive_relation,0.536,bible_BKR_Da.txt
"Léta pak druhého kralování Nabuchodonozora měl Nabuchodonozor sen, a děsil se duch jeho, až se tudy i ze sna protrhl.",genealogical_relation,genealogical_relation,0.499,bible_BKR_Da.txt
"I mluvili Kaldejští králi Syrsky: Králi, na věky buď živ. Pověz sen služebníkům svým, a oznámímeť výklad.",genealogical_relation,genealogical_relation,0.479,bible_BKR_Da.txt
"Odpověděl král a řekl: Jistotně rozumím tomu, že naschvál odtahujete, vidouce, že mi vyšel z paměti ten sen.",reported_speech,reported_speech,0.586,bible_BKR_Da.txt
"Odpověděli Kaldejští králi a řekli: Není člověka na zemi, kterýž by tu věc králi oznámiti mohl. Nadto žádný král, kníže neb potentát takové věci se nedoptával na žádném mudrci a hvězdáři aneb Kaldeovi.",historical_event_relation,historical_event_relation,0.496,bible_BKR_Da.txt
"Nebo ta věc, na niž se král ptá, nesnadná jest, a není jiného, kdo by ji oznámiti mohl králi, kromě bohů, kteříž bydlení s lidmi nemají.",historical_event_relation,historical_event_relation,0.433,bible_BKR_Da.txt
"A když vyšel ortel, a mudrci mordováni byli, hledali i Daniele a tovaryšů jeho, aby zmordováni byli.",request_relation,request_relation,0.558,bible_BKR_Da.txt
"Pročež Daniel všed, prosil krále, aby jemu prodlel času k oznámení výkladu toho králi.",reported_speech,reported_speech,0.574,bible_BKR_Da.txt
"A odšed Daniel do domu svého, oznámil tu věc Chananiášovi, Mizaelovi a Azariášovi, tovaryšům svým,",wisdom_relation,wisdom_relation,0.435,bible_BKR_Da.txt
"Tato jsou slova, kteráž mluvil Mojžíš ke všemu lidu Izraelskému před Jordánem na poušti, na rovinách proti moři Rudému, mezi Fáran a Tofel a Lában a Hazerot a Dizahab.",request_relation,request_relation,0.508,bible_BKR_Dt.txt
"Stalo se pak čtyřidcátého léta, jedenáctého měsíce, v první den téhož měsíce, že mluvil Mojžíš synům Izraelským všecky věci, kteréž jemu byl přikázal Hospodin oznámiti jim,",prophetic_relation,prophetic_relation,0.393,bible_BKR_Dt.txt
"Hospodin Bůh náš mluvil k nám na Orébě, řka: Dosti jste již na hoře této bydlili.",reported_speech,reported_speech,0.337,bible_BKR_Dt.txt
"Obraťte se, táhněte a jděte k hoře Amorejských, na všecko vůkolí její, buď na roviny, na hory, na údolí, na poledne, i na břehy mořské, k zemi Kananejské a k Libánu, až k řece veliké, k řece Eufrates.",historical_event_relation,historical_event_relation,0.434,bible_BKR_Dt.txt
"Ej, ukázal jsem vám tu zemi; vejdětež do ní, a dědičně vládněte jí, kterouž s přísahou zaslíbil dáti Hospodin otcům vašim, Abrahamovi, Izákovi a Jákobovi, i semeni jejich po nich.",lyrical_relation,lyrical_relation,0.376,bible_BKR_Dt.txt
"(Hospodin Bůh otců vašich rozmnožiž vás nad to, jakž jste nyní, tisíckrát více, a požehnej vám, jakož jest mluvil vám.)",request_relation,request_relation,0.424,bible_BKR_Dt.txt
"Kterak bych nesl sám práci vaši, břímě vaše a nesnáze vaše?",reported_speech,reported_speech,0.461,bible_BKR_Dt.txt
"Vzav tedy přední z pokolení vašich, muže moudré a zkušené, ustanovil jsem je knížaty nad vámi, hejtmany nad tisíci, setníky, padesátníky, desátníky a správce v pokoleních vašich.",historical_event_relation,historical_event_relation,0.516,bible_BKR_Dt.txt
"Nebudete přijímati osoby v soudu; jakž malého tak i velikého slyšeti budete, nebudete se báti žádného, nebo Boží soud jest. Jestliže byste pak měli jakou věc nesnadnou, vznesete na mne, a vyslyším ji.",reported_speech,reported_speech,0.447,bible_BKR_Dt.txt
"Přikázal jsem vám, pravím, toho času všecko, co byste činiti měli.",lyrical_relation,lyrical_relation,0.436,bible_BKR_Dt.txt
"Kterážto řeč líbila se mně, a vzal jsem z vás dvanácte mužů, jednoho muže z každého pokolení.",prophetic_relation,prophetic_relation,0.595,bible_BKR_Dt.txt
"A reptali jste v staních svých, řkouce: Proto že nás v nenávisti měl Hospodin, vyvedl nás z země Egyptské, aby nás vydal v ruce Amorejského, a zahladil nás.",reported_speech,reported_speech,0.529,bible_BKR_Dt.txt
"Hospodin Bůh váš, kterýž jde před vámi, onť bojovati bude za vás rovně tak, jakž učinil s vámi v Egyptě, před očima vašima.",lyrical_relation,lyrical_relation,0.353,bible_BKR_Dt.txt
"Uslyšel pak Hospodin hlas řečí vašich, a rozhněval se, a přisáhl, řka:",historical_event_relation,historical_event_relation,0.556,bible_BKR_Dt.txt
"Kromě Kálefa, syna Jefonova; tenť ji uzří, a jemu dám zemi, po níž chodil, i synům jeho, proto že cele následoval Hospodina.",prophetic_relation,prophetic_relation,0.571,bible_BKR_Dt.txt
"Jozue, syn Nun, kterýž stojí před tebou, onť vejde tam, jeho posilň, nebo on rozdělí ji losem Izraelovi.",lyrical_relation,lyrical_relation,0.523,bible_BKR_Dt.txt
"A dítky vaše, o kterýchž jste pravili, že v loupež budou, a synové vaši, kteříž ještě neznají dobrého ani zlého, oni vejdou do ní, a jim dám ji; oni dědičně ji obdrží.",reported_speech,reported_speech,0.529,bible_BKR_Dt.txt
"Jakož vyvolil nás v něm před ustanovením světa, abychom byli svatí a nepoškvrnění před oblíčejem jeho v lásce,",historical_event_relation,historical_event_relation,0.466,bible_BKR_Ef.txt
"K chvále slávy milosti své, kterouž vzácné nás učinil v tom nejmilejším.",historical_event_relation,historical_event_relation,0.421,bible_BKR_Ef.txt
"V němž máme vykoupení skrze krev jeho, totiž odpuštění hříchů, podlé bohatství milosti jeho,",historical_event_relation,historical_event_relation,0.374,bible_BKR_Ef.txt
"Kterouž rozhojnil k nám ve vší moudrosti a opatrnosti,",autoclitic_relation,autoclitic_relation,0.448,bible_BKR_Ef.txt
"Aby v dokonání plnosti časů v jedno shromáždil všecko v Kristu, buď nebeské věci, buď zemské.",reported_speech,reported_speech,0.487,bible_BKR_Ef.txt
"Nepřestávám díků činiti z vás, zmínku čině o vás na modlitbách svých,",lyrical_relation,lyrical_relation,0.435,bible_BKR_Ef.txt
"A tak osvícené oči mysli vaší, abyste věděli, která by byla naděje povolání jeho, a jaké bohatství slávy dědictví jeho v svatých,",prophetic_relation,prophetic_relation,0.592,bible_BKR_Ef.txt
A kterak jest nesmírná velikost moci jeho k nám věřícím podlé působení mocnosti síly jeho.,historical_event_relation,historical_event_relation,0.517,bible_BKR_Ef.txt
"Kteréž dokázal na Kristu, vzkřísiv jej z mrtvých, a posadiv na pravici své na nebesích,",lyrical_relation,lyrical_relation,0.591,bible_BKR_Ef.txt
"Vysoce nade všecko knížatstvo, i mocnosti, i moci, i panstvo, i nad každé jméno, kteréž se jmenuje, netoliko v věku tomto, ale i v budoucím.",reported_speech,reported_speech,0.532,bible_BKR_Ef.txt
"A všecko poddal pod nohy jeho, a jej dal hlavu nade všecko církvi,",prophetic_relation,prophetic_relation,0.472,bible_BKR_Ef.txt
"Kteráž jest tělo jeho, a plnost všecko ve všech naplňujícího.",prophetic_relation,prophetic_relation,0.531,bible_BKR_Ef.txt
"I vás obživil mrtvé v vinách a hříších,",reported_speech,reported_speech,0.596,bible_BKR_Ef.txt
"V nichž jste někdy chodili podlé obyčeje světa tohoto, a podlé knížete mocného v povětří, ducha toho, kterýž nyní dělá v synech zpoury.",reported_speech,reported_speech,0.134,bible_BKR_Ef.txt
"Také i nás, když jsme mrtví byli v hříších, obživil spolu s Kristem, (milostí spaseni jste),",prophetic_relation,prophetic_relation,0.515,bible_BKR_Ef.txt
"Nebo milostí spaseni jste skrze víru, (a to ne sami z sebe, darť jest to Boží),",reported_speech,reported_speech,0.473,bible_BKR_Ef.txt
"Jsme zajisté jeho dílo, jsouce stvořeni v Kristu Ježíši k skutkům dobrým, kteréž Bůh připravil, abychom v nich chodili.",historical_event_relation,historical_event_relation,0.471,bible_BKR_Ef.txt
"Protož pamatujte, že vy někdy pohané podlé těla, kteříž jste slouli neobřízka od těch, kteříž slouli obřízka na těle, kteráž se působí rukama,",request_relation,request_relation,0.358,bible_BKR_Ef.txt
"Vy jste byli onoho času bez Krista, odcizení od společnosti Izraele, a cizí od úmluv zaslíbení, naděje nemající, a bez Boha na světě.",descriptive_relation,descriptive_relation,0.507,bible_BKR_Ef.txt
"Ale nyní v Kristu Ježíši vy, kteříž jste někdy byli dalecí, blízcí učiněni jste skrze krev Kristovu.",wisdom_relation,wisdom_relation,0.443,bible_BKR_Ef.txt
"Nebo onť jest pokoj náš, kterýž učinil oboje jedno, zbořiv hradbu dělící na různo,",historical_event_relation,historical_event_relation,0.559,bible_BKR_Ef.txt
"A nepřátelství, totiž zákon přikázaní v ustanoveních, vyprázdniv skrze tělo své, aby ty oboje vzdělal v samém sobě v jednoho nového člověka, tak čině pokoj,",historical_event_relation,historical_event_relation,0.531,bible_BKR_Ef.txt
"A v mír uvodě oboje v jenom těle Bohu skrze kříž, vyhladiv nepřátelství skrze něj.",historical_event_relation,historical_event_relation,0.456,bible_BKR_Ef.txt
"Stalo se pak za času krále Asvera, (to jest ten Asverus, jenž kraloval od Indie až k Mouřenínské zemi nad sto dvadcíti a sedmi krajinami),",reported_speech,reported_speech,0.587,bible_BKR_Est.txt
"Že toho času, když seděl král Asverus na stolici království svého, jenž byla v Susan, městě královském,",reported_speech,reported_speech,0.561,bible_BKR_Est.txt
"Léta třetího kralování svého, učinil u sebe hody všechněm knížatům svým a služebníkům svým, nejznamenitějším Perským a Médským, hejtmanům a vládařům nad krajinami,",lyrical_relation,lyrical_relation,0.523,bible_BKR_Est.txt
"Ukazuje bohatství, slávu království svého a čest, i ozdobu důstojnosti své za mnoho dnů, totiž za sto a osmdesáte dnů.",reported_speech,reported_speech,0.579,bible_BKR_Est.txt
"Ale ku pití, podlé nařízení, žádný nenutil. Nebo tak poručil král všechněm správcům domu svého, aby činili podlé vůle jednoho každého.",lyrical_relation,lyrical_relation,0.474,bible_BKR_Est.txt
Také i královna Vasti učinila hody ženám v domě královském krále Asvera.,reported_speech,reported_speech,0.539,bible_BKR_Est.txt
"Aby přivedli Vasti královnu před oblíčej krále v koruně královské, aby okázal národům i knížatům krásu její; nebo velmi krásná byla.",reported_speech,reported_speech,0.539,bible_BKR_Est.txt
"Ale odepřela královna Vasti přijíti k rozkazu královskému, skrze ty komorníky vzkázanému. Pročež král rozhněval se velmi a rozpálil se hněvem sám v sobě.",prophetic_relation,prophetic_relation,0.33,bible_BKR_Est.txt
"Co se má podlé práva státi s královnou Vasti, proto že nevyplnila rozkazu krále Asvera, stalého skrze komorníky?",request_relation,request_relation,0.445,bible_BKR_Est.txt
"Tedy řekl Memuchan před králem i knížaty: Ne proti samému králi zavinila královna Vasti, ale proti všechněm knížatům, a proti všechněm národům všech krajin Asvera krále.",request_relation,request_relation,0.52,bible_BKR_Est.txt
"Nýbrž ještě tohoto dne budou to mluviti kněžny Perské a Médské, (kteréž slyšely, co učinila královna), všechněm knížatům královským, i naplodí se hojně pýchy a zpoury.",descriptive_relation,descriptive_relation,0.573,bible_BKR_Est.txt
"Tak když uslyší výpověd královskou, kterouž vyhlásiti dá po všem království svém, jakkoli veliké jest, všecky ženy v poctivosti míti budou manžely své, od největšího až do nejmenšího.",historical_event_relation,historical_event_relation,0.584,bible_BKR_Est.txt
"I líbila se ta rada králi i knížatům, a učinil král podlé rady Memuchanovy.",reported_speech,reported_speech,0.581,bible_BKR_Est.txt
"I řekli mládenci královští, služebníci jeho: Nechť hledají králi mladic, panen krásných.",wisdom_relation,wisdom_relation,0.593,bible_BKR_Est.txt
"A nechť zřídí král úředníky ve všech krajinách království svého, kteříž by shromáždili všecky mladice, panny krásné, do Susan města královského, do domu ženského, pod stráž Hegai komorníka královského, strážce žen, a ať jim vydává okrasy jejich.",request_relation,request_relation,0.493,bible_BKR_Est.txt
"Byl pak jeden Žid v Susan, městě královském, jménem Mardocheus syn Jairův, syna Simei, syna Cis, z pokolení Beniamin.",genealogical_relation,genealogical_relation,0.47,bible_BKR_Est.txt
"Ale Mardocheus každého dne chodíval před síní domu ženského, aby zvěděl, jak se má Ester, a co se s ní děje.",prophetic_relation,prophetic_relation,0.478,bible_BKR_Est.txt
"Když pak přišel jistý čas jedné každé panny, aby vešla před krále Asvera, když se vyplnilo při ní podlé práva žen, za dvanácte měsíců, (nebo za tolik dnů ozdobovaly se, šest měsíců olejem mirrovým, a šest měsíců věcmi vonnými a ozdobami ženskými),",request_relation,request_relation,0.388,bible_BKR_Est.txt
"A tak přicházela panna před krále. Cožkoli řekla, dávalo se jí, aby s tím šla z domu žen až k domu královskému.",prophetic_relation,prophetic_relation,0.437,bible_BKR_Est.txt
"Tedy když přišel čas jistý Estery, dcery Abichaile, strýce Mardocheova, kterouž byl vzal sobě za dceru, aby vešla k králi, nežádala ničeho, než což řekl Hegai komorník královský, strážce žen. I líbila se Ester všechněm, kteříž ji viděli.",genealogical_relation,genealogical_relation,0.463,bible_BKR_Est.txt
"A tak vzata jest Ester k králi Asverovi do domu jeho královského, měsíce desátého, (jenž jest měsíc Tebet), léta sedmého kralování jeho.",reported_speech,reported_speech,0.578,bible_BKR_Est.txt
"Tato jsou pak jména synů Izraelských, kteříž vešli do Egypta s Jákobem; každý s čeledí svou přišel:",reported_speech,reported_speech,0.596,bible_BKR_Ex.txt
"Dan a Neftalím, Gád a Asser.",lyrical_relation,lyrical_relation,0.491,bible_BKR_Ex.txt
A bylo všech osob pošlých z bedr Jákobových sedmdesáte duší; Jozef pak byl v Egyptě.,request_relation,request_relation,0.392,bible_BKR_Ex.txt
"Synové pak Izraelští rozmnožili se a rodili se v hojnosti; a rozhojňovali se, i zsilili se náramně velmi, a naplněna jest jimi země.",genealogical_relation,genealogical_relation,0.591,bible_BKR_Ex.txt
"V tom povstal král nový v Egyptě, kterýž neznal Jozefa.",lyrical_relation,lyrical_relation,0.38,bible_BKR_Ex.txt
"Protož ustanovili nad ním úředníky, kteříž by plat vybírali, aby je trápili břemeny svými. I vystavěl lid Izraelský Faraonovi města skladů, Fiton a Ramesses.",reported_speech,reported_speech,0.386,bible_BKR_Ex.txt
"Ale čím více trápili jej, tím více rostl a tím se více rozmáhal. I vzali sobě syny Izraelské v ošklivost.",historical_event_relation,historical_event_relation,0.566,bible_BKR_Ex.txt
A tak podrobovali Egyptští syny Izraelské v službu těžkou.,descriptive_relation,descriptive_relation,0.233,bible_BKR_Ex.txt
"I poručil král Egyptský babám Hebrejským, z nichž jedna sloula Sefora a druhá Fua,",descriptive_relation,descriptive_relation,0.52,bible_BKR_Ex.txt
"A řekl: Když budete pomáhati ženám Hebrejským při porodu, a uzříte, že již rodí, byl-li by syn, zabíte ho, pakli dcera, tedy ať jest živa.",request_relation,request_relation,0.532,bible_BKR_Ex.txt
"I odpověděly baby Faraonovi: Nejsou ženy Hebrejské jako ženy Egyptské; nebo ony jsou silnějšího přirození. Dříve než přijde k nim baba, ony porodí.",historical_event_relation,historical_event_relation,0.379,bible_BKR_Ex.txt
"I přikázal Farao všemu lidu svému, řka: Každého syna, kterýž se narodí, do řeky uvrzte; každé pak dcery nechte živé.",prophetic_relation,prophetic_relation,0.331,bible_BKR_Ex.txt
"I počala žena ta, a porodila syna; a viduci, že jest krásný, kryla ho za tři měsíce.",genealogical_relation,genealogical_relation,0.572,bible_BKR_Ex.txt
"A postavila sestru jeho zdaleka, aby zvěděla, co se s ním díti bude.",historical_event_relation,historical_event_relation,0.46,bible_BKR_Ex.txt
"A v tom sešla dcera Faraonova, aby se myla v řece; a děvečky její procházely se po břehu řeky. A uzřevši ošitku mezi rákosím, poslala děvečku svou, a vzala ji.",prophetic_relation,prophetic_relation,0.487,bible_BKR_Ex.txt
"A když otevřela, uzřela dítě; a aj, plakalo pacholátko. A slitovavši se nad ním, řekla: Z dětí Hebrejských jest toto.",prophetic_relation,prophetic_relation,0.472,bible_BKR_Ex.txt
"I řekla sestra jeho k dceři Faraonově: Mám-li jíti a zavolati tobě chůvy z žen Hebrejských, kteráž by odchovala tobě dítě?",lyrical_relation,lyrical_relation,0.438,bible_BKR_Ex.txt
Odpověděla dcera Faraonova: Jdi. Tedy šla děvečka a zavolala matky toho dítěte.,genealogical_relation,genealogical_relation,0.383,bible_BKR_Ex.txt
"I řekla jí dcera Faraonova: Vezmi toto dítě, a odchovej mi je; a jáť dám mzdu tvou. I vzala žena dítě, a chovala je.",historical_event_relation,historical_event_relation,0.565,bible_BKR_Ex.txt
"I stalo se ve dnech těch, když vyrostl Mojžíš, že vyšel k bratřím svým, a hleděl na trápení jejich. Uzřel také muže Egyptského, an tepe muže Hebrejského, jednoho z bratří jeho. A sem i tam se ohlédna, vida, že žádného tu není, zabil Egyptského, a zahrabal jej v písku.",lyrical_relation,lyrical_relation,0.543,bible_BKR_Ex.txt
"Vyšed potom druhého dne, a aj, dva muži Hebrejští vadili se. I řekl tomu, kterýž křivdu činil: Proč tepeš bližního svého?",descriptive_relation,descriptive_relation,0.55,bible_BKR_Ex.txt
"Kterýžto odpověděl: Kdo tě ustanovil knížetem a soudcí nad námi? Zdali zabiti mne myslíš, jako jsi zabil Egyptského? Protož ulekl se Mojžíš a řekl: Jistě známá jest ta věc.",reported_speech,reported_speech,0.542,bible_BKR_Ex.txt
"A uslyšav Farao tu věc, hledal zabiti Mojžíše. Ale Mojžíš utekl od tváři Faraonovy, a bydlil v zemi Madianské; i usadil se podlé studnice.",descriptive_relation,descriptive_relation,0.545,bible_BKR_Ex.txt
"A když se navrátily k Raguelovi, otci svému, řekl on: Jakž jste to dnes tak brzo přišly?",historical_event_relation,historical_event_relation,0.419,bible_BKR_Ex.txt
"Stalo se pak třidcátého léta, čtvrtého měsíce, dne pátého, když jsem byl mezi zajatými u řeky Chebar, že otevřína byla nebesa, a viděl jsem vidění Boží.",descriptive_relation,descriptive_relation,0.568,bible_BKR_Ez.txt
"I viděl jsem, a aj, vítr tuhý přicházel od půlnoci, a oblak veliký, a oheň plápolající, a okolo něho byl blesk, a z prostředku jeho jako nějaká velmi prudká světlost, z prostředku toho ohně.",lyrical_relation,lyrical_relation,0.428,bible_BKR_Ez.txt
"Z prostředku jeho také ukázalo se podobenství čtyř zvířat, jejichž takový byl způsob: Podobenství člověka měli.",reported_speech,reported_speech,0.59,bible_BKR_Ez.txt
"Jejichž nohy nohy přímé, ale zpodek noh jejich jako zpodek nohy telecí, a blyštěly se podobně jako ocel pulerovaná.",historical_event_relation,historical_event_relation,0.42,bible_BKR_Ez.txt
"Ruce pak lidské pod křídly jejich, po čtyřech stranách jejich, a tváři jejich i křídla jejich na čtyřech těch stranách.",request_relation,request_relation,0.519,bible_BKR_Ez.txt
"Spojena byla křídla jejich jednoho s druhým. Neobracela se, když šla; jedno každé přímo na svou stranu šlo.",lyrical_relation,lyrical_relation,0.581,bible_BKR_Ez.txt
"A každé přímo na svou stranu šlo. Kamkoli ukazoval duch, aby šla, tam šla, neuchylovala se, když chodila.",reported_speech,reported_speech,0.543,bible_BKR_Ez.txt
"Podobnost také těch zvířat na pohledění byla jako uhlí řeřavého, na pohledění jako pochodně. Kterýžto oheň ustavičně chodil mezi zvířaty, a ten oheň měl blesk, a z téhož ohně vycházelo blýskání.",prophetic_relation,prophetic_relation,0.513,bible_BKR_Ez.txt
"Také ta zvířata běhala, a navracovala se jako prudké blýskání.",historical_event_relation,historical_event_relation,0.57,bible_BKR_Ez.txt
"A když jsem hleděl na ta zvířata, a aj, kolo jedno bylo na zemi při zvířatech u čtyř tváří jednoho každého z nich.",reported_speech,reported_speech,0.453,bible_BKR_Ez.txt
"A loukoti své, i vysokost měla, že hrůza z nich šla, a šínové jejich vůkol všech čtyř kol plní byli očí.",lyrical_relation,lyrical_relation,0.597,bible_BKR_Ez.txt
"Kdekoli chtěl Duch, aby šla, tam šla; kde Duch chtěl jíti, i kola vznášela se naproti nim, nebo duch zvířat byl v kolách.",reported_speech,reported_speech,0.446,bible_BKR_Ez.txt
"Když ona šla, šla, a když ona stála, stála, a když se vznášela od země, vznášela se také kola s nimi, nebo duch zvířat byl v kolách.",request_relation,request_relation,0.506,bible_BKR_Ez.txt
"A pod oblohou křídla jejich pozdvižená byla, jedno připojené k druhému. Každé mělo dvě, jimiž se přikrývalo, každé, pravím, mělo dvě, jimiž přikrývalo tělo své.",historical_event_relation,historical_event_relation,0.445,bible_BKR_Ez.txt
"I viděl jsem na pohledění jako velmi prudkou světlost, a u vnitřku jejím vůkol na pohledění jako oheň, od bedr jeho vzhůru; od bedr pak jeho dolů viděl jsem na pohledění jako oheň, a blesk vůkol něho.",lyrical_relation,lyrical_relation,0.386,bible_BKR_Ez.txt
"I vstoupil do mne duch, když promluvil ke mně, a postavil mne na nohy mé, a slyšel jsem, an mluví ke mně.",descriptive_relation,descriptive_relation,0.548,bible_BKR_Ez.txt
"Ty pak synu člověčí, neboj se jich, aniž se boj slov jejich, že zpurní a jako trní jsou proti tobě, a že mezi štíry bydlíš. Slov jejich neboj se, a tváři jejich se nestrachuj, proto že dům zpurný jsou.",lyrical_relation,lyrical_relation,0.381,bible_BKR_Ez.txt
"Ale mluv slova má k nim, již oni slyšte neb nechte: Že zpurní jsou.",historical_event_relation,historical_event_relation,0.564,bible_BKR_Ez.txt
"Ty pak synu člověčí, slyš, co já pravím tobě: Nebuď zpurný jako ten dům zpurný. Otevři ústa svá, a sněz, co já tobě dám.",historical_event_relation,historical_event_relation,0.473,bible_BKR_Ez.txt
"I viděl jsem, a aj, ruka vztažena byla ke mně, a aj, v ní svinutá kniha.",descriptive_relation,descriptive_relation,0.372,bible_BKR_Ez.txt
"Kteroužto rozvinul přede mnou, a byla popsaná s předu i z zadu, a bylo v ní psáno naříkání, kvílení a běda.",prophetic_relation,prophetic_relation,0.356,bible_BKR_Ez.txt
"Léta prvního Cýra krále Perského, aby se naplnila řeč Hospodinova skrze ústa Jeremiášova, vzbudil Hospodin ducha Cýrova krále Perského, aby dal provolati po všem království svém, ano také i rozepsal, řka:",reported_speech,reported_speech,0.584,bible_BKR_Ezd.txt
"Toto praví Cýrus král Perský: Všecka království země dal mi Hospodin Bůh nebeský, a on mi poručil, abych mu vystavěl dům v Jeruzalémě, kterýž jest v Judstvu.",autoclitic_relation,autoclitic_relation,0.409,bible_BKR_Ezd.txt
"Kdo jest mezi vámi ze všeho lidu jeho, budiž Bůh jeho s ním, a nechať jde do Jeruzaléma, kterýž jest v Judstvu, a staví dům Hospodina Boha Izraelského, toho Boha, kterýž jest v Jeruzalémě.",reported_speech,reported_speech,0.561,bible_BKR_Ezd.txt
"I povstali přední z čeledí otců z pokolení Judova a Beniaminova, kněží také a Levítové i každý, číhož ducha vzbudil Bůh, aby šli k stavení domu Hospodinova, kterýž jest v Jeruzalémě.",descriptive_relation,descriptive_relation,0.559,bible_BKR_Ezd.txt
"Vydal je pak Cýrus král Perský skrze Mitridata správce nad poklady, kterýž je vyčtl Sesbazarovi knížeti Judskému.",descriptive_relation,descriptive_relation,0.25,bible_BKR_Ezd.txt
"Koflíků zlatých třidceti, koflíků stříbrných prostějších čtyři sta a deset, nádob jiných na tisíce.",historical_event_relation,historical_event_relation,0.57,bible_BKR_Ezd.txt
"Všech nádob zlatých i stříbrných pět tisíc a čtyři sta. Všecko to odnesl Sesbazar, když se stěhoval lid zajatý z Babylona do Jeruzaléma.",historical_event_relation,historical_event_relation,0.434,bible_BKR_Ezd.txt
"Synů Farosových dva tisíce, sto sedmdesáte dva.",reported_speech,reported_speech,0.582,bible_BKR_Ezd.txt
Synů Arachových sedm set sedmdesát pět.,request_relation,request_relation,0.549,bible_BKR_Ezd.txt
Synů Zattuových devět set čtyřidceti pět.,lyrical_relation,lyrical_relation,0.576,bible_BKR_Ezd.txt
Synů Zakkai sedm set a šedesát.,historical_event_relation,historical_event_relation,0.555,bible_BKR_Ezd.txt
Synů Báni šest set čtyřidceti dva.,reported_speech,reported_speech,0.54,bible_BKR_Ezd.txt
Synů Bebai šest set třimecítma.,lyrical_relation,lyrical_relation,0.575,bible_BKR_Ezd.txt
Synů Adonikamových šest set šedesáte šest.,descriptive_relation,descriptive_relation,0.545,bible_BKR_Ezd.txt
Synů Bezai tři sta třimecítma.,autoclitic_relation,autoclitic_relation,0.517,bible_BKR_Ezd.txt
Synů Gibbarových devadesáte pět.,reported_speech,reported_speech,0.56,bible_BKR_Ezd.txt
"Synů Kariatarimských, Kafirských a Berotských sedm set čtyřidceti a tři.",lyrical_relation,lyrical_relation,0.598,bible_BKR_Ezd.txt
Mužů z Bethel a Hai dvě stě třimecítma.,request_relation,request_relation,0.557,bible_BKR_Ezd.txt
"Slyše o lásce tvé, a víře, kterouž máš ku Pánu Ježíšovi, i ke všechněm svatým,",request_relation,request_relation,0.37,bible_BKR_Fm.txt
"Aby společnost víry tvé mocná byla ku poznání všeho toho, cožkoli dobrého jest v vás skrze Krista Ježíše.",genealogical_relation,genealogical_relation,0.554,bible_BKR_Fm.txt
"Však pro lásku raději prosím, jsa takový, totiž Pavel starý, a nyní i vězeň Ježíše Krista.",descriptive_relation,descriptive_relation,0.463,bible_BKR_Fm.txt
"Prosímť pak tebe za syna svého, kteréhož jsem zplodil v vězení svém, Onezima,",descriptive_relation,descriptive_relation,0.529,bible_BKR_Fm.txt
"Kterýž byl někdy tobě neužitečný, ale nyní tobě i mně velmi užitečný, jehožť jsem odeslal.",wisdom_relation,wisdom_relation,0.347,bible_BKR_Fm.txt
"Protož ty jej, totiž střeva má, přijmi.",request_relation,request_relation,0.539,bible_BKR_Fm.txt
"Již ne jako služebníka, ale více než služebníka, totiž bratra milého, zvláště mně, a čím více tobě, i podlé těla, i v Pánu.",request_relation,request_relation,0.388,bible_BKR_Fm.txt
"Protož máš-li mne za tovaryše, přijmiž jej, jako mne.",historical_event_relation,historical_event_relation,0.48,bible_BKR_Fm.txt
"Já Pavel psal jsem svou rukou, jáť zaplatím; ať nedím tobě, že ty i sám sebe jsi mi dlužen.",lyrical_relation,lyrical_relation,0.529,bible_BKR_Fm.txt
"Jist jsa tvým poslušenstvím, napsal jsem tobě, věda, že i více, než pravím, učiníš.",descriptive_relation,descriptive_relation,0.476,bible_BKR_Fm.txt
"A mezi tím připrav mi také hospodu; neboť naději mám, že k modlitbám vašim budu vám navrácen.",genealogical_relation,genealogical_relation,0.248,bible_BKR_Fm.txt
"Pozdravují tě Epafras, (spoluvězeň můj pro Krista Ježíše),",descriptive_relation,descriptive_relation,0.35,bible_BKR_Fm.txt
"Marek, Aristarchus, Démas, a Lukáš, pomocníci moji.",genealogical_relation,genealogical_relation,0.536,bible_BKR_Fm.txt
"Děkuji Bohu svému, když se koli na vás rozpomenu,",prophetic_relation,prophetic_relation,0.56,bible_BKR_Fp.txt
"Z vašeho obcování evangelium, hned od prvního dne až posavad,",lyrical_relation,lyrical_relation,0.535,bible_BKR_Fp.txt
"Svědek mi jest zajisté Bůh, kterak po všech po vás toužím v střevách Ježíše Krista.",reported_speech,reported_speech,0.565,bible_BKR_Fp.txt
"A za to se modlím, aby láska vaše ještě více a více se rozhojňovala v známosti a ve všelikém smyslu,",descriptive_relation,descriptive_relation,0.242,bible_BKR_Fp.txt
"Naplněni jsouce ovocem spravedlnosti, kteréž nesete skrze Jezukrista, k slávě a k chvále Boží.",descriptive_relation,descriptive_relation,0.54,bible_BKR_Fp.txt
"Chciť pak, bratří, abyste věděli, že to, což mne obklíčilo, k většímu prospěchu evangelium přišlo,",lyrical_relation,lyrical_relation,0.594,bible_BKR_Fp.txt
"Tak že vězení mé pro Krista rozhlášeno jest po všem rathouzu, i jinde všudy.",descriptive_relation,descriptive_relation,0.575,bible_BKR_Fp.txt
"Kteří pak z lásky, ti vědí, že jsem k obraně evangelium postaven.",reported_speech,reported_speech,0.487,bible_BKR_Fp.txt
"Ale což pak o to? Nýbrž jakýmkoli způsobem, buď v samé tvárnosti, buď v pravdě Kristus se zvěstuje, i z tohoť se raduji, a ještě radovati budu.",autoclitic_relation,autoclitic_relation,0.573,bible_BKR_Fp.txt
"Podlé pečlivého očekávání a naděje mé, že v ničem nebudu zahanben, ale ve vší doufanlivé smělosti, jakž prvé vždycky, tak i nyní veleben bude Kristus na těle mém, buď skrze život, buď skrze smrt.",autoclitic_relation,autoclitic_relation,0.445,bible_BKR_Fp.txt
"Mně zajisté živu býti jest Kristus, a umříti zisk.",genealogical_relation,genealogical_relation,0.523,bible_BKR_Fp.txt
"Jestli mi pak prospěšněji živu býti v těle pro práci, tedy nevím, co bych vyvolil.",prophetic_relation,prophetic_relation,0.597,bible_BKR_Fp.txt
Ale pozůstati v těle potřebněji jest pro vás.,autoclitic_relation,autoclitic_relation,0.422,bible_BKR_Fp.txt
"Aby se vaše ze mne chlouba v Kristu Ježíši rozhojnila, skrze mou vám zase přítomnost.",historical_event_relation,historical_event_relation,0.534,bible_BKR_Fp.txt
"Toliko, jakž sluší evangelium Kristovu, obcujte, abych, buď přijda a vás vida, buď vzdálen jsa, slyšel o vás, že stojíte v jednom duchu, jednomyslně pracujíce u víře evangelium,",historical_event_relation,historical_event_relation,0.559,bible_BKR_Fp.txt
"Naplňte radost mou, abyste jednostejného smyslu byli, jednostejnou lásku majíce, jednodušní jsouce, jednostejně smýšlejíce,",historical_event_relation,historical_event_relation,0.37,bible_BKR_Fp.txt
"Nehledejte jeden každý jen svých věcí, ale každý také toho, což jest jiných.",descriptive_relation,descriptive_relation,0.568,bible_BKR_Fp.txt
"To tedy, ciťte při sobě, co i při Kristu Ježíši.",descriptive_relation,descriptive_relation,0.195,bible_BKR_Fp.txt
"Kterýž jsa v způsobu Božím, nepoložil sobě toho za loupež rovný býti Bohu,",reported_speech,reported_speech,0.286,bible_BKR_Fp.txt
"Ale samého sebe zmařil, způsob služebníka přijav, podobný lidem učiněn.",reported_speech,reported_speech,0.372,bible_BKR_Fp.txt
"Protož i Bůh povýšil ho nade vše, a dal jemu jméno nad každé jméno,",descriptive_relation,descriptive_relation,0.502,bible_BKR_Fp.txt
"Aby ve jménu Ježíše každé koleno klekalo, těch, kteříž jsou na nebesích, a těch, kteříž jsou na zemi, i těch, kteříž jsou pod zemí,",reported_speech,reported_speech,0.529,bible_BKR_Fp.txt
"Pavel apoštol, (ne od lidí, ani skrze člověka, ale skrze Jezukrista, a Boha Otce, kterýž jej vzkřísil z mrtvých),",prophetic_relation,prophetic_relation,0.293,bible_BKR_Ga.txt
Jemuž buď sláva na věky věků. Amen.,reported_speech,reported_speech,0.498,bible_BKR_Ga.txt
"Divím se, že jste tak rychle od toho, kterýž vás povolal v milost Kristovu, uchýlili se k jinému evangelium.",descriptive_relation,descriptive_relation,0.581,bible_BKR_Ga.txt
"Ale bychom pak i my neb anděl s nebe kázal vám mimo to, což jsme vám kázali, prokletý buď.",reported_speech,reported_speech,0.532,bible_BKR_Ga.txt
"Oznamujiť pak vám, bratří, že evangelium to, kteréž kázáno jest ode mne, není podlé člověka.",descriptive_relation,descriptive_relation,0.441,bible_BKR_Ga.txt
"Nebo aniž jsem já ho přijal od člověka, ani se naučil, ale skrze zjevení Ježíše Krista.",reported_speech,reported_speech,0.355,bible_BKR_Ga.txt
"Ale když se zalíbilo Bohu, kterýž mne byl oddělil z života matky mé, a povolal skrze milost svou,",request_relation,request_relation,0.538,bible_BKR_Ga.txt
"Zjeviti Syna svého mně, abych jej kázal mezi pohany, hned jsem se neporadil s tělem a krví;",reported_speech,reported_speech,0.583,bible_BKR_Ga.txt
Potom přišel jsem do krajin Syrských a Cilických.,genealogical_relation,genealogical_relation,0.47,bible_BKR_Ga.txt
"Nebyl jsem pak známý osobou zborům Židovským, kteříž byli v Kristu,",reported_speech,reported_speech,0.473,bible_BKR_Ga.txt
"Než toliko slýchali: Že ten, kterýž se nám někdy protivil, již nyní káže víru, kterouž někdy vybojovával.",prophetic_relation,prophetic_relation,0.465,bible_BKR_Ga.txt
A slavili ve mně Boha.,descriptive_relation,descriptive_relation,0.487,bible_BKR_Ga.txt
"Potom po čtrnácti letech opět vstoupil jsem do Jeruzaléma s Barnabášem, pojav s sebou i Tita.",prophetic_relation,prophetic_relation,0.526,bible_BKR_Ga.txt
"Vstoupil jsem pak podlé zjevení, a vypravoval jsem jim evangelium, kteréž káži mezi pohany, a zvláště pak znamenitějším, abych snad nadarmo neběžel nyní i prvé.",prophetic_relation,prophetic_relation,0.578,bible_BKR_Ga.txt
"Totiž pro podešlé falešné bratří, kteříž se byli vloudili k vyšpehování svobody naší, kterouž máme v Kristu Ježíši, aby nás v službu podrobili.",reported_speech,reported_speech,0.488,bible_BKR_Ga.txt
"Kterýmž ani na chvilku neustoupili jsme, a nepoddali se, aby pravda evangelium zůstala u vás.",descriptive_relation,descriptive_relation,0.561,bible_BKR_Ga.txt
"Od těch pak, kteříž se zdadí něco býti, ač jací někdy byli, mně potom nic není, Bůhť osoby člověka nepřijímá, ti, pravím, kteříž se něco zdadí býti, nic mi nepřidali.",reported_speech,reported_speech,0.493,bible_BKR_Ga.txt
"Nýbrž naodpor, když uzřeli, že jest mi svěřeno evangelium, abych je kázal neobřezaným, jako i Petrovi mezi Židy,",descriptive_relation,descriptive_relation,0.473,bible_BKR_Ga.txt
"(Nebo ten, kterýž mocný byl skrze Petra z strany apoštolství mezi Židy, byl mocný i skrze mne mezi pohany),",prophetic_relation,prophetic_relation,0.446,bible_BKR_Ga.txt
"Toliko abychom na chudé pamatovali, což jsem se i činiti snažoval.",reported_speech,reported_speech,0.584,bible_BKR_Ga.txt
"Vědouce, že nebývá člověk ospravedlněn z skutků zákona, ale skrze víru v Jezukrista, i my v Krista uvěřili jsme, abychom ospravedlněni byli z víry Kristovy, a ne z skutků zákona, proto že nebude ospravedlněn z skutků zákona žádný člověk.",historical_event_relation,historical_event_relation,0.513,bible_BKR_Ga.txt
"Země pak byla nesličná a pustá, a tma byla nad propastí, a Duch Boží vznášel se nad vodami.",historical_event_relation,historical_event_relation,0.349,bible_BKR_Gn.txt
I řekl Bůh: Buď světlo! I bylo světlo.,historical_event_relation,historical_event_relation,0.547,bible_BKR_Gn.txt
"Řekl také Bůh: Buď obloha u prostřed vod, a děl vody od vod!",reported_speech,reported_speech,0.426,bible_BKR_Gn.txt
"I učinil Bůh tu oblohu, a oddělil vody, kteréž jsou pod oblohou, od vod, kteréž jsou nad oblohou. A stalo se tak.",reported_speech,reported_speech,0.508,bible_BKR_Gn.txt
"I nazval Bůh oblohu nebem. I byl večer a bylo jitro, den druhý.",request_relation,request_relation,0.568,bible_BKR_Gn.txt
"Potom řekl Bůh: Zploď země trávu, a bylinu vydávající símě, a strom plodný, nesoucí ovoce podlé pokolení svého, v němž by bylo símě jeho na zemi. A stalo se tak.",wisdom_relation,wisdom_relation,0.527,bible_BKR_Gn.txt
"Nebo země vydala trávu, a bylinu nesoucí semeno podlé pokolení svého, i strom přinášející ovoce, v němž bylo símě jeho, podlé pokolení jeho. A viděl Bůh, že to bylo dobré.",genealogical_relation,genealogical_relation,0.515,bible_BKR_Gn.txt
"Opět řekl Bůh: Buďte světla na obloze nebeské, aby oddělovala den od noci, a byla na znamení a rozměření časů, dnů a let.",descriptive_relation,descriptive_relation,0.518,bible_BKR_Gn.txt
"A aby svítila na obloze nebeské, a osvěcovala zemi. A stalo se tak.",lyrical_relation,lyrical_relation,0.519,bible_BKR_Gn.txt
"A postavil je Bůh na obloze nebeské, aby osvěcovala zemi;",lyrical_relation,lyrical_relation,0.374,bible_BKR_Gn.txt
"A aby správu držela nade dnem a nocí, a oddělovala světlo od tmy. A viděl Bůh, že to bylo dobré.",lyrical_relation,lyrical_relation,0.541,bible_BKR_Gn.txt
"I byl večer a bylo jitro, den čtvrtý.",request_relation,request_relation,0.406,bible_BKR_Gn.txt
"I stvořil Bůh velryby veliké a všelijakou duši živou, hýbající se, kteroužto v hojnosti vydaly vody podlé pokolení jejich, a všeliké ptactvo křídla mající, podlé pokolení jeho. A viděl Bůh, že to bylo dobré.",historical_event_relation,historical_event_relation,0.511,bible_BKR_Gn.txt
"I požehnal jim Bůh, řka: Ploďtež se a množte se, a naplňte vody mořské; též ptactvo ať se rozmnožuje na zemi!",descriptive_relation,descriptive_relation,0.341,bible_BKR_Gn.txt
"I byl večer a bylo jitro, den pátý.",historical_event_relation,historical_event_relation,0.267,bible_BKR_Gn.txt
"Řekl též Bůh: Vydej země duši živou, jednu každou podlé pokolení jejího, hovada a zeměplazy, i zvěř zemskou, podlé pokolení jejího. A stalo se tak.",reported_speech,reported_speech,0.561,bible_BKR_Gn.txt
"I učinil Bůh zvěř zemskou podlé pokolení jejího, též hovada vedlé pokolení jejich, i všeliký zeměplaz podlé pokolení jeho. A viděl Bůh, že bylo dobré.",reported_speech,reported_speech,0.336,bible_BKR_Gn.txt
"I stvořil Bůh člověka k obrazu svému, k obrazu Božímu stvořil jej, muže a ženu stvořil je.",historical_event_relation,historical_event_relation,0.43,bible_BKR_Gn.txt
"Všechněm pak živočichům zemským, i všemu ptactvu nebeskému, a všemu tomu, což se hýbe na zemi, v čemž jest duše živá, všelikou bylinu zelenou dal jsem ku pokrmu. I stalo se tak.",reported_speech,reported_speech,0.516,bible_BKR_Gn.txt
"A viděl Bůh vše, což učinil, a aj, bylo velmi dobré. I byl večer a bylo jitro, den šestý.",reported_speech,reported_speech,0.55,bible_BKR_Gn.txt
"I každé chrastiny polní, dříve než byla na zemi, i všeliké byliny polní, prvé než vzcházela; nebo ještě byl nedštil Hospodin Bůh na zemi, aniž byl který člověk, ješto by dělal zemi.",genealogical_relation,genealogical_relation,0.292,bible_BKR_Gn.txt
"A aniž pára vystupovala z země, aby svlažovala všecken svrchek země.",reported_speech,reported_speech,0.485,bible_BKR_Gn.txt
"I učinil Hospodin Bůh člověka z prachu země, a vdechl v chřípě jeho dchnutí života, i byl člověk v duši živou.",historical_event_relation,historical_event_relation,0.546,bible_BKR_Gn.txt
"Štípil pak byl Hospodin Bůh ráj v Eden na východ, a postavil tam člověka, jehož byl učinil.",request_relation,request_relation,0.553,bible_BKR_Gn.txt
"Vůl zná hospodáře svého, a osel jesle pánů svých; Izrael nezná, lid můj nesrozumívá.",historical_event_relation,historical_event_relation,0.418,bible_BKR_Iz.txt
"Od zpodku nohy až do vrchu hlavy není na něm místa celého, jen rána a zsinalost, a zbití zahnojené, aniž se vytlačuje, ani uvazuje, ani olejem změkčuje.",request_relation,request_relation,0.41,bible_BKR_Iz.txt
"Země vaše spustla, města vaše vypálena ohněm; zemi vaši před vámi cizozemci zžírají, a v poušť obracejí, tak jakž vše kazí cizozemci.",historical_event_relation,historical_event_relation,0.566,bible_BKR_Iz.txt
"K čemu jest mi množství obětí vašich? dí Hospodin. Syt jsem zápalných obětí skopců a tuků krmných hovad, a krve volků a beránků a kozlů nejsem žádostiv.",reported_speech,reported_speech,0.424,bible_BKR_Iz.txt
"Nepřinášejte více oběti oklamání. Kadění v ohavnosti mám, novměsíců a sobot a svolávání nemohu trpěti, (nepravost jest), ani shromáždění.",descriptive_relation,descriptive_relation,0.51,bible_BKR_Iz.txt
"Poďtež nu, a poukažme sobě, praví Hospodin: Budou-li hříchové vaši jako červec dvakrát barvený, jako sníh zbělejí; budou-li červení jako šarlat, jako vlna budou.",prophetic_relation,prophetic_relation,0.572,bible_BKR_Iz.txt
"Jak tě nevěstkou učiněno to město věrné, plné soudu! Spravedlnost přebývala v něm, nyní pak vražedlníci.",prophetic_relation,prophetic_relation,0.428,bible_BKR_Iz.txt
"Stříbro tvé obrátilo se v trůsky, víno tvé smíšeno s vodou.",descriptive_relation,descriptive_relation,0.427,bible_BKR_Iz.txt
"Knížata tvá zpurná a tovaryši zlodějů, jeden každý z nich miluje dary, a dychtí po úplatcích; sirotku k spravedlnosti nedopomáhají, a pře vdovy před ně nepřichází.",request_relation,request_relation,0.436,bible_BKR_Iz.txt
"Protož dí Pán, Hospodin zástupů, silný Izraelský: Aj, jáť se potěším nad protivníky svými, a vymstím se nad nepřátely svými,",reported_speech,reported_speech,0.473,bible_BKR_Iz.txt
"Když zase obrátím ruku svou na tě, až přepálím dočista trůsky tvé, a odejmu všecken cín tvůj,",reported_speech,reported_speech,0.536,bible_BKR_Iz.txt
"A obnovím soudce tvé tak jako na počátku, a rádce tvé jako s prvu. A tu potom slouti budeš městem spravedlnosti, městem věrným.",descriptive_relation,descriptive_relation,0.533,bible_BKR_Iz.txt
"Sion v soudu vykoupen bude, a kteříž zase uvedeni budou do něho, v spravedlnosti.",reported_speech,reported_speech,0.476,bible_BKR_Iz.txt
"Nebo zahanbeni budete pro háje, po nichž jste toužili, a zastydíte se pro zahrady, kteréž jste sobě zvolili.",wisdom_relation,wisdom_relation,0.408,bible_BKR_Iz.txt
"I bude nejsilnější jako koudel, a učinitel jeho jako jiskra; i bude to obé hořeti spolu, a nebude žádného, ješto by uhasiti mohl.",genealogical_relation,genealogical_relation,0.315,bible_BKR_Iz.txt
"I stane se v posledních dnech, že utvrzena bude hora domu Hospodinova na vrchu hor, a vyvýšena nad pahrbky, i pohrnou se k ní všickni národové.",lyrical_relation,lyrical_relation,0.436,bible_BKR_Iz.txt
"Onť bude souditi mezi národy, a trestati bude lidi mnohé. I zkují meče své v motyky, a oštípy své v srpy. Nepozdvihne národ proti národu meče, a nebudou se více učiti boji.",wisdom_relation,wisdom_relation,0.593,bible_BKR_Iz.txt
"K tomu naplněna jest země jejich stříbrem a zlatem, tak že není konce pokladům jejich; naplněna jest země jejich i koňmi, vozům pak jejich počtu není.",prophetic_relation,prophetic_relation,0.273,bible_BKR_Iz.txt
"Naplněna jest také země jejich modlami; klanějí se dílu rukou svých, kteréž učinili prstové jejich.",request_relation,request_relation,0.362,bible_BKR_Iz.txt
"Klaní se obecný člověk, a ponižuje se i přední muž; protož neodpouštěj jim.",historical_event_relation,historical_event_relation,0.543,bible_BKR_Iz.txt
"Na počátku bylo Slovo, a to Slovo bylo u Boha, a to Slovo byl Bůh.",reported_speech,reported_speech,0.45,bible_BKR_J.txt
"A to světlo v temnostech svítí, ale tmy ho neobsáhly.",request_relation,request_relation,0.558,bible_BKR_J.txt
"Nebyl on to světlo, ale přišel, aby svědectví vydával o tom světle.",descriptive_relation,descriptive_relation,0.541,bible_BKR_J.txt
"A Slovo to tělo učiněno jest, a přebývalo mezi námi, (a viděli jsme slávu jeho, slávu jakožto jednorozeného od Otce), plné milosti a pravdy.",lyrical_relation,lyrical_relation,0.368,bible_BKR_J.txt
"A z plnosti jeho my všickni vzali jsme, a to milost za milost.",historical_event_relation,historical_event_relation,0.445,bible_BKR_J.txt
"Nebo zákon skrze Mojžíše dán jest, milost a pravda skrze Ježíše Krista stala se.",historical_event_relation,historical_event_relation,0.552,bible_BKR_J.txt
"Boha žádný nikdy neviděl; jednorozený ten Syn, kterýž jest v lůnu Otce, onť vypravil.",autoclitic_relation,autoclitic_relation,0.497,bible_BKR_J.txt
"I vyznal a nezapřel, a vyznal: Že já nejsem Kristus.",reported_speech,reported_speech,0.402,bible_BKR_J.txt
"I řekli jemu: Kdožs pak? Ať odpověd dáme těm, kteříž nás poslali. Co pravíš sám o sobě?",historical_event_relation,historical_event_relation,0.45,bible_BKR_J.txt
"Ti pak, kteříž byli posláni, z farizeů byli.",autoclitic_relation,autoclitic_relation,0.541,bible_BKR_J.txt
"Druhého dne uzřel Jan Ježíše, an jde k němu. I dí: Aj, Beránek Boží, kterýž snímá hřích světa.",prophetic_relation,prophetic_relation,0.577,bible_BKR_J.txt
"Druhého pak dne opět stál Jan, a z učedlníků jeho dva,",historical_event_relation,historical_event_relation,0.436,bible_BKR_J.txt
"I obrátiv se Ježíš, a uzřev je, ani jdou, dí jim:",request_relation,request_relation,0.475,bible_BKR_J.txt
"Co hledáte? A oni řekli jemu: Rabbi, (což se vykládá: Mistře), kde bydlíš?",wisdom_relation,wisdom_relation,0.558,bible_BKR_J.txt
"Byl muž v zemi Uz, jménem Job, a muž ten byl sprostný a upřímý, boje se Boha, a vystříhaje se zlého.",historical_event_relation,historical_event_relation,0.585,bible_BKR_Jb.txt
Kterémuž se narodilo sedm synů a tři dcery.,lyrical_relation,lyrical_relation,0.591,bible_BKR_Jb.txt
"A měl dobytka sedm tisíc ovec, tři tisíce velbloudů, pět set spřežení volů, a pět set oslic, a čeledi služebné velmi mnoho, a byl muž ten vznešenější nade všecky lidi východní.",autoclitic_relation,autoclitic_relation,0.251,bible_BKR_Jb.txt
"I scházívali se synové jeho, a strojívali hody po domích, každý ve dni svém. Posílávali také, a zvávali své tři sestry, aby jedly a pily s nimi.",prophetic_relation,prophetic_relation,0.521,bible_BKR_Jb.txt
"A když vypořádali dny hodů, posílával Job, a posvěcoval jich, a vstávaje ráno, obětoval zápaly podlé počtu všech jich. Nebo říkával Job: Snad zhřešili synové moji, aneb zlořečili Bohu v srdci svém. Tak činíval Job po všecky ty dny.",reported_speech,reported_speech,0.589,bible_BKR_Jb.txt
"Jednoho pak dne, když přišli synové Boží, aby se postavili před Hospodinem, přišel také i Satan mezi ně.",autoclitic_relation,autoclitic_relation,0.5,bible_BKR_Jb.txt
"I řekl Hospodin Satanovi: Spatřil-lis služebníka mého Joba, že není jemu rovného na zemi, a že jest muž sprostný a upřímý, bojící se Boha a varující se zlého.",historical_event_relation,historical_event_relation,0.434,bible_BKR_Jb.txt
"Ale vztáhni nyní ruku svou, a dotkni se všeho, což má, nebude-liť zlořečiti v oči.",lyrical_relation,lyrical_relation,0.431,bible_BKR_Jb.txt
"I přišel posel k Jobovi, a řekl: Když volové orali, a oslice se pásly podlé nich,",autoclitic_relation,autoclitic_relation,0.445,bible_BKR_Jb.txt
"Vpád učinivše Sabejští, zajali je, a služebníky zbili ostrostí meče, a utekl jsem toliko já sám, abych oznámil tobě.",historical_event_relation,historical_event_relation,0.445,bible_BKR_Jb.txt
"A když ten ještě mluvil, jiný přišed, řekl: Kaldejští sšikovavše tři houfy, připadli na velbloudy, a zajali je, a služebníky zbili ostrostí meče, a utekl jsem toliko já sám, abych oznámil tobě.",request_relation,request_relation,0.548,bible_BKR_Jb.txt
"A když ten ještě mluvil, jiný přišel a řekl: Synové tvoji a dcery tvé jedli, a pili víno v domě bratra svého prvorozeného.",autoclitic_relation,autoclitic_relation,0.572,bible_BKR_Jb.txt
"Tedy Job vstav, roztrhl roucho své, a oholil hlavu svou, a padna na zem, poklonu učinil.",request_relation,request_relation,0.59,bible_BKR_Jb.txt
"A řekl: Nahý jsem vyšel z života matky své, nahý se také zase tam navrátím. Hospodin dal, Hospodin též odjal. Buď požehnáno jméno Hospodinovo.",genealogical_relation,genealogical_relation,0.562,bible_BKR_Jb.txt
"Tedy řekl Hospodin Satanovi: Odkud jdeš? I odpověděl Satan Hospodinu, řka: Procházel jsem zemi, a obcházel jsem ji.",reported_speech,reported_speech,0.416,bible_BKR_Jb.txt
"I řekl Hospodin Satanovi: Spatřil-lis služebníka mého Joba, že není jemu rovného na zemi, že jest muž sprostný a upřímý, bojící se Boha, a varující se zlého, a že po dnes trvá v upřímnosti své, ačkoli jsi ty mne popudil proti němu, abych jej hubil bez příčiny.",prophetic_relation,prophetic_relation,0.487,bible_BKR_Jb.txt
"Ale vztáhni nyní ruku svou, a dotkni se kostí jeho, a masa jeho, nebudeliť v oči zlořečiti tobě.",lyrical_relation,lyrical_relation,0.408,bible_BKR_Jb.txt
"Tedy řekl Hospodin Satanovi: Aj, v moci tvé buď, a však zachovej ho při životu.",wisdom_relation,wisdom_relation,0.494,bible_BKR_Jb.txt
"Protož vyšed Satan od tváři Hospodinovy, ranil Joba nežitem nejhorším, od zpodku nohy jeho až do vrchu hlavy jeho,",descriptive_relation,descriptive_relation,0.58,bible_BKR_Jb.txt
"Jížto řekl: Mluvíš, jako jedna z bláznivých mluvívá. Dobré-liž jen věci bráti budeme od Boha, zlých pak nebudeme přijímati? V tom ve všem nezhřešil Job rty svými.",historical_event_relation,historical_event_relation,0.554,bible_BKR_Jb.txt
"Potom otevřev Job ústa svá, zlořečil dni svému.",historical_event_relation,historical_event_relation,0.381,bible_BKR_Jb.txt
"Ten den ó by byl obrácen v temnost, aby ho byl nevyhledával Bůh shůry, a nebyl osvícen světlem.",lyrical_relation,lyrical_relation,0.58,bible_BKR_Jb.txt
"Ó by jej byly zachvátily tmy a stín smrti, a aby jej byla přikvačila mračna, a předěsila horkost denní.",historical_event_relation,historical_event_relation,0.559,bible_BKR_Jb.txt
"Za největší radost mějte, bratří moji, kdyžkoli v rozličná pokušení upadáte,",lyrical_relation,lyrical_relation,0.366,bible_BKR_Jk.txt
"Muž dvojí mysli, jest neustavičný ve všech cestách svých.",reported_speech,reported_speech,0.481,bible_BKR_Jk.txt
"Nebo jakož slunce vzešlé s horkostí usušilo bylinu, a květ její spadl, i ušlechtilost postavy jeho zhynula, takť i bohatý v svých cestách usvadne.",descriptive_relation,descriptive_relation,0.598,bible_BKR_Jk.txt
"Blahoslavený muž, kterýž snáší pokušení; nebo když bude zkušen, vezme korunu života, kterouž zaslíbil Pán těm, kdož ho milují.",lyrical_relation,lyrical_relation,0.528,bible_BKR_Jk.txt
"Žádný, když bývá pokoušín, neříkej, že by od Boha pokoušín byl; neboť Bůh nemůže pokoušín býti ve zlém, aniž také on koho pokouší.",genealogical_relation,genealogical_relation,0.385,bible_BKR_Jk.txt
"Nebluďtež, bratří moji milí.",descriptive_relation,descriptive_relation,0.431,bible_BKR_Jk.txt
"A tak, bratří moji milí, budiž každý člověk rychlý k slyšení, ale zpozdilý k mluvení, zpozdilý k hněvu.",prophetic_relation,prophetic_relation,0.219,bible_BKR_Jk.txt
"Protož odvrhouce všelikou nečistotu, a ohyzdnost zlosti, s tichostí přijímejte vsáté slovo, kteréž může spasiti duše vaše.",historical_event_relation,historical_event_relation,0.315,bible_BKR_Jk.txt
"Buďtež pak činitelé slova, a ne posluchači toliko, oklamávajíce sami sebe.",historical_event_relation,historical_event_relation,0.518,bible_BKR_Jk.txt
"Vzhlédl se zajisté, i odšel, a hned zapomenul, jaký by byl.",descriptive_relation,descriptive_relation,0.543,bible_BKR_Jk.txt
"Ale kdož by se vzhlédl v dokonalý zákon svobody, a zůstával by v něm, ten nejsa posluchač zapominatelný, ale činitel skutku, blahoslavený bude v skutku svém.",historical_event_relation,historical_event_relation,0.468,bible_BKR_Jk.txt
"Bratří moji, nepřipojujtež přijímání osob k víře slavného Pána našeho Jezukrista.",historical_event_relation,historical_event_relation,0.591,bible_BKR_Jk.txt
"Nebo kdyby přišel do shromáždění vašeho muž, maje prsten zlatý v drahém rouše, a všel by také i chudý v chaterném oděvu,",wisdom_relation,wisdom_relation,0.581,bible_BKR_Jk.txt
"A popatřili byste k tomu, kterýž drahé roucho má, a řekli byste jemu: Ty sedni tuto poctivě; chudému pak řekli byste: Ty stůj tamto, aneb sedni tuto, pod podnoží noh mých:",prophetic_relation,prophetic_relation,0.185,bible_BKR_Jk.txt
Zdaliž jste již neučinili rozdílu mezi sebou a učiněni jste soudcové v myšleních zlých?,prophetic_relation,prophetic_relation,0.507,bible_BKR_Jk.txt
"Slyšte, bratří moji milí, zdaliž Bůh nevyvolil chudých na tomto světě, aby bohatí byli u víře a dědicové království, kteréž zaslíbil těm, kdož jej milují?",historical_event_relation,historical_event_relation,0.448,bible_BKR_Jk.txt
Ale vy jste neuctili chudého. Zdaliž bohatí mocí neutiskují vás? A oniť vás i k soudům přivozují?,prophetic_relation,prophetic_relation,0.465,bible_BKR_Jk.txt
"Nebo kdo by koli celého zákona ostříhal, přestoupil by pak jediné, všechněmi jest vinen.",request_relation,request_relation,0.361,bible_BKR_Jk.txt
"Ten zajisté, kterýž řekl: Nesesmilníš, takéť řekl: Nezabiješ. Pakli bys nesesmilnil, ale zabil bys, učiněn jsi přestupníkem zákona.",historical_event_relation,historical_event_relation,0.527,bible_BKR_Jk.txt
"Tak mluvte, a tak čiňte, jako ti, kteříž podlé zákona svobody souzeni býti máte.",lyrical_relation,lyrical_relation,0.406,bible_BKR_Jk.txt
"Slovo Hospodinovo, kteréž se stalo k Joelovi synu Petuelovu:",historical_event_relation,historical_event_relation,0.424,bible_BKR_Jl.txt
"Slyšte to starší, a pozorujte všickni obyvatelé této země, stalo-li se to za dnů vašich, aneb za dnů otců vašich?",historical_event_relation,historical_event_relation,0.454,bible_BKR_Jl.txt
"Vypravujte o tom synům svým, a synové vaši synům svým, synové pak jejich rodině potomní.",wisdom_relation,wisdom_relation,0.437,bible_BKR_Jl.txt
Kvěl jako mladice přepásaná žíní pro muže mladosti své.,prophetic_relation,prophetic_relation,0.504,bible_BKR_Jl.txt
"Zpustlo pole, kvílí země, proto že pohubeno obilé, vyschl mest, olej zhynul.",lyrical_relation,lyrical_relation,0.588,bible_BKR_Jl.txt
"Aj, jak vzdychá dobytek, svírají se stáda skotů, proto že nemají žádné pastvy, ano i stáda bravů hynou.",wisdom_relation,wisdom_relation,0.512,bible_BKR_Jl.txt
"K toběť, ó Hospodine, volám; nebo oheň sežral pastviska pouště; a plamen popálil všecka dříví polní.",autoclitic_relation,autoclitic_relation,0.426,bible_BKR_Jl.txt
"Den temnosti a mračna, den oblaku a mrákoty, jako záře jitřní rozprostřená po horách: Lid mnohý a silný, jemuž rovného nebylo od věků, aniž po něm kdy bude až do let národů i pronárodů.",prophetic_relation,prophetic_relation,0.551,bible_BKR_Jl.txt
"Způsob jeho bude jako způsob koní, a jako jízdní, tak poběhnou.",reported_speech,reported_speech,0.435,bible_BKR_Jl.txt
"Jako s hřmotem vozů po vrších hor skákati budou, jako hluk plamene ohně zžírajícího strniště, jako lid silný zšikovaný k bitvě.",autoclitic_relation,autoclitic_relation,0.511,bible_BKR_Jl.txt
"Tváři jeho děsiti se budou lidé, všecky tváře zčernají jako hrnec.",request_relation,request_relation,0.534,bible_BKR_Jl.txt
"Jako rekové poběhnou, jako muži váleční vstoupí na zed, a jeden každý cestou svou půjde, aniž se uchýlí z stezek svých.",reported_speech,reported_speech,0.462,bible_BKR_Jl.txt
"Po městě těkati budou, po zdech běhati, na domy vstupovati, a okny polezou jako zloděj.",historical_event_relation,historical_event_relation,0.493,bible_BKR_Jl.txt
"Před tváří jeho třásti se bude země, pohnou se nebesa, slunce i měsíc se zatmí, a hvězdy potratí blesk svůj.",request_relation,request_relation,0.421,bible_BKR_Jl.txt
"Hospodin pak sám vydá hlas svůj před vojskem svým, proto že velmi veliký bude tábor jeho, proto že silný ten, kdož vykoná slovo jeho. (Nebo veliký bude den Hospodinův a hrozný náramně), i kdož jej bude moci snésti?",autoclitic_relation,autoclitic_relation,0.547,bible_BKR_Jl.txt
"A protož ještě nyní dí Hospodin: Obraťte se ke mně samému celým srdcem svým, a to s postem a s pláčem i s kvílením.",request_relation,request_relation,0.192,bible_BKR_Jl.txt
"Kdo ví, neobrátí-li se a nebude-li želeti, a nezůstaví-li po něm požehnání, oběti suché a mokré Hospodinu Bohu vašemu.",historical_event_relation,historical_event_relation,0.452,bible_BKR_Jl.txt
"Shromažďte lid, posvěťte shromáždění, shromažďte starce, shromažďte maličké i ty, jenž prsí požívají; nechť vyjde ženich z pokojíka svého a nevěsta z schrany své.",request_relation,request_relation,0.406,bible_BKR_Jl.txt
"Kněží, služebníci Hospodinovi, ať plačí mezi síňcí a oltářem, a řeknou: Odpusť, ó Hospodine, lidu svému, a nevydávej dědictví svého v pohanění, tak aby nad nimi panovati měli pohané. Proč mají říkati mezi národy: Kde jest Bůh jejich?",lyrical_relation,lyrical_relation,0.418,bible_BKR_Jl.txt
"I bude horlivou milostí zažžen Hospodin k zemi své, a slituje se nad lidem svým.",descriptive_relation,descriptive_relation,0.57,bible_BKR_Jl.txt
"A ohlásí se Hospodin, a řekne lidu svému: Aj, já pošli vám obilé, mest a olej, i budete jím nasyceni, aniž vás vydám více v pohanění mezi pohany.",descriptive_relation,descriptive_relation,0.43,bible_BKR_Jl.txt
"I stalo se slovo Hospodinovo k Jonášovi synu Amaty, řkoucí:",prophetic_relation,prophetic_relation,0.528,bible_BKR_Jon.txt
"Ale Jonáš vstal, aby utekl do Tarsu od tváři Hospodinovy. A přišed do Joppe, našel lodí, ana jde do Tarsu, a zaplativ od ní, vstoupil na ni, aby se plavil s nimi do Tarsu od tváři Hospodinovy.",historical_event_relation,historical_event_relation,0.551,bible_BKR_Jon.txt
"Ale Hospodin vzbudil vítr veliký na moři. I stala se bouře veliká na moři, až se domnívali, že se lodí ztroskoce.",reported_speech,reported_speech,0.2,bible_BKR_Jon.txt
"Tedy přišed k němu správce lodí, řekl jemu: Což ty děláš, ospalče? Vstaň, volej k Bohu svému. Snad ten Bůh rozpomene se na nás, abychom nezahynuli.",lyrical_relation,lyrical_relation,0.517,bible_BKR_Jon.txt
"I řekli jeden druhému: Poďte, vrzme losy, abychom zvěděli, pro koho to zlé přišlo na nás. Tedy metali losy, a padl los na Jonáše.",prophetic_relation,prophetic_relation,0.57,bible_BKR_Jon.txt
"Řekli ještě k němu: Což máme učiniti s tebou, aby se moře spokojilo? (Nebo moře vždy více a více bouřilo se.)",lyrical_relation,lyrical_relation,0.479,bible_BKR_Jon.txt
"Ale muži ti statečně táhli, chtíce k břehu přistati, však nemohli; nebo moře vždy více a více se bouřilo proti nim.",historical_event_relation,historical_event_relation,0.437,bible_BKR_Jon.txt
"I zvolali k Hospodinu, řkouce: Prosímeť, ó Hospodine, abychom nezahynuli pro smrt člověka tohoto, aniž na nás vyhledávej krve nevinné; nebo ty, ó Hospodine, jakž chceš, tak činíš.",historical_event_relation,historical_event_relation,0.324,bible_BKR_Jon.txt
"Pročež báli se muži ti bázní velikou Hospodina, a obětovali obět Hospodinu, a sliby činili.",request_relation,request_relation,0.39,bible_BKR_Jon.txt
"Nebo jsi mne uvrhl do hlubiny, do prostřed moře, a řeka obklíčila mne; všecka vlnobití tvá i rozvodnění tvá na mne se svalila.",historical_event_relation,historical_event_relation,0.517,bible_BKR_Jon.txt
"Bylť jsem již řekl: Vyhnán jsem od očí tvých, ale ještěť pohledím na tvůj svatý chrám.",reported_speech,reported_speech,0.436,bible_BKR_Jon.txt
"Obklíčily mne vody až k duši, propast obklíčila mne, lekno otočilo se okolo hlavy mé.",lyrical_relation,lyrical_relation,0.49,bible_BKR_Jon.txt
"Když se svírala ve mně duše má, na Hospodina jsem se rozpomínal, i přišla k tobě modlitba má do chrámu svatého tvého.",descriptive_relation,descriptive_relation,0.521,bible_BKR_Jon.txt
"Rozkázal pak byl Hospodin rybě té, i vyvrátila Jonáše na břeh.",lyrical_relation,lyrical_relation,0.559,bible_BKR_Jon.txt
"A jakž počal byl Jonáš jíti po městě cestou dne jednoho a volati, pravě: Po čtyřidcíti dnech Ninive vyvráceno bude,",descriptive_relation,descriptive_relation,0.596,bible_BKR_Jon.txt
"Nebo jakž došla ta řeč krále Ninivitského, vstav s trůnu svého, složil s sebe oděv svůj, a přioděv se žíní, seděl v popele.",reported_speech,reported_speech,0.576,bible_BKR_Jon.txt
"A dal provolati a oznámiti v Ninive z usouzení královského i knížat svých, takto řka: Lidé i hovada, volové i ovce, neokoušejte ničeho, nepaste se, ani vody nepíte.",descriptive_relation,descriptive_relation,0.471,bible_BKR_Jon.txt
"Kdo ví, neobrátí-li se a nebude-li želeti toho Bůh; neodvrátí-li se, pravím, od prchlivosti hněvu svého, abychom nezahynuli.",historical_event_relation,historical_event_relation,0.303,bible_BKR_Jon.txt
"Pročež modlil se Hospodinu a řekl: Prosím, Hospodine, zdaliž jsem toho neřekl, když jsem ještě byl v zemi své? Protož jsem pospíšil uteci do Tarsu; nebo jsem věděl, že jsi ty Bůh milostivý a lítostivý, dlouhočekající a hojný v milosrdenství, a kterýž lituješ zlého.",historical_event_relation,historical_event_relation,0.503,bible_BKR_Jon.txt
"Nyní tedy, ó Hospodine, vezmi, prosím, duši mou ode mne; nebo lépe jest mi umříti nežli živu býti.",request_relation,request_relation,0.552,bible_BKR_Jon.txt
"Stalo se pak po smrti Mojžíše, služebníka Hospodinova, že mluvil Hospodin k Jozue, synu Nun, služebníku Mojžíšovu, řka:",prophetic_relation,prophetic_relation,0.424,bible_BKR_Joz.txt
"Mojžíš, služebník můj, umřel; protož nyní vstaň, přejdi Jordán tento, ty i všecken lid tento, a jdi do země, kterouž já dávám synům Izraelským.",historical_event_relation,historical_event_relation,0.511,bible_BKR_Joz.txt
"Každé místo, po kterémž šlapati budete nohama svýma, dal jsem vám, jakož jsem mluvil k Mojžíšovi.",wisdom_relation,wisdom_relation,0.503,bible_BKR_Joz.txt
"Od pouště a Libánu toho až k řece veliké, řece Eufrates, všecka země Hetejská až do moře velikého na západ slunce bude pomezí vaše.",reported_speech,reported_speech,0.423,bible_BKR_Joz.txt
"Rubenovu pak pokolení a Gádovu, a polovici pokolení Manassesova mluvil Jozue, řka:",autoclitic_relation,autoclitic_relation,0.454,bible_BKR_Joz.txt
"Ženy vaše, dítky vaše i dobytek váš nechť zůstanou v zemi, kterouž dal vám Mojžíš s této strany Jordánu, vy pak jděte vojensky zpořádaní před bratřími svými, kteříkoli jste muži silní, a pomáhejte jim,",autoclitic_relation,autoclitic_relation,0.435,bible_BKR_Joz.txt
"Kdo by koli odporný byl rozkázaní tvému, a neposlouchal by řečí tvých ve všech věcech, kteréž bys přikázal jemu, umřeť; toliko posilň se a zmužile se měj.",request_relation,request_relation,0.51,bible_BKR_Joz.txt
"Ale jakž oznámeno bylo králi Jericha a povědíno: Aj, muži přišli sem této noci z synů Izraelských, aby shlédli zemi,",descriptive_relation,descriptive_relation,0.462,bible_BKR_Joz.txt
"Ale ona rozkázala jim vstoupiti na střechu, a skryla je v pazdeří lněném, kteréž byla skladla na střeše.",genealogical_relation,genealogical_relation,0.372,bible_BKR_Joz.txt
"Prvé pak, než usnuli špehéři, vstoupila k nim ona na střechu,",reported_speech,reported_speech,0.48,bible_BKR_Joz.txt
"Slyšeli jsme zajisté, jak vysušil Hospodin vody moře Rudého před tváří vaší, když jste vyšli z Egypta, a co jste učinili dvěma králům Amorejským, kteříž byli za Jordánem, Seonovi a Ogovi, kteréž jste zahladili jako proklaté.",request_relation,request_relation,0.42,bible_BKR_Joz.txt
"I řekli jí muži ti: Duše naše za vás nechť jsou na smrt; jestliže však nepronesete řeči naší této, takť se jistě stane, že když nám dá Hospodin zemi tuto, tehdy učiníme s tebou milosrdenství a pravdu.",reported_speech,reported_speech,0.475,bible_BKR_Joz.txt
"I řekla jim: Jděte k této hoře, aby se nepotkali s vámi, kteříž vás honí, a krejte se tam za tři dni, až se oni zase navrátí, a potom půjdete cestou svou.",reported_speech,reported_speech,0.438,bible_BKR_Joz.txt
"Jestliže, když vejdeme do země, neuvážeš provázku tohoto z nití hedbáví červeného dvakrát barveného v tomto okně, jímž jsi nás spustila, také otce svého a matky své, i bratří svých, a všeho domu otce svého neshromáždíš-li k sobě do domu.",lyrical_relation,lyrical_relation,0.253,bible_BKR_Joz.txt
"Také kdo by vyšel ven ze dveří domu tvého, krev jeho bude na hlavu jeho, ale my budeme bez viny; a každého toho, kdož bude s tebou v domě, jestliže by se kdo rukou dotekl, krev jeho na hlavy naše připadni.",reported_speech,reported_speech,0.476,bible_BKR_Joz.txt
"Odšedše pak, přišli na horu, a pobyli tam za tři dni, dokudž se nenavrátili, kteříž je honili; nebo jich hledali ti, kteříž je honili po všech cestách, ale nic nenalezli.",descriptive_relation,descriptive_relation,0.536,bible_BKR_Joz.txt
"Dříve než jsem tě sformoval v životě, znal jsem tebe, a dříve nežlis vyšel z života, posvětil jsem tě, za proroka národům dal jsem tebe.",historical_event_relation,historical_event_relation,0.565,bible_BKR_Jr.txt
"Ale Hospodin řekl mi: Neříkej, dítě jsem, nýbrž k čemuž tě koli pošli, jdi, a vše, cožť přikáži, mluv.",prophetic_relation,prophetic_relation,0.502,bible_BKR_Jr.txt
"A vztáhna ruku svou Hospodin, dotekl se úst mých, a řekl mi Hospodin: Aj, vložil jsem slova svá v ústa tvá.",reported_speech,reported_speech,0.511,bible_BKR_Jr.txt
"Hle, ustanovuji tě dnešního dne nad národy a nad královstvími, abys plénil a kazil, a hubil a bořil, abys stavěl a štěpoval.",descriptive_relation,descriptive_relation,0.5,bible_BKR_Jr.txt
"Tedy řekl mi Hospodin: Dobře vidíš; nebo pospíchám já s slovem svým, abych je vykonal.",request_relation,request_relation,0.514,bible_BKR_Jr.txt
"Opět stalo se slovo Hospodinovo ke mně po druhé, řkoucí: Co vidíš? I řekl jsem: Vidím hrnec, an vře, a přední strana jeho k straně půlnoční.",wisdom_relation,wisdom_relation,0.48,bible_BKR_Jr.txt
"A tak vypovím úsudky své proti nim, pro všelikou nešlechetnost těch, kteříž opustili mne, a kadili bohům cizím, a skláněli se dílu rukou svých.",genealogical_relation,genealogical_relation,0.554,bible_BKR_Jr.txt
"Protož ty přepaš bedra svá, a vstana, mluv k nim, cožkoli já přikazuji tobě. Nelekej se jich, abych tě nepotřel před oblíčejem jejich.",reported_speech,reported_speech,0.47,bible_BKR_Jr.txt
"Kteříž bojovati budou proti tobě, ale neodolají proti tobě. Nebo já jsem s tebou, praví Hospodin, abych tě vysvobozoval.",reported_speech,reported_speech,0.461,bible_BKR_Jr.txt
"I stalo se slovo Hospodinovo ke mně, řkoucí:",descriptive_relation,descriptive_relation,0.341,bible_BKR_Jr.txt
"Jdi a volej, tak aby slyšel Jeruzalém, řka: Takto praví Hospodin: Rozpomínám se na tě pro milosrdenství mladosti tvé, a pro lásku snětí tvého, když jsi za mnou chodila po poušti v zemi, kteráž nebývá osívána.",historical_event_relation,historical_event_relation,0.455,bible_BKR_Jr.txt
"Tak že ani neřekli: Kde jest Hospodin, kterýž nás vyvedl z země Egyptské, kterýž nás vodil po poušti, po zemi pusté a strašlivé, po zemi vyprahlé a stínu smrti, po zemi, skrze niž nechodil žádný, a kdež žádný člověk nebydlil?",historical_event_relation,historical_event_relation,0.536,bible_BKR_Jr.txt
"Nýbrž, když jsem vás uvedl do země úrodné, abyste jedli ovoce její i dobré věci její, všedše tam, poškvrnili jste země mé, a dědictví mé zohavili jste.",request_relation,request_relation,0.409,bible_BKR_Jr.txt
"Kněží neřekli: Kde jest Hospodin? a ti, kteříž se obírají s zákonem, nepoznali mne, pastýři pak odstoupili ode mne, a proroci prorokovali skrze Bále, a za věcmi neužitečnými chodili.",reported_speech,reported_speech,0.508,bible_BKR_Jr.txt
"Zdali změnil který národ bohy, ačkoli nejsou bohové? Lid pak můj změnil slávu svou v věc neužitečnou.",prophetic_relation,prophetic_relation,0.422,bible_BKR_Jr.txt
"Nebo dvojí zlost spáchal lid můj: Mne opustili pramen vod živých, aby sobě vykopali čisterny, čisterny děravé, kteréž nedrží vody.",reported_speech,reported_speech,0.535,bible_BKR_Jr.txt
Zdali otrok jest Izrael? Zdali man doma zplozený? Pročež vydán jest v loupež?,lyrical_relation,lyrical_relation,0.505,bible_BKR_Jr.txt
"Lvíčata řvou na něj, a vydávají hlas svůj, a obracejí zemi jeho v pustinu; města jeho vypálena jsou, tak že není žádného obyvatele.",descriptive_relation,descriptive_relation,0.579,bible_BKR_Jr.txt
Obyvatelé také Nof a Tachpanes pasou na vrchu hlavy tvé.,reported_speech,reported_speech,0.484,bible_BKR_Jr.txt
"Zdaliž toho sobě nepůsobíš, opouštějíc Hospodina Boha svého v ten čas, když tě vodí po cestě své?",reported_speech,reported_speech,0.521,bible_BKR_Jr.txt
"A nyní co tobě do cesty Egyptské, že piješ vodu z Níle? Aneb co tobě do cesty Assyrské, že piješ vodu z řeky?",reported_speech,reported_speech,0.439,bible_BKR_Jr.txt
"Trestati tě bude zlost tvá, a odvrácení tvá domlouvati budou tobě. Poznejž tedy a viz, že zlá a hořká věc jest, že opouštíš Hospodina Boha svého, a není bázně mé při tobě, dí Panovník Hospodin zástupů.",lyrical_relation,lyrical_relation,0.402,bible_BKR_Jr.txt
"Ačkoli dávno polámal jsem jho tvé, potrhal jsem to, čím jsi svázána byla, a řeklas: Nebuduť sloužiti modlám, však po každém pahrbku vysokém, a pod každým dřevem zeleným touláš se, ó nevěstko.",historical_event_relation,historical_event_relation,0.525,bible_BKR_Jr.txt
"Ješto jsem já tě vysadil vinným kmenem výborným, všecku napořád semenem čistotným, i kterakž jsi mi proměnila se v plané réví cizího kmene?",historical_event_relation,historical_event_relation,0.454,bible_BKR_Jr.txt
"Judas, Ježíše Krista služebník, bratr pak Jakubův, posvěceným od Boha Otce, a Kristu Ježíši zachovaným i povolaným:",request_relation,request_relation,0.591,bible_BKR_Ju.txt
"Nejmilejší, všecku snažnost vynakládaje na to, abych vám psal o obecném spasení, musil jsem psáti, vás napomínaje, abyste statečně bojovali o víru, kteráž jest jednou dána svatým.",request_relation,request_relation,0.542,bible_BKR_Ju.txt
"Neboť podešli někteří lidé bezbožní, prvé již dávno poznamenaní k tomu potupení, kteříž milost Boha našeho přenášejí v chlipnost, a toho, kterýž jest sám Hospodin, Boha a Pána našeho Jezukrista zapírají.",lyrical_relation,lyrical_relation,0.502,bible_BKR_Ju.txt
"A ty anděly, kteříž neostříhali svého knížetství, ale opustili příbytek svůj, k soudu velikého toho dne vazbou věčnou pod mrákotou schoval.",descriptive_relation,descriptive_relation,0.407,bible_BKR_Ju.txt
"Ješto Michal archanděl, když s ďáblem odpor maje, hádal se o tělo Mojžíšovo, nesměl vynésti soudu zlořečení, ale řekl: Ztresciž tě Pán.",descriptive_relation,descriptive_relation,0.544,bible_BKR_Ju.txt
"Tito pak, čehož neznají, tomu se rouhají; a což od přirození znají, jako nerozumná hovada, v tom se poškvrňují.",lyrical_relation,lyrical_relation,0.571,bible_BKR_Ju.txt
"Běda jim, nebo cestou Kainovou odešli, a poblouzením Balámovy mzdy se vylili, a odporováním Chóre zahynuli.",descriptive_relation,descriptive_relation,0.547,bible_BKR_Ju.txt
"Vzteklé vody mořské, vymítající své hanebnosti, hvězdy bludné, jimžto mrákota tmy zachována jest na věčnost.",reported_speech,reported_speech,0.155,bible_BKR_Ju.txt
"Prorokoval pak také o nich sedmý od Adama Enoch, řka: Aj, Pán se béře s svatými tisíci svými,",descriptive_relation,descriptive_relation,0.51,bible_BKR_Ju.txt
"Ale vy, nejmilejší, pamatujte na slova předpověděná od apoštolů Pána našeho Jezukrista.",request_relation,request_relation,0.418,bible_BKR_Ju.txt
"Neboť pověděli vám, že v posledním času budou posměvači, podlé svých bezbožných žádostí chodící.",historical_event_relation,historical_event_relation,0.286,bible_BKR_Ju.txt
"Toť jsou ti, kteříž se sami odtrhují, hovadní, Ducha Kristova nemající.",wisdom_relation,wisdom_relation,0.585,bible_BKR_Ju.txt
"Jiné pak strašením k spasení přivozujte, z ohně je vychvacujíce, v nenávisti majíce i tu skrze tělo poškvrněnou sukni.",historical_event_relation,historical_event_relation,0.58,bible_BKR_Ju.txt
"Samému moudrému Bohu, spasiteli našemu, budiž sláva a velebnost, císařství i moc, i nyní i po všecky věky. Amen.",descriptive_relation,descriptive_relation,0.45,bible_BKR_Ju.txt
"Slova kazatele syna Davidova, krále v Jeruzalémě.",request_relation,request_relation,0.562,bible_BKR_Kaz.txt
"Marnost nad marnostmi, řekl kazatel, marnost nad marnostmi, a všecko marnost.",descriptive_relation,descriptive_relation,0.495,bible_BKR_Kaz.txt
"Jaký užitek má člověk ze všelijaké práce své, kterouž vede pod sluncem?",lyrical_relation,lyrical_relation,0.584,bible_BKR_Kaz.txt
"Věk pomíjí, a jiný věk nastává, ačkoli země na věky trvá.",descriptive_relation,descriptive_relation,0.499,bible_BKR_Kaz.txt
"Všecky řeky jdou do moře, a však se moře nepřeplňuje; do místa, do něhož tekou řeky, navracují se, aby zase odtud vycházely.",lyrical_relation,lyrical_relation,0.552,bible_BKR_Kaz.txt
"Což bylo, jest to, což býti má; a což se nyní děje, jest to, což se díti bude; aniž jest co nového pod sluncem.",descriptive_relation,descriptive_relation,0.295,bible_BKR_Kaz.txt
"Já kazatel byl jsem králem nad Izraelem v Jeruzalémě,",historical_event_relation,historical_event_relation,0.42,bible_BKR_Kaz.txt
"A přiložil jsem mysl svou k tomu, jak bych vyhledati a vystihnouti mohl rozumností svou všecko to, což se děje pod nebem. (Takové bídné zaměstknání dal Bůh synům lidským, aby se jím bědovali.)",reported_speech,reported_speech,0.549,bible_BKR_Kaz.txt
"Viděl jsem všecky skutky, dějící se pod sluncem, a aj, všecko jest marnost a trápení ducha.",reported_speech,reported_speech,0.594,bible_BKR_Kaz.txt
"Protož tak jsem myslil v srdci svém, řka: Aj, já zvelebil jsem a rozšířil moudrost nade všecky, kteříž byli přede mnou v Jeruzalémě, a srdce mé dosáhlo množství moudrosti a umění.",prophetic_relation,prophetic_relation,0.423,bible_BKR_Kaz.txt
"Nebo kde jest mnoho moudrosti, tu mnoho hněvu; a kdož rozmnožuje umění, rozmnožuje bolest.",wisdom_relation,wisdom_relation,0.44,bible_BKR_Kaz.txt
"Smíchu jsem řekl: Blázníš, a veselí: Co to děláš?",lyrical_relation,lyrical_relation,0.557,bible_BKR_Kaz.txt
"Přemyšloval jsem v srdci svém, abych povoloval u víně tělu svému, srdce však své spravuje moudrostí, a přídržel se bláznovství dotud, až bych zkusil, co by lepšího bylo synům lidským, aby činili pod nebem v počtu dnů života svého.",lyrical_relation,lyrical_relation,0.469,bible_BKR_Kaz.txt
"Veliké jsem skutky činil, vystavěl jsem sobě domy, štípil jsem sobě vinice.",reported_speech,reported_speech,0.585,bible_BKR_Kaz.txt
"Vzdělal jsem sobě zahrady a štěpnice, a štípil jsem v nich stromy všelijakého ovoce.",descriptive_relation,descriptive_relation,0.458,bible_BKR_Kaz.txt
"A tak velikým jsem učiněn, a zrostl jsem nade všecky, kteříž přede mnou byli v Jeruzalémě; nadto moudrost má zůstávala při mně.",historical_event_relation,historical_event_relation,0.27,bible_BKR_Kaz.txt
"A čehožkoli žádaly oči mé, nezbránil jsem jim, aniž jsem zbraňoval srdci svému jakého veselí; srdce mé zajisté veselilo se ze vší práce mé, a to byl podíl můj ze vší práce mé.",lyrical_relation,lyrical_relation,0.475,bible_BKR_Kaz.txt
"Ale jakž jsem se ohlédl na všecky skutky své, kteréž činily ruce mé, a na práci úsilně vedenou, a aj, všecko marnost a trápení ducha, a že nic není užitečného pod sluncem.",historical_event_relation,historical_event_relation,0.424,bible_BKR_Kaz.txt
"Nebo není památka moudrého jako i blázna na věky, proto že to, což nyní jest, ve dnech budoucích všecko v zapomenutí přichází, a že jakož umírá moudrý, tak i blázen.",request_relation,request_relation,0.39,bible_BKR_Kaz.txt
"Ano mrzí mne i všecka práce má, kterouž jsem vedl pod sluncem proto že jí zanechati musím člověku, kterýž bude po mně.",prophetic_relation,prophetic_relation,0.399,bible_BKR_Kaz.txt
"Nebo co má člověk ze vší práce své a z kvaltování srdce svého, kteréž snáší pod sluncem,",autoclitic_relation,autoclitic_relation,0.505,bible_BKR_Kaz.txt
"Díky činíme Bohu a Otci Pána našeho Jezukrista, vždycky za vás modléce se,",lyrical_relation,lyrical_relation,0.515,bible_BKR_Ko.txt
"Slyšavše o víře vaší v Kristu Ježíši, a o lásce ke všechněm svatým,",historical_event_relation,historical_event_relation,0.59,bible_BKR_Ko.txt
"Pro naději složenou vám v nebesích, o níž jste prvé slyšeli v slovu pravdy, to jest evangelium.",historical_event_relation,historical_event_relation,0.392,bible_BKR_Ko.txt
"Protož i my, od toho dne, jakž jsme to uslyšeli, nepřestáváme modliti se za vás a žádati, abyste naplněni byli známostí vůle jeho ve vší moudrosti a rozumnosti duchovní,",descriptive_relation,descriptive_relation,0.581,bible_BKR_Ko.txt
"Všelikou mocí zmocněni jsouce, podlé síly slávy jeho, ke vší trpělivosti a dobrotivosti s radostí,",prophetic_relation,prophetic_relation,0.513,bible_BKR_Ko.txt
"Kterýž jest obraz Boha neviditelného, prvorozený všeho stvoření.",autoclitic_relation,autoclitic_relation,0.458,bible_BKR_Ko.txt
"A onť jest hlava těla církve, kterýž jest počátek a prvorozený z mrtvých, aby tak on ve všem prvotnost držel,",prophetic_relation,prophetic_relation,0.565,bible_BKR_Ko.txt
"Poněvadž se zalíbilo Otci, aby v něm všecka plnost přebývala,",reported_speech,reported_speech,0.362,bible_BKR_Ko.txt
"A skrze něho aby smířil s sebou všecko, v pokoj uvodě skrze krev kříže jeho, skrze něj, pravím, buďto ty věci, kteréž jsou na zemi, buď ty, kteréž jsou na nebi.",historical_event_relation,historical_event_relation,0.29,bible_BKR_Ko.txt
"Tělem svým skrze smrt, aby vás postavil svaté, a nepoškvrněné, a bez úhony před oblíčejem svým,",reported_speech,reported_speech,0.544,bible_BKR_Ko.txt
"Kterýž nyní raduji se z utrpení svých pro vás, a doplňuji ostatky ssoužení Kristových na těle svém za jeho tělo, jenž jest církev,",reported_speech,reported_speech,0.52,bible_BKR_Ko.txt
"To tajemství skryté od věků a národů, nyní pak zjevené svatým jeho.",descriptive_relation,descriptive_relation,0.524,bible_BKR_Ko.txt
"Jimžto Bůh ráčil známo učiniti, kteraké by bylo bohatství slavného tajemství tohoto mezi pohany, jenž jest Kristus v vás, ta naděje slávy,",autoclitic_relation,autoclitic_relation,0.555,bible_BKR_Ko.txt
"O čež i pracuji, bojuje podlé té jeho mocnosti, kteráž dělá ve mně mocně.",genealogical_relation,genealogical_relation,0.591,bible_BKR_Ko.txt
"Chciť zajisté, abyste věděli, jakou nesnáz mám o vás, a o ty, kteříž jsou v Laodicii, a kteřížkoli neviděli tváři mé podlé těla,",historical_event_relation,historical_event_relation,0.548,bible_BKR_Ko.txt
"Protož jakž jste přijali Krista Ježíše Pána, tak v něm choďte,",prophetic_relation,prophetic_relation,0.598,bible_BKR_Ko.txt
"Vkořenění a vzdělaní na něm, a utvrzení u víře, jakž jste naučeni, rozhojňujíce se v ní s díků činěním.",descriptive_relation,descriptive_relation,0.549,bible_BKR_Ko.txt
"Hleďtež, aťby vás někdo neobloupil moudrostí světa, a marným zklamáním, uče podlé ustanovení lidských, podlé živlů světa, a ne podlé Krista.",prophetic_relation,prophetic_relation,0.577,bible_BKR_Ko.txt
Nebo v něm přebývá všecka plnost Božství tělesně.,historical_event_relation,historical_event_relation,0.547,bible_BKR_Ko.txt
"V němž i obřezáni jste obřezáním ne rukou učiněným, svlékše tělo hříchů skrze obřezání Kristovo,",wisdom_relation,wisdom_relation,0.46,bible_BKR_Ko.txt
"Abys zvěděl jistotu těch věcí, jimž jsi vyučován.",historical_event_relation,historical_event_relation,0.596,bible_BKR_L.txt
"Byl za dnů Heródesa krále Judského kněz nějaký, jménem Zachariáš, z třídy Abiášovy, a manželka jeho ze dcer Aronových, a jméno její Alžběta.",prophetic_relation,prophetic_relation,0.576,bible_BKR_L.txt
"I řekl jemu anděl: Neboj se, Zachariáši, neboť jest uslyšána modlitba tvá, a Alžběta manželka tvá porodí tobě syna, a nazůveš jméno jeho Jan.",historical_event_relation,historical_event_relation,0.205,bible_BKR_L.txt
"Z čehož budeš míti radost a veselé, a mnozí se z jeho narození budou radovati.",wisdom_relation,wisdom_relation,0.581,bible_BKR_L.txt
"Neboť on předejde před oblíčejem jeho v duchu a v moci Eliášově, aby obrátil srdce otců k synům, a nevěřící k opatrnosti spravedlivých, aby postavil Pánu lid hotový.",request_relation,request_relation,0.539,bible_BKR_L.txt
"I odpověděv anděl, řekl jemu: Jáť jsem Gabriel, kterýž stojím před oblíčejem Božím, a poslán jsem, abych mluvil s tebou, a tyto věci veselé tobě zvěstoval.",descriptive_relation,descriptive_relation,0.582,bible_BKR_L.txt
"A po těch dnech počala Alžběta manželka jeho, a tajila se za pět měsíců, řkuci:",request_relation,request_relation,0.585,bible_BKR_L.txt
"Že tak mi učinil Pán ve dnech, v nichž vzezřel, aby odjal mé pohanění mezi lidmi.",descriptive_relation,descriptive_relation,0.475,bible_BKR_L.txt
"I řekl jí anděl: Neboj se, Maria, nebo jsi nalezla milost u Boha.",reported_speech,reported_speech,0.507,bible_BKR_L.txt
"A počneš v životě, a porodíš syna, a nazůveš jméno jeho Ježíš.",request_relation,request_relation,0.365,bible_BKR_L.txt
"Tenť bude veliký, a Syn Nejvyššího slouti bude, a dáť jemu Pán Bůh stolici Davida otce jeho.",reported_speech,reported_speech,0.517,bible_BKR_L.txt
"A kralovati bude v domě Jákobově na věky, a království jeho nebude konce.",descriptive_relation,descriptive_relation,0.468,bible_BKR_L.txt
"I řekla Maria andělu: Kterak se to stane, poněvadž já muže nepoznávám?",prophetic_relation,prophetic_relation,0.402,bible_BKR_L.txt
Neboť nebude nemožné u Boha žádné slovo.,descriptive_relation,descriptive_relation,0.474,bible_BKR_L.txt
"I řekla Maria: Aj, děvka Páně, staniž mi se podlé slova tvého. I odšel od ní anděl.",lyrical_relation,lyrical_relation,0.252,bible_BKR_L.txt
"Povolal pak Hospodin Mojžíše, a mluvil k němu z stánku úmluvy, řka:",historical_event_relation,historical_event_relation,0.537,bible_BKR_Lv.txt
"Mluv k synům Izraelským a rci jim: Když by kdo z vás obětoval obět Hospodinu, z hovad, totiž z volů aneb z drobného dobytka obětovati budete obět svou.",reported_speech,reported_speech,0.58,bible_BKR_Lv.txt
"A vloží ruku svou na hlavu oběti zápalné, i bude příjemná jemu k očištění jeho.",historical_event_relation,historical_event_relation,0.571,bible_BKR_Lv.txt
"Tedy zabije volka toho před tváří Hospodinovou, a obětovati budou kněží, synové Aronovi, krev, a pokropí tou krví oltáře svrchu vůkol, kterýž jest u dveří stánku úmluvy.",reported_speech,reported_speech,0.52,bible_BKR_Lv.txt
"Potom zpořádají kněží, synové Aronovi, díly ty, hlavu i tuk, na dříví vložené na oheň, kterýž jest na oltáři.",request_relation,request_relation,0.531,bible_BKR_Lv.txt
"A zabije ho při straně oltáře půlnoční před tváří Hospodinovou, a pokropí kněží, synové Aronovi, krví oltáře vůkol.",wisdom_relation,wisdom_relation,0.579,bible_BKR_Lv.txt
"Odejme také vole jeho s nečistotami jeho, a povrže je blízko oltáře k straně východní na místo, kdež jest popel.",descriptive_relation,descriptive_relation,0.447,bible_BKR_Lv.txt
"A natrhne ho za křídla jeho, kterýchž však neodtrhne. I páliti bude je kněz na oltáři na dříví, kteréž jest na ohni; zápalť jest v obět ohnivou, vůně spokojující Hospodina.",request_relation,request_relation,0.445,bible_BKR_Lv.txt
"Když by pak který člověk obětoval dar oběti suché Hospodinu, mouka bělná bude obět jeho. I poleje ji olejem a vloží na ni kadidlo.",reported_speech,reported_speech,0.429,bible_BKR_Lv.txt
"Když bys pak obětoval dar oběti suché, pečené v peci, ať jsou z mouky bělné koláčové nekvašení, zadělaní olejem, aneb oplatkové přesní olejem pomazaní.",prophetic_relation,prophetic_relation,0.581,bible_BKR_Lv.txt
"Jestliže pak obět suchou na pánvici smaženou obětovati budeš, bude z mouky bělné olejem zadělané a nenakvašené.",request_relation,request_relation,0.555,bible_BKR_Lv.txt
"Rozlámeš ji na kusy a naleješ na ni oleje, obět suchá jest.",lyrical_relation,lyrical_relation,0.501,bible_BKR_Lv.txt
"Což pak zůstane z oběti té suché, bude Aronovi i synům jeho, svaté svatých, z ohnivých obětí Hospodinových.",request_relation,request_relation,0.537,bible_BKR_Lv.txt
"V oběti prvotin toliko obětovati budete je Hospodinu, ale na tento oltář neobětujte jich u vůni spokojující.",descriptive_relation,descriptive_relation,0.47,bible_BKR_Lv.txt
"A poleješ ji svrchu olejem, kadidlo také vložíš na ni; obět suchá jest.",request_relation,request_relation,0.324,bible_BKR_Lv.txt
"Potom obětovati bude z oběti pokojné ohnivou obět Hospodinu, tuk střeva kryjící, i všeliký tuk, kterýž jest na nich,",descriptive_relation,descriptive_relation,0.539,bible_BKR_Lv.txt
"I páliti to budou synové Aronovi na oltáři spolu s obětí zápalnou, kteráž bude na dříví vloženém na oheň; obět zajisté ohnivá jest, vůně spokojující Hospodina.",autoclitic_relation,autoclitic_relation,0.596,bible_BKR_Lv.txt
"Jestliže by obětoval beránka, obět svou, tedy obětovati jej bude před tváří Hospodinovou.",request_relation,request_relation,0.559,bible_BKR_Lv.txt
"Miluji vás, praví Hospodin, vy pak říkáte: V čem nás miluješ? Zdaliž Ezau nebyl bratr Jákobův? praví Hospodin. A však jsem miloval Jákoba.",historical_event_relation,historical_event_relation,0.213,bible_BKR_Mal.txt
"Ezau pak měl jsem v nenávisti; protož zanechal jsem hor jeho pustých, a dědictví jeho drakům pouště.",request_relation,request_relation,0.589,bible_BKR_Mal.txt
"Řekne-li Idumejská země: Ochuzeniť jsme, ale navrátíme se zase, a vystavíme místa pustá, takto praví Hospodin zástupů: Oni nechť stavějí, a já budu bořiti. I budou je nazývati pomezím bezbožnosti a lidem, na nějž hněviv bude Hospodin až na věky.",reported_speech,reported_speech,0.378,bible_BKR_Mal.txt
"Kteříž přinášejíce na oltář můj obět poškvrněnou, říkáte: Čímž jsme tě poškvrnili? Tím, když říkáte: Stůl Hospodinův v pohrdání jest.",request_relation,request_relation,0.509,bible_BKR_Mal.txt
"Anobrž kdo jest mezi vámi, aby zavřel dvéře, aneb zapálil na oltáři mém darmo? Nemámť v vás žádné líbosti, praví Hospodin zástupů, a oběti nepřijmu z ruky vaší.",prophetic_relation,prophetic_relation,0.252,bible_BKR_Mal.txt
"Nebo od východu slunce až na západ jeho veliké bude jméno mé mezi národy, a na všelikém místě kadění přinášíno bude jménu mému, a obět čistá. Veliké zajisté jméno mé bude mezi národy, praví Hospodin zástupů,",request_relation,request_relation,0.285,bible_BKR_Mal.txt
"Ačkoli vy ho poškvrňujete, když říkáte: Stůl Hospodinův v pohrdání jest, a což kladeno bývá na něj, že jest chaterný pokrm.",reported_speech,reported_speech,0.584,bible_BKR_Mal.txt
"Anobrž zlořečený jest fortelný, kterýž maje v svém stádě samce, činí slib, a obětuje Pánu to, což jest churavého. Nebo král veliký já jsem, praví Hospodin zástupů, a jméno mé jest hrozné mezi národy.",historical_event_relation,historical_event_relation,0.443,bible_BKR_Mal.txt
"Neuposlechnete-li a nesložíte-li v srdci, abyste dali slávu jménu mému, praví Hospodin zástupů, zajisté že pošli na vás zlořečenství, a zlořečiti budu požehnáním vašim. Anobrž již jsem zlořečil každému z nich, nebo jste nikoli nesložili toho v srdci.",descriptive_relation,descriptive_relation,0.521,bible_BKR_Mal.txt
"Nebo víte, že jsem poslal k vám přikázaní to, aby byla stálá smlouva s Léví, praví Hospodin zástupů.",reported_speech,reported_speech,0.595,bible_BKR_Mal.txt
"Zákon pravdy byl v ústech jeho, a nepravost nebyla nalezena ve rtech jeho, v pokoji a upřímosti chodil se mnou, a mnohé odvrátil od nepravosti.",genealogical_relation,genealogical_relation,0.353,bible_BKR_Mal.txt
"Nevěrně činí Juda, a ohavnost se děje v Izraeli a v Jeruzalémě; nebo poškvrňuje Juda svatosti Hospodinovy, kterouž by milovati měl, pojímaje za manželku dceru boha jiného.",wisdom_relation,wisdom_relation,0.41,bible_BKR_Mal.txt
"Vypléní Hospodin muže, kterýž to činí, z stánků Jákobových, bdícího i odpovídajícího, i obětujícího dar Hospodinu zástupů.",historical_event_relation,historical_event_relation,0.596,bible_BKR_Mal.txt
"Již to podruhé činíte, že přikrýváte slzami oltář Hospodinův, pláčem a křikem, pročež nikoli nepatří již více k daru, aniž přijímá oběti vzácné z ruky vaší.",request_relation,request_relation,0.468,bible_BKR_Mal.txt
"Těžcí jste Hospodinu slovy svými, a však říkáte: V čem jsme těžcí? Když říkáte: Každý, kdož činí zlé, líbí se Hospodinu, a v těch on líbost má, aneb: Kde jest Bůh soudu?",reported_speech,reported_speech,0.537,bible_BKR_Mal.txt
"I zachutná sobě Hospodin obět Judovu a Jeruzalémských, jako za dnů prvních, a jako za let starodávních.",lyrical_relation,lyrical_relation,0.533,bible_BKR_Mal.txt
"K vám pak přikročím s pomstou, a budu rychlým svědkem proti kouzedlníkům, a proti cizoložníkům, a proti křivopřísežníkům, i proti těm, kteříž s útiskem zadržují mzdu nájemníka, vdově a sirotku, a příchozímu křivdu činíce, nebojí se mne, praví Hospodin zástupů.",lyrical_relation,lyrical_relation,0.574,bible_BKR_Mal.txt
"Slyšte všickni lidé napořád, pozoruj země, i což na ní jest, a nechť jest Panovník Hospodin proti vám svědkem, Panovník z chrámu svatosti své.",descriptive_relation,descriptive_relation,0.557,bible_BKR_Mi.txt
"I budou se rozplývati hory pod ním, a údolé se roztrhovati, tak jako vosk od ohně, a jako vody mající spád dolů,",lyrical_relation,lyrical_relation,0.557,bible_BKR_Mi.txt
"A to všecko pro Jákobovo zpronevěření, a pro hříchy domu Izraelského. Kdo jest příčina zpronevěření Jákobova? Zdali ne Samaří? A kdo výsostí Judských: Zdali ne Jeruzalém?",lyrical_relation,lyrical_relation,0.516,bible_BKR_Mi.txt
"A všecky rytiny její ztlučeny budou, i všickni darové její ohněm spáleni, a všecky modly její obrátím v pustinu. Nebo ze mzdy nevěstčí toho nashromáždila, protož se zase ke mzdě nevěstčí to navrátí.",wisdom_relation,wisdom_relation,0.53,bible_BKR_Mi.txt
"Nad čímž kvíliti a naříkati budu, chodě svlečený a nahý, vydám se v naříkání jako drakové, a v kvílení jako mladé sovy,",request_relation,request_relation,0.438,bible_BKR_Mi.txt
"Neoznamujtež v Gát, aniž hned plačte; v domě Ofra v prachu se válej.",request_relation,request_relation,0.336,bible_BKR_Mi.txt
"Bude, pravím, bolestiti pro dobré věci obyvatelkyně Marót, proto že sstoupí zlé od Hospodina až do brány Jeruzalémské.",wisdom_relation,wisdom_relation,0.592,bible_BKR_Mi.txt
"Zapřáhni do vozu rychlé koně, obyvatelkyně Lachis, kteráž jsi původ hřícha dceři Sionské; nebo v tobě nalezena jsou přestoupení Izraelova.",genealogical_relation,genealogical_relation,0.425,bible_BKR_Mi.txt
"Učiniž sobě lysinu, a ohol se pro syny rozkoší svých; rozšiř lysinu svou jako orlice, nebo stěhují se od tebe.",request_relation,request_relation,0.509,bible_BKR_Mi.txt
"Požádají polí, i vydírají, takž i domů, a odjímají; a tak provozují moc nad mužem i domem jeho, nad jedním každým i dědictvím jeho.",reported_speech,reported_speech,0.467,bible_BKR_Mi.txt
"V ten den užívati budou o vás přísloví, a naříkati budou naříkáním žalostným, řkouce: Do cela zpuštěni jsme, podíl lidu mého proměnil. Jaktě mi jej odjal, a vzav pole naše, rozdělil!",request_relation,request_relation,0.594,bible_BKR_Mi.txt
"Neprorokujte. Budou prorokovati, ale nebudou těmto prorokovati, a neponesou pohanění.",wisdom_relation,wisdom_relation,0.48,bible_BKR_Mi.txt
"Včera byl lidem mým, již jako nepřítel povstává. Majíce oděv, plášť strhujete s těch, kteříž chodí bezpečně, vyhýbajíce se bitvě.",historical_event_relation,historical_event_relation,0.287,bible_BKR_Mi.txt
"Jestliže za proroka se vydávaje a lež mluvě, říká: Budu tobě prorokovati o víně aneb o nápoji opojujícím, takový bývá prorokem lidu tohoto.",lyrical_relation,lyrical_relation,0.564,bible_BKR_Mi.txt
"Jistotně zberu tě, Jákobe, docela, jistotně shromáždím ostatky Izraele, a seženu je v hromadu jako ovce v Bozra, jako stádo do prostřed ovčince jeho, i vzejde hluk od lidu.",lyrical_relation,lyrical_relation,0.35,bible_BKR_Mi.txt
"Vstoupí ten, kterýž prolamovati bude před nimi. Prolomí, a projdou bránu, a vyjdou skrze ni; ano i král jejich půjde před nimi, a Hospodin na špici jejich.",descriptive_relation,descriptive_relation,0.389,bible_BKR_Mi.txt
"Protož pravím: Slyštež již přední v Jákobovi, a vůdcové domu Izraelského: Zdaliž vy nemáte povědomi býti soudu?",wisdom_relation,wisdom_relation,0.494,bible_BKR_Mi.txt
"Tehdy volati budou k Hospodinu, a nevyslyší jich, ale skryje tvář svou před nimi v ten čas, tak jakž oni vykonávali zlá předsevzetí svá.",descriptive_relation,descriptive_relation,0.52,bible_BKR_Mi.txt
"A protož obrátí se vám vidění v noc, a předpovídání vaše v tmu; nebo zajde slunce těm prorokům, a zatmí se jim den.",historical_event_relation,historical_event_relation,0.363,bible_BKR_Mi.txt
"I budou se hanbiti ti vidoucí, a styděti ti věštci, a zastrou bradu svou všickni napořád, proto že nebude žádné odpovědi Boží.",reported_speech,reported_speech,0.495,bible_BKR_Mi.txt
"Ale já naplněn jsem silou Ducha Hospodinova, a soudem i udatností, abych oznámil Jákobovi zpronevěření jeho, a Izraelovi hřích jeho.",descriptive_relation,descriptive_relation,0.487,bible_BKR_Mi.txt
"Slyštež již toto přední v domě Jákobově, a vůdcové domu Izraelského, kteříž v ošklivosti mají soud, a cožkoli jest pravého, převracejí:",request_relation,request_relation,0.539,bible_BKR_Mi.txt
"Každý vzdělává Sion vraždami, a Jeruzalém nepravostí.",genealogical_relation,genealogical_relation,0.293,bible_BKR_Mi.txt
"Hlas volajícího na poušti: Připravujte cestu Páně, přímé čiňte stezky jeho.",descriptive_relation,descriptive_relation,0.579,bible_BKR_Mk.txt
"I stalo se v těch dnech, přišel Ježíš z Nazarétu Galilejského, a pokřtěn jest od Jana v Jordáně.",prophetic_relation,prophetic_relation,0.523,bible_BKR_Mk.txt
"I byl tam na poušti čtyřidceti dnů, a pokoušín byl od satana; a byl s zvěří, a andělé přisluhovali jemu.",lyrical_relation,lyrical_relation,0.552,bible_BKR_Mk.txt
"A pravě: Že se naplnil čas, a přiblížilo se království Boží. Čiňte pokání, a věřte evangelium.",lyrical_relation,lyrical_relation,0.572,bible_BKR_Mk.txt
"A hned opustivše síti své, šli za ním.",request_relation,request_relation,0.411,bible_BKR_Mk.txt
"I vešli do Kafarnaum. A hned v sobotu šed do školy, učil.",wisdom_relation,wisdom_relation,0.558,bible_BKR_Mk.txt
"I byl v škole jejich člověk, maje ducha nečistého. Kterýž zvolal,",reported_speech,reported_speech,0.453,bible_BKR_Mk.txt
"I polomcovav jím duch nečistý a křiče hlasem velikým, vyšel z něho.",descriptive_relation,descriptive_relation,0.487,bible_BKR_Mk.txt
"A hned vyšedše ze školy, přišli do domu Šimonova a Ondřejova s Jakubem a s Janem.",prophetic_relation,prophetic_relation,0.574,bible_BKR_Mk.txt
"Šimonova pak svegruše ležela, majíc zimnici. A hned jemu pověděli o ní.",historical_event_relation,historical_event_relation,0.519,bible_BKR_Mk.txt
"A přistoupiv, pozdvihl jí, ujav ji za ruku její, a hned přestala jí zimnice. I posluhovala jim.",wisdom_relation,wisdom_relation,0.599,bible_BKR_Mk.txt
"Večer pak při západu slunce, nosili k němu všecky nemocné i ďábelníky.",historical_event_relation,historical_event_relation,0.571,bible_BKR_Mk.txt
A bylo se všecko město zběhlo ke dveřím.,descriptive_relation,descriptive_relation,0.585,bible_BKR_Mk.txt
"I kázal v školách jejich ve vší Galilei, a ďábelství vymítal.",request_relation,request_relation,0.496,bible_BKR_Mk.txt
"Tedy přišel k němu malomocný, prose ho, a klekna před ním, řekl jemu: Chceš-li, můžeš mne očistiti.",wisdom_relation,wisdom_relation,0.541,bible_BKR_Mk.txt
Abraham zplodil Izáka. Izák pak zplodil Jákoba. Jákob zplodil Judu a bratří jeho.,reported_speech,reported_speech,0.366,bible_BKR_Mt.txt
Judas pak zplodil Fáresa a Záru z Támar. Fáres pak zplodil Ezroma. Ezrom zplodil Arama.,genealogical_relation,genealogical_relation,0.525,bible_BKR_Mt.txt
Salmon zplodil Bóza z Raab. A Bóz zplodil Obéda z Rut. Obéd pak zplodil Jesse.,historical_event_relation,historical_event_relation,0.497,bible_BKR_Mt.txt
Joziáš pak zplodil Jekoniáše a bratří jeho v zajetí Babylonském.,descriptive_relation,descriptive_relation,0.578,bible_BKR_Mt.txt
A po zajetí Babylonském Jekoniáš zplodil Salatiele. Salatiel pak zplodil Zorobábele.,reported_speech,reported_speech,0.536,bible_BKR_Mt.txt
"A tak všech rodů od Abrahama až do Davida bylo rodů čtrnácte, a od Davida až do zajetí Babylonského rodů čtrnácte, a od zajetí Babylonského až do Krista rodů čtrnácte.",historical_event_relation,historical_event_relation,0.461,bible_BKR_Mt.txt
"Když pak on o tom přemyšloval, aj, anděl Páně ve snách ukázal se jemu, řka: Jozefe synu Davidův, neboj se přijíti Marie manželky své; nebo což v ní jest počato, z Ducha svatého jest.",reported_speech,reported_speech,0.47,bible_BKR_Mt.txt
"Porodíť pak syna, a nazůveš jméno jeho Ježíš; onť zajisté vysvobodí lid svůj od hříchů jejich.",reported_speech,reported_speech,0.472,bible_BKR_Mt.txt
"Toto pak všecko stalo se, aby se naplnilo, což povědíno bylo ode Pána skrze proroka, řkoucího:",prophetic_relation,prophetic_relation,0.353,bible_BKR_Mt.txt
"Aj, panna těhotná bude, a porodí syna, a nazůveš jméno jeho Emmanuel, kteréž se vykládá: S námi Bůh.",historical_event_relation,historical_event_relation,0.472,bible_BKR_Mt.txt
"Ale nepoznal jí, až i porodila Syna svého prvorozeného, a nazvala jméno jeho Ježíš.",wisdom_relation,wisdom_relation,0.456,bible_BKR_Mt.txt
"Když se pak narodil Ježíš v Betlémě Judově za dnů Heródesa krále, aj, mudrci od východu slunce vypravili se do Jeruzaléma,",historical_event_relation,historical_event_relation,0.36,bible_BKR_Mt.txt
"A ty Betléme, země Judská, nikoli nejsi nejmenší mezi knížaty Judskými; neboť z tebe vyjde vývoda, kterýž pásti bude lid můj Izraelský.",request_relation,request_relation,0.484,bible_BKR_Mt.txt
"Tehdy Heródes tajně povolav mudrců, pilně se jich vyptával, kterého by se jim času hvězda ukázala.",request_relation,request_relation,0.461,bible_BKR_Mt.txt
"A když je propouštěl do Betléma, řekl: Jdouce, vyptejte se pilně na to děťátko, a když naleznete, zvěstujtež mi, ať i já přijda, pokloním se jemu.",prophetic_relation,prophetic_relation,0.539,bible_BKR_Mt.txt
"Oni pak vyslyševše krále, jeli. A aj, hvězda, kterouž byli viděli na východu slunce, předcházela je, až i přišedši, stála nad místem, kdež bylo děťátko.",prophetic_relation,prophetic_relation,0.419,bible_BKR_Mt.txt
"A byl tam až do smrti Heródesovy, aby se naplnilo povědění Páně skrze proroka, řkoucího: Z Egypta povolal jsem Syna svého.",descriptive_relation,descriptive_relation,0.567,bible_BKR_Mt.txt
Břímě Ninive: Kniha vidění Nahuma Elkošského.,reported_speech,reported_speech,0.546,bible_BKR_Na.txt
"Hospodin jest Bůh horlivý a mstitel, mstitel jestiť Hospodin, a zůřivý. Hospodin uvodí pomstu na protivníky své, a drží hněv proti nepřátelům svým.",reported_speech,reported_speech,0.559,bible_BKR_Na.txt
"Hospodin dlouhočekající jest a velikomocný, však nikoli neospravedlňuje vinného. U vichru a bouři jest cesta Hospodinova, a oblak jest prach noh jeho.",reported_speech,reported_speech,0.506,bible_BKR_Na.txt
"Co myslíte proti Hospodinu? Onť konec učiní, nezdvihne druhé rány.",request_relation,request_relation,0.476,bible_BKR_Na.txt
"Takto dí Hospodin: Byť se byli pokojně měli, byliť by tak v rozšíření zůstali aneb by toliko přemrštěni byli; i bylo by to pominulo, a netrápil bych jich více, tak jako jsem trápil.",historical_event_relation,historical_event_relation,0.462,bible_BKR_Na.txt
"Nyní pak polámi jho jeho, aby neleželo na tobě, a to, čímž jsi svázán, roztrhám.",reported_speech,reported_speech,0.595,bible_BKR_Na.txt
"Nebo přikázaní vydal proti tobě Hospodin, nebudeť rozsíváno ze jména tvého více; z domu Boha tvého vyhladím rytinu i slitinu, a když zlehčen budeš, způsobímť hrob.",historical_event_relation,historical_event_relation,0.573,bible_BKR_Na.txt
"Aj hle na horách těchto nohy potěšené věci zvěstujícího, ohlašujícího pokoj. Slaviž, o Judo, slavnosti své, plň sliby své. Neboť nepokusí se více ani mimo tebe choditi nešlechetný, docelať jest vyhlazen.",reported_speech,reported_speech,0.553,bible_BKR_Na.txt
"Sšikuje nejznamenitější své, klesnou v šiku svém, pospíší ke zdem jeho, a skryše připravována bude.",prophetic_relation,prophetic_relation,0.532,bible_BKR_Na.txt
"Brány při řekách se otevrou, chrám se rozplyne.",lyrical_relation,lyrical_relation,0.52,bible_BKR_Na.txt
"A Hutsab zajata jsuc, zavedena bude, a děvečky její poberou se, lkajíce jako holubice, a tepouce prsy své.",reported_speech,reported_speech,0.491,bible_BKR_Na.txt
"Rozchvátejtež stříbro, rozchvácejte zlato a nesčíslná zboží, a cožkoli nejvzácnějšího na všelikých klénotích drahých.",wisdom_relation,wisdom_relation,0.594,bible_BKR_Na.txt
"Kdež jest peleš lvů a to pastviště lvíčat, kamž chodíval lev, lev i lvíče, a nebylo žádného, kdo by přestrašil.",descriptive_relation,descriptive_relation,0.422,bible_BKR_Na.txt
"Aj, já proti tobě, praví Hospodin zástupů, a popálím na prach vozy tvé, a lvíčata tvá sžíře meč; i vypléním z země loupež tvou, a nebude slyšán více hlas poslů tvých.",request_relation,request_relation,0.534,bible_BKR_Na.txt
"Běda městu vražednému, kteréž všecko lži a ukrutenství plné jest, neodchází z něho loupež.",lyrical_relation,lyrical_relation,0.319,bible_BKR_Na.txt
"Praskání bičů a hřmot kol, a dusání koní, a vozů skákání bude.",genealogical_relation,genealogical_relation,0.528,bible_BKR_Na.txt
"Pro množství smilství smilnice, velmi milé, mistryně kouzlů, kteráž prodávala národy smilstvými svými, a lidi kouzly svými.",request_relation,request_relation,0.492,bible_BKR_Na.txt
"Aj, já proti tobě, dí Hospodin zástupů, a odkryji podolek tvůj nad hlavu tvou, a ukáži národům nahotu tvou, a královstvím hanbu tvou.",wisdom_relation,wisdom_relation,0.454,bible_BKR_Na.txt
"A ukydaje tě ohavnými věcmi, uvedu tě v lehkost, a vystavím tě za divadlo.",lyrical_relation,lyrical_relation,0.513,bible_BKR_Na.txt
"Mouřenínská země i Egypt silou jeho byla, a nesčíslní, Putští a Lubimští, byli jemu na pomoc.",historical_event_relation,historical_event_relation,0.532,bible_BKR_Na.txt
"Takž i ty opiješ se, a pokrývati se musíš, i ty hledati budeš pomoci proti nepříteli.",reported_speech,reported_speech,0.421,bible_BKR_Na.txt
"I řekli mi: Ostatkové ti, kteříž pozůstali z zajetí tam v té krajině, jsou u velikém nátisku a v pohanění, nadto i zed Jeruzalémská rozbořena jest, a brány jeho ohněm zkaženy.",prophetic_relation,prophetic_relation,0.448,bible_BKR_Neh.txt
"Kterážto slova když jsem uslyšel, sedna plakal jsem a kvílil za několik dní, a postil jsem se, i modlil před Bohem nebeským.",prophetic_relation,prophetic_relation,0.491,bible_BKR_Neh.txt
"Zpronevěřili jsme se tobě, a neostříhali jsme přikázaní a ustanovení a soudů, kteréž jsi vydal skrze Mojžíše služebníka svého.",genealogical_relation,genealogical_relation,0.324,bible_BKR_Neh.txt
"Ale když se obrátíte ke mně, a budete ostříhati přikázaní mých, a plniti je, by pak někteří z vás až na kraj světa zahnáni byli, i odtud shromáždím je, a přivedu je zase na místo, kteréž jsem vyvolil, aby tam přebývalo jméno mé.",historical_event_relation,historical_event_relation,0.561,bible_BKR_Neh.txt
"Však tito jsou služebníci tvoji a lid tvůj, kteréž jsi vykoupil mocí svou převelikou, a rukou svou přesilnou.",descriptive_relation,descriptive_relation,0.533,bible_BKR_Neh.txt
"A řekl jsem králi: Král na věky buď živ. Kterak nemá býti smutný oblíčej můj, když město to, kdež jsou hrobové otců mých, zpuštěno jest, a brány jeho ohněm zkaženy?",request_relation,request_relation,0.426,bible_BKR_Neh.txt
"Potom řekl jsem králi: Zdá-liť se za dobré králi, a jestliže má lásku služebník tvůj u tebe, žádám, abys mne poslal do Judstva, do města, kdež jsou hrobové otců mých, abych je zase vystavěl.",reported_speech,reported_speech,0.582,bible_BKR_Neh.txt
"Ještě mi řekl král (královna pak seděla podlé něho): Dlouho-li budeš na té cestě, a kdy se zas navrátíš? I líbilo se to králi, a propustil mne, hned jakž jsem mu oznámil jistý čas.",historical_event_relation,historical_event_relation,0.489,bible_BKR_Neh.txt
"Zatím řekl jsem králi: Vidí-li se za dobré králi, nechť mi dadí listy k vývodám za řekou, aby mne provedli, až bych přišel do Judstva,",descriptive_relation,descriptive_relation,0.555,bible_BKR_Neh.txt
"Tolikéž psání k Azafovi, vládaři lesu královského, aby mi dal dříví na trámy, k branám paláce, při domě Božím, a ke zdem městským, a k domu, do něhož bych vjíti mohl. I dal mi král vedlé štědré ruky Boha mého ke mně.",request_relation,request_relation,0.545,bible_BKR_Neh.txt
"To když uslyšel Sanballat Choronský, a Tobiáš služebník Ammonitský, velmi je to mrzelo, že přišel člověk, kterýž by obmýšlel dobré synů Izraelských.",reported_speech,reported_speech,0.539,bible_BKR_Neh.txt
"A tak přišed do Jeruzaléma, pobyl jsem tam za tři dni.",descriptive_relation,descriptive_relation,0.505,bible_BKR_Neh.txt
"V noci pak vstal jsem, a kolikosi mužů se mnou, a neoznámil jsem žádnému, co mi dal Bůh můj v srdce, abych činil v Jeruzalémě, aniž jsem měl hovada jakého s sebou, kromě hovádka, na němž jsem jel.",request_relation,request_relation,0.536,bible_BKR_Neh.txt
"I vyjel jsem branou při údolí v noci k studnici drakové a k bráně hnojné, a ohledoval jsem zdí Jeruzalémských, kteréž byly pobořené, a bran jeho zkažených ohněm.",lyrical_relation,lyrical_relation,0.494,bible_BKR_Neh.txt
"Odtud jsem jel k bráně studničné, a k rybníku královskému, kdež nebylo brodu hovádku, na němž jsem jel, aby přejíti mohlo.",descriptive_relation,descriptive_relation,0.592,bible_BKR_Neh.txt
"A když jsem jim oznámil, že pomoc Boha mého jest se mnou, ano i slova králova, kteráž ke mně mluvil, teprv řekli: Přičiňmež se a stavějme. I posilnili rukou svých k dobrému.",request_relation,request_relation,0.341,bible_BKR_Neh.txt
"Jimž odpovídaje, řekl jsem: Bůh nebeský, tenť nám dá prospěch, a my služebníci jeho přičiníce se, stavěti budeme, vy pak nemáte žádného dílu, ani práva, ani památky v Jeruzalémě.",reported_speech,reported_speech,0.453,bible_BKR_Neh.txt
"Tedy povstal Eliasib, kněz nejvyšší, a příbuzní jeho kněží, a stavěli bránu bravnou, (tiť jsou ji vystavěli, a zavěsili vrata její, až k věži Mea vystavěli ji), až k věži Chananeel.",reported_speech,reported_speech,0.599,bible_BKR_Neh.txt
"A podlé něho stavěli muži Jerecha, též podlé něho stavěl Zakur syn Imrův.",request_relation,request_relation,0.308,bible_BKR_Neh.txt
"Mluvil pak Hospodin k Mojžíšovi na poušti Sinai, v stánku úmluvy, prvního dne měsíce druhého, léta druhého po vyjití jejich z země Egyptské, řka:",autoclitic_relation,autoclitic_relation,0.512,bible_BKR_Nu.txt
"Z Judova Názon, syn Aminadabův;",lyrical_relation,lyrical_relation,0.539,bible_BKR_Nu.txt
"Z Izacharova Natanael, syn Suar;",prophetic_relation,prophetic_relation,0.353,bible_BKR_Nu.txt
"Z pokolení Dan Ahiezer, syn Amisaddai;",lyrical_relation,lyrical_relation,0.441,bible_BKR_Nu.txt
"Z Asser Fegiel, syn Ochranův;",wisdom_relation,wisdom_relation,0.502,bible_BKR_Nu.txt
"Z Neftalímova Ahira, syn Enanův.",request_relation,request_relation,0.54,bible_BKR_Nu.txt
"A shromáždili všecko množství prvního dne měsíce druhého, kteříž přiznávali se k rodům svým po čeledech svých, po domích otců svých, a vedlé počtu jmen, od dvadcítiletých a výše po osobách svých.",reported_speech,reported_speech,0.553,bible_BKR_Nu.txt
"Jakož byl přikázal Hospodin Mojžíšovi, tak sčetl je na poušti Sinai.",request_relation,request_relation,0.272,bible_BKR_Nu.txt
"Z synů Gádových, rodiny jejich, po čeledech jejich, po domích otců jejich, podlé počtu jmen, od dvadcítiletých a výše, všech, kteříž mohli bojovati,",request_relation,request_relation,0.572,bible_BKR_Nu.txt
"Načteno jich z pokolení Gádova čtyřidceti pět tisíců, šest set a padesát.",reported_speech,reported_speech,0.489,bible_BKR_Nu.txt
"Z synů Judových, rodiny jejich, po čeledech jejich, po domích otců jejich, vedlé počtu jmen, od dvadcíti let a výše, všech, kteříž mohli jíti k boji,",historical_event_relation,historical_event_relation,0.553,bible_BKR_Nu.txt
"Z synů Izacharových, rodiny jejich, po čeledech jejich, po domích otců jejich, podlé počtu jmen, od dvadcítiletých a výše, všech, kteříž mohli jíti k boji,",historical_event_relation,historical_event_relation,0.595,bible_BKR_Nu.txt
"Z synů Zabulonových, rodiny jejich, po čeledech jejich, po domích otců jejich, podlé počtu jmen, od dvadcítiletých a výše, všech, kteříž mohli jíti k boji,",descriptive_relation,descriptive_relation,0.534,bible_BKR_Nu.txt
Načteno jich z pokolení Zabulonova padesáte sedm tisíců a čtyři sta.,reported_speech,reported_speech,0.453,bible_BKR_Nu.txt
"Potom z synů Manassesových, rodiny jejich, po čeledech jejich, po domích otců jejich, vedlé počtu jmen, od dvadcítiletých a výše, všech, kteříž vycházeli k boji,",descriptive_relation,descriptive_relation,0.58,bible_BKR_Nu.txt
Načteno jich z pokolení Manassesova třidceti dva tisíce a dvě stě.,genealogical_relation,genealogical_relation,0.378,bible_BKR_Nu.txt
"Slovo Hospodinovo, kteréž se stalo k Ozeášovi synu Bérovu za dnů Uziáše, Jotama, Achasa, Ezechiáše, králů Judských, a za dnů Jeroboáma syna Joasova, krále Izraelského.",request_relation,request_relation,0.409,bible_BKR_Oz.txt
"Když Hospodin začal mluviti k Ozeášovi, řekl Hospodin Ozeášovi: Jdi, pojmi sobě ženu smilnou, a děti z smilstva; nebo nestydatě smilněci tato země, odvrátila se od Hospodina.",prophetic_relation,prophetic_relation,0.596,bible_BKR_Oz.txt
"A tak šel a pojal Gomeru, dceru Diblaimskou, kterážto počala a porodila jemu syna.",prophetic_relation,prophetic_relation,0.342,bible_BKR_Oz.txt
"Tedy řekl jemu Hospodin: Nazoviž jméno jeho Jezreel; nebo po malém času já vyhledávati budu krve Jezreel na domu Jéhu, a přestati káži království domu toho.",wisdom_relation,wisdom_relation,0.596,bible_BKR_Oz.txt
"I stane se v ten den, že polámi lučiště Izraelovo v údolí Jezreel.",historical_event_relation,historical_event_relation,0.526,bible_BKR_Oz.txt
"Opět počala znovu a porodila dceru. I řekl jemu: Nazov jméno její Lorucháma; nebo již více neslituji se nad domem Izraelským, abych jim co prominouti měl.",historical_event_relation,historical_event_relation,0.591,bible_BKR_Oz.txt
"I řekl: Nazov jméno jeho Loammi; nebo vy nejste lid můj, a já také nebudu váš.",historical_event_relation,historical_event_relation,0.534,bible_BKR_Oz.txt
"A však bude počet synů Izraelských jako písku mořského, kterýž ani změřen, ani sečten býti nemůže. A stane se, že místo toho, kdež řečeno jim bylo: Nejste vy lid můj, řečeno jim bude: Synové Boha silného a živého jste.",request_relation,request_relation,0.526,bible_BKR_Oz.txt
"Nebo smilní matka jejich, hanebnost páše rodička jejich; říká zajisté: Půjdu za frejíři svými, kteříž mi dodávají chleba mého, vody mé, vlny mé, lnu mého, oleje mého i nápojů mých.",autoclitic_relation,autoclitic_relation,0.565,bible_BKR_Oz.txt
"Tehdy běhati bude za frejíři svými, a však nedostihne jich, hledati jich bude, ale nenalezne. I dí: Ej nu, již se navrátím k manželu svému prvnímu, proto že mi lépe tehdáž bylo než nyní.",lyrical_relation,lyrical_relation,0.553,bible_BKR_Oz.txt
"Nebo ona nezná toho, že jsem já dával jí obilé, a mest a olej, anobrž rozmnožoval stříbro i zlato, kteréž vynakládají na Bále.",prophetic_relation,prophetic_relation,0.569,bible_BKR_Oz.txt
"Protož poberu zase obilé své v čas jeho, i mest svůj v jistý čas jeho, a odejmu jí vlnu svou i len svůj k přiodívání nahoty její,",reported_speech,reported_speech,0.471,bible_BKR_Oz.txt
"A budu na ní vyhledávati dnů Bálů, v nichž jim kadí, a ozdoběci se náušnicemi svými a záponami svými, chodí za frejíři svými, na mne se pak zapomíná, praví Hospodin.",prophetic_relation,prophetic_relation,0.537,bible_BKR_Oz.txt
"Protož aj, já namluvím ji, když ji uvedu na poušť; nebo mluviti budu k srdci jejímu.",request_relation,request_relation,0.376,bible_BKR_Oz.txt
"A dám jí vinice její od téhož místa, i údolé Achor místo dveří naděje, i bude tam zpívati jako za dnů mladosti své, totiž jako tehdáž, když vycházela z země Egyptské.",prophetic_relation,prophetic_relation,0.496,bible_BKR_Oz.txt
"I stane se v ten den, dí Hospodin, že volati budeš: Muži můj, a nebudeš mne volati více: Báli můj.",wisdom_relation,wisdom_relation,0.565,bible_BKR_Oz.txt
"Nebo vyprázdním jména Bálů z úst tvých, aniž připomínáni budou více v jménu svém.",prophetic_relation,prophetic_relation,0.347,bible_BKR_Oz.txt
"A učiním pro tebe smlouvu v ten den s živočichy polními, a s ptactvem nebeským i s zeměplazy, lučiště pak a meč polámi, i válku odejmu z země, a způsobím to, aby bydleli bezpečně.",request_relation,request_relation,0.274,bible_BKR_Oz.txt
"I zasnoubím tě sobě na věčnost, zasnoubím tě sobě, pravím, v spravedlnosti a v soudu a v dobrotivosti a v hojném milosrdenství.",reported_speech,reported_speech,0.464,bible_BKR_Oz.txt
"Zasnoubím tě sobě také u víře, abys poznala Hospodina.",reported_speech,reported_speech,0.528,bible_BKR_Oz.txt
"I stane se v ten den, že vyslýchati budu, dí Hospodin, vyslýchati budu nebesa, a ona vyslyší zemi.",reported_speech,reported_speech,0.342,bible_BKR_Oz.txt
"Nebo ji rozseji sobě na zemi, a smiluji se nad Loruchámou, Loammi pak řeknu: Lid můj jsi ty, a on dí: Bože můj.",descriptive_relation,descriptive_relation,0.458,bible_BKR_Oz.txt
Tedy zjednal jsem ji sobě z patnácti stříbrných a z půldruhého chomeru ječmene.,lyrical_relation,lyrical_relation,0.541,bible_BKR_Oz.txt
"Nebo za mnohé dny budou synové Izraelští bez krále, bez knížete, bez oběti, bez modly, bez efodu a terafim.",reported_speech,reported_speech,0.507,bible_BKR_Oz.txt
Píseň nejpřednější z písní Šalomounových.,descriptive_relation,descriptive_relation,0.304,bible_BKR_Pis.txt
Ó by mne políbil políbením úst svých; nebo lepší jsou milosti tvé nežli víno.,genealogical_relation,genealogical_relation,0.597,bible_BKR_Pis.txt
"Pro vůni masti tvé jsou výborné, mast rozlitá jméno tvé; protož tě mladice milují.",historical_event_relation,historical_event_relation,0.473,bible_BKR_Pis.txt
"Jsemť černá, ale milostná, ó dcery Jeruzalémské, tak jako stanové Cedarští, jako opony Šalomounovy.",historical_event_relation,historical_event_relation,0.544,bible_BKR_Pis.txt
"Nehleďte na mne, žeť jsem snědá, nebo jsem obhořela od slunce. Synové matky mé rozpálivše se proti mně, postavili mne, abych ostříhala vinic, a vinice své nehlídala jsem.",historical_event_relation,historical_event_relation,0.519,bible_BKR_Pis.txt
"Oznam mi ty, kteréhož miluje duše má, kde paseš? Kde dáváš odpočinutí o poledni? Nebo proč mám býti tak jako poběhlá při stádích tovaryšů tvých?",genealogical_relation,genealogical_relation,0.526,bible_BKR_Pis.txt
"Jestliže nevíš, ó nejkrašší mezi ženami, vyjdi po šlepějích ovcí, a pas kozlátka svá podlé obydlí pastýřů.",historical_event_relation,historical_event_relation,0.524,bible_BKR_Pis.txt
"Jízdě v vozích Faraonových připodobňuji tě, ó milostnice má.",descriptive_relation,descriptive_relation,0.417,bible_BKR_Pis.txt
"Svazček mirry jest mi milý můj, na prsech mých odpočívaje.",reported_speech,reported_speech,0.385,bible_BKR_Pis.txt
"Aj, jak jsi ty krásná, přítelkyně má, aj, jak jsi krásná! Oči tvé jako holubičí.",reported_speech,reported_speech,0.269,bible_BKR_Pis.txt
"Aj, jak jsi ty krásný, milý můj, jak utěšený! I to lůže naše zelená se.",reported_speech,reported_speech,0.589,bible_BKR_Pis.txt
"Trámové domů našich jsou z cedrů, a pavlače naše z boroví.",lyrical_relation,lyrical_relation,0.485,bible_BKR_Pis.txt
"Já jsem růže Sáronská, a lilium při dolinách.",descriptive_relation,descriptive_relation,0.589,bible_BKR_Pis.txt
"Jako jabloň mezi dřívím lesním, tak milý můj mezi mládenci. V stínu jeho žádostiva jsem byla seděti, a sedímť; nebo ovoce jeho sladké jest ústům mým.",reported_speech,reported_speech,0.457,bible_BKR_Pis.txt
"Očerstvětež mne těmi flašemi, posilňte mne těmi jablky, nebo umdlévám milostí,",reported_speech,reported_speech,0.572,bible_BKR_Pis.txt
"Levice jeho pod hlavou mou, a pravicí svou objímá mne.",reported_speech,reported_speech,0.559,bible_BKR_Pis.txt
"Hlas milého mého, aj, onť se béře, skáče po těch horách, poskakuje na těch pahrbcích.",prophetic_relation,prophetic_relation,0.392,bible_BKR_Pis.txt
"Nebo aj, zima pominula, prška přestala a odešla.",request_relation,request_relation,0.414,bible_BKR_Pis.txt
"Kvítíčko se ukazuje po zemi, čas prozpěvování přišel, a hlas hrdličky slyší se v krajině naší.",historical_event_relation,historical_event_relation,0.372,bible_BKR_Pis.txt
"Milý můj jest můj, a já jeho, jenž pase mezi lilium.",request_relation,request_relation,0.524,bible_BKR_Pis.txt
"Na ložci svém v noci hledala jsem toho, kteréhož miluje duše má. Hledala jsem ho, ale nenašla jsem ho.",reported_speech,reported_speech,0.393,bible_BKR_Pis.txt
"Již tedy vstanu, a zchodím město; po ryncích i po ulicech hledati budu toho, kteréhož miluje duše má. Hledala jsem ho, ale nenašla jsem ho.",lyrical_relation,lyrical_relation,0.498,bible_BKR_Pis.txt
"Která jest to, jenž vstupuje z pouště jako sloupové dymu, okouřena jsuc mirrou a kadidlem, dražším nad všelijaký prach apatekářský?",genealogical_relation,genealogical_relation,0.494,bible_BKR_Pis.txt
"Ach, město tak lidné, jakť jest samotné zůstalo, a učiněno jako vdova! Nejznamenitější mezi národy, přední mezi krajinami pod plat uvedeno.",lyrical_relation,lyrical_relation,0.576,bible_BKR_Pl.txt
"Nepřátelé jeho jsou hlavou, odpůrcům jeho šťastně se vede; nebo jej Hospodin zarmoutil pro množství přestoupení jeho. Maličcí jeho odešli do zajetí před oblíčejem nepřítele.",request_relation,request_relation,0.598,bible_BKR_Pl.txt
"A tak odňata od dcery Sionské všecka okrasa její. Knížata její jsou podobná jelenům, kteříž nenalézají pastvy, a ucházejí bez moci před tím, kdož je honí.",lyrical_relation,lyrical_relation,0.596,bible_BKR_Pl.txt
"Rozpomínáť se dcera Jeruzalémská ve dnech trápení svého a kvílení svého na všecka svá utěšení, kteráž mívala ode dnů starodávních, když padá lid její od ruky nepřítele, nemajíc žádného, kdo by ji retoval. Protivníciť se jí dívajíce, posmívají se klesnutí jejímu.",reported_speech,reported_speech,0.518,bible_BKR_Pl.txt
"Těžce hřešila dcera Jeruzalémská, protož jako nečistá odloučena jest. Všickni, kteříž ji v poctivosti mívali, neváží jí sobě, proto že vidí nahotu její; ona pak vzdychá, obrácena jsuci zpět.",reported_speech,reported_speech,0.53,bible_BKR_Pl.txt
"Všecken lid její vzdychajíce, hledají chleba, vynakládají nejdražší věci své za pokrm k očerstvení života. Vzezřiž, Hospodine, a popatřiž, neboť jsem v nevážnosti.",request_relation,request_relation,0.473,bible_BKR_Pl.txt
"Nic-liž vám do toho, ó všickni, kteříž tudyto jdete? Pohleďte a vizte, jest-li bolest podobná bolesti mé, kteráž jest mi učiněna, jak mne zámutkem naplnil Hospodin v den prchlivosti hněvu svého.",historical_event_relation,historical_event_relation,0.409,bible_BKR_Pl.txt
"Seslal s výsosti oheň do kostí mých, kterýž opanoval je; roztáhl sít nohám mým, obrátil mne zpět, obrátil mne v pustinu, celý den neduživá jsem.",historical_event_relation,historical_event_relation,0.519,bible_BKR_Pl.txt
"Pro tyť věci já pláči, z očí mých, z očí mých tekou vody, a že jest vzdálen ode mne potěšitel, kterýž by očerstvil duši mou; synové moji jsou pohubeni, nebo ssilil se nepřítel.",descriptive_relation,descriptive_relation,0.45,bible_BKR_Pl.txt
"Rozprostírá dcera Sionská ruce své, nemá žádného, kdo by ji potěšil; vzbudil tě Hospodin proti Jákobovi všudy vůkol něho nepřátely jeho, mezi nimiž jest dcera Jeruzalémská jako pro nečistotu oddělená.",prophetic_relation,prophetic_relation,0.449,bible_BKR_Pl.txt
"Spravedlivý jest Hospodin, neboť jsem na odpor činila ústům jeho. Slyšte medle všickni lidé, a vizte bolest mou; panny mé i mládenci moji odebrali se do zajetí.",historical_event_relation,historical_event_relation,0.459,bible_BKR_Pl.txt
"Jak hustým oblakem prchlivosti své přikryl Pán dceru Sionskou! Shodil s nebe na zem slávu Izraelovu, aniž se rozpomenul na podnože noh svých v den prchlivosti své.",historical_event_relation,historical_event_relation,0.537,bible_BKR_Pl.txt
"Odťal v rozpálení hněvu všecken roh Izraelův, odvrátil zpět pravici svou od nepřítele, a rozpáliv se proti Jákobovi jako oheň plápolající, pálí do cela vůkol.",reported_speech,reported_speech,0.44,bible_BKR_Pl.txt
"Učiněn jest Pán podobný nepříteli, sehltil Izraele, sehltil všecky paláce jeho, zkazil ohrady jeho, a rozmnožil v lidu Judském zámutek a žalost.",request_relation,request_relation,0.539,bible_BKR_Pl.txt
"Mocí zajisté odtrhl jako od zahrady plot svůj, zkazil stánek svůj, v zapomenutí uvedl Hospodin na Sionu slavnost a sobotu, a v prchlivosti hněvu svého zavrhl krále i kněze.",lyrical_relation,lyrical_relation,0.572,bible_BKR_Pl.txt
"Zavrhl Pán oltář svůj, v ošklivost vzal svatyni svou, vydal v ruku nepřítele zdi a paláce Sionské; křičeli v domě Hospodinově jako v den slavnosti.",request_relation,request_relation,0.46,bible_BKR_Pl.txt
"Uložiltě Hospodin zkaziti zed dcery Sionské, roztáhl šňůru, a neodvrátil ruky své od zhouby; pročež val i zed kvílí, a spolu mdlejí.",lyrical_relation,lyrical_relation,0.515,bible_BKR_Pl.txt
"Zhynuly od slz oči mé, zkormoutily se vnitřnosti mé, a vykydla se na zem játra má, pro potření dcery lidu mého, když i nemluvňátka a prsí požívající na ulicích města se svírají.",prophetic_relation,prophetic_relation,0.527,bible_BKR_Pl.txt
"Kohoť za svědka přivedu? Koho připodobním k tobě, ó dcero Jeruzalémská? Koho tobě přirovnám, abych tě potěšil, panno dcero Sionská? Nebo veliké jest jako moře potření tvé. Kdož by tě zhojiti mohl?",descriptive_relation,descriptive_relation,0.56,bible_BKR_Pl.txt
"Všickni, kteříž jdou cestou, tleskají nad tebou rukama, diví se a potřásají hlavou svou za tebou, dcero Jeruzalémská, říkajíce: To-li jest to město, o němž říkávali, že jest nejkrásnější a utěšením vší země?",request_relation,request_relation,0.471,bible_BKR_Pl.txt
"Vykřikovalo srdce jejich proti Pánu. Ó ty zdi dcery Sionské, vylévej jako potok slzy dnem i nocí, nedávej sobě odpočinutí, aniž se spokojuj zřítelnice oka tvého.",reported_speech,reported_speech,0.481,bible_BKR_Pl.txt
"Když poslouchati bude moudrý, přibude mu umění, a rozumný bude vtipnější,",descriptive_relation,descriptive_relation,0.394,bible_BKR_Pr.txt
"K srozumění podobenství, a výmluvnosti řeči moudrých a pohádkám jejich.",lyrical_relation,lyrical_relation,0.551,bible_BKR_Pr.txt
"Neboť to přidá příjemnosti hlavě tvé, a bude zlatým řetězem hrdlu tvému.",request_relation,request_relation,0.411,bible_BKR_Pr.txt
"Synu můj, jestliže by tě namlouvali hříšníci, nepřivoluj.",request_relation,request_relation,0.446,bible_BKR_Pr.txt
"Jestliže by řekli: Poď s námi, úklady čiňme krvi, skryjeme se proti nevinnému bez ostýchání se;",descriptive_relation,descriptive_relation,0.551,bible_BKR_Pr.txt
"Sehltíme je jako hrob za živa, a v cele jako ty, jenž sstupují do jámy;",descriptive_relation,descriptive_relation,0.438,bible_BKR_Pr.txt
"Vrz los svůj mezi nás, měšec jeden budeme míti všickni:",genealogical_relation,genealogical_relation,0.456,bible_BKR_Pr.txt
"Nebo nohy jejich ke zlému běží, a pospíchají k vylévání krve.",prophetic_relation,prophetic_relation,0.407,bible_BKR_Pr.txt
"Tak tito proti krvi své ukládají, skrývají se proti dušem svým.",historical_event_relation,historical_event_relation,0.472,bible_BKR_Pr.txt
"Moudrost vně volá, na ulicech vydává hlas svůj.",wisdom_relation,wisdom_relation,0.472,bible_BKR_Pr.txt
"Poněvadž jsem volala, a odpírali jste; vztahovala jsem ruku svou, a nebyl, kdo by pozoroval,",descriptive_relation,descriptive_relation,0.565,bible_BKR_Pr.txt
"Anobrž strhli jste se všeliké rady mé, a trestání mého jste neoblíbili:",request_relation,request_relation,0.564,bible_BKR_Pr.txt
"Pročež i já v bídě vaší smáti se budu, posmívati se budu, když přijde to, čehož se bojíte,",request_relation,request_relation,0.519,bible_BKR_Pr.txt
"Tehdy volati budou ke mně, a nevyslyším; ráno hledati mne budou, a nenaleznou mne.",genealogical_relation,genealogical_relation,0.48,bible_BKR_Pr.txt
"Proto že nenáviděli umění, a bázně Hospodinovy nevyvolili,",genealogical_relation,genealogical_relation,0.483,bible_BKR_Pr.txt
"Protož jísti budou ovoce skutků svých, a radami svými nasyceni budou.",autoclitic_relation,autoclitic_relation,0.382,bible_BKR_Pr.txt
"Nebo pokoj hloupých zmorduje je, a štěstí bláznů zahubí je.",historical_event_relation,historical_event_relation,0.583,bible_BKR_Pr.txt
"Ale kdož mne poslouchá, bydliti bude bezpečně, pokoj maje před strachem zlých věcí.",genealogical_relation,genealogical_relation,0.586,bible_BKR_Pr.txt
"Synu můj, přijmeš-li slova má, a přikázaní má schováš-li u sebe;",reported_speech,reported_speech,0.579,bible_BKR_Pr.txt
"Budeš-li jí hledati jako stříbra, a jako pokladů pilně vyhledávati jí:",reported_speech,reported_speech,0.361,bible_BKR_Pr.txt
"Nebo Hospodin dává moudrost, z úst jeho umění a opatrnost.",autoclitic_relation,autoclitic_relation,0.596,bible_BKR_Pr.txt
"Pavel, služebník Jezukristův, povolaný apoštol, oddělený k kázaní evangelium Božího,",wisdom_relation,wisdom_relation,0.516,bible_BKR_R.txt
"O Synu svém zplozeném z semene Davidova s strany těla,",request_relation,request_relation,0.553,bible_BKR_R.txt
"Všechněm, kteříž jste v Římě, milým Božím, povolaným svatým: Milost vám a pokoj od Boha Otce našeho a Pána Ježíše Krista.",reported_speech,reported_speech,0.599,bible_BKR_R.txt
"Nejprvé pak díky činím Bohu svému skrze Ježíše Krista ze všech vás, že víra vaše rozhlašuje se po všem světě.",descriptive_relation,descriptive_relation,0.537,bible_BKR_R.txt
"Neboť velice žádám viděti vás, abych vám udělil částku nějakou milosti duchovní ku potvrzení vašemu,",descriptive_relation,descriptive_relation,0.532,bible_BKR_R.txt
"To jest, abych spolu s vámi potěšen byl, skrze společnou i vaši i mou víru.",lyrical_relation,lyrical_relation,0.529,bible_BKR_R.txt
"Nechciť pak, bratří, abyste nevěděli, žeť jsem mnohokrát uložil přijíti k vám, (ale překážky jsem měl až dosavad), abych nějaký užitek také i mezi vámi měl, jako i mezi jinými národy.",reported_speech,reported_speech,0.467,bible_BKR_R.txt
"Nebo Řeků i kterýchkoli jiných národů, i moudrých i nemoudrých, dlužník jsem.",historical_event_relation,historical_event_relation,0.5,bible_BKR_R.txt
"A tak, pokudž na mně jest, hotov jsem i vám, kteříž v Římě jste, zvěstovati evangelium.",prophetic_relation,prophetic_relation,0.188,bible_BKR_R.txt
"Neboť se nestydím za evangelium Kristovo; moc zajisté Boží jest k spasení každému věřícímu, Židu předně, potom i Řeku.",lyrical_relation,lyrical_relation,0.497,bible_BKR_R.txt
"Zjevuje se zajisté hněv Boží s nebe proti každé bezbožnosti a nepravosti lidí, pravdu Boží v nepravosti zadržujících.",prophetic_relation,prophetic_relation,0.498,bible_BKR_R.txt
"Nebo což poznáno býti může o Bohu, známé jest jim, Bůh zajisté zjevil jim.",reported_speech,reported_speech,0.558,bible_BKR_R.txt
"Proto že poznavše Boha, nectili jako Boha, ani jemu děkovali, ale marní učiněni jsou v myšleních svých, a zatmíno jest nemoudré srdce jejich.",reported_speech,reported_speech,0.493,bible_BKR_R.txt
"Měvše se za moudré, blázni učiněni jsou.",request_relation,request_relation,0.58,bible_BKR_R.txt
"Protož i Bůh vydal je v žádosti srdce jejich k nečistotě, aby zprznili těla svá vespolek.",reported_speech,reported_speech,0.578,bible_BKR_R.txt
"A jakož sobě nevážili známosti Boha, tak i Bůh vydal je v převrácený smysl, aby činili to, což nesluší,",genealogical_relation,genealogical_relation,0.514,bible_BKR_R.txt
"Utrhači, pomluvači, Boha nenávidící, hánliví, pyšní, chlubní, nalezači zlých věcí, rodičů neposlušní,",historical_event_relation,historical_event_relation,0.442,bible_BKR_R.txt
"Nemoudří, smluv nezdrželiví, beze vší lítosti, neukojitelní a nemilosrdní.",reported_speech,reported_speech,0.527,bible_BKR_R.txt
"Kteříž vědouce o tom právu Božím, (že ti, kteříž takové věci činí, hodni jsou smrti), netoliko ty věci činí, ale i činícím nakládají.",lyrical_relation,lyrical_relation,0.516,bible_BKR_R.txt
"Čili bohatstvím dobrotivosti jeho a snášelivosti i dlouhočekání pohrdáš, nevěda, že dobrotivost Boží ku pokání tebe vede?",reported_speech,reported_speech,0.477,bible_BKR_R.txt
Ale podlé tvrdosti své a srdce nekajícího shromažďuješ sám sobě hněv ke dni hněvu a zjevení spravedlivého soudu Božího.,reported_speech,reported_speech,0.433,bible_BKR_R.txt
"Jméno pak muže toho Elimelech, a jméno ženy jeho Noémi, jméno také dvou synů jeho Mahalon a Chelion, Efratejští z Betléma Judova; a přišedše do krajiny Moábské, bydlili tam.",wisdom_relation,wisdom_relation,0.397,bible_BKR_Rt.txt
"Umřel pak Elimelech, muž Noémi; i pozůstala ona s oběma syny svými.",prophetic_relation,prophetic_relation,0.477,bible_BKR_Rt.txt
"Tedy vstavši ona s nevěstami svými, navracela se z krajiny Moábské; nebo slyšela v krajině Moábské, že Hospodin navštívil lid svůj, dav jemu chléb.",reported_speech,reported_speech,0.566,bible_BKR_Rt.txt
"Vyšedši tedy z místa, na němž bydlila, a obě nevěsty její s ní, daly se na cestu, aby se navrátily do země Judské.",reported_speech,reported_speech,0.583,bible_BKR_Rt.txt
A řekly jí: Obrátíme se raději s tebou k lidu tvému.,historical_event_relation,historical_event_relation,0.474,bible_BKR_Rt.txt
"I řekla Noémi: Navraťte se, dcerky mé. Proč chcete jíti se mnou? Zdaliž ještě budu míti syny, aby byli vaši muži?",historical_event_relation,historical_event_relation,0.393,bible_BKR_Rt.txt
"Navraťte se, dcerky mé, a odejděte, neboť jsem již stará k vdání; nýbrž bych i řekla, že mám naději, bych i noci této se vdala a syny zrodila,",wisdom_relation,wisdom_relation,0.276,bible_BKR_Rt.txt
"Kteréžto řekla Noémi: Aj, přítelkyně tvá navrátila se k lidu svému a k bohům svým, navratiž se také za ní.",lyrical_relation,lyrical_relation,0.529,bible_BKR_Rt.txt
"Kdekoli umřeš, umru, a tu pochována budu. Toto mi učiň Hospodin, a toto přidej, že toliko smrt rozdělí mne s tebou.",prophetic_relation,prophetic_relation,0.519,bible_BKR_Rt.txt
"Jimž ona řekla: Nenazývejte mne Noémi, říkejte mi Mara; nebo hořkostí velikou naplnil mne Všemohoucí.",historical_event_relation,historical_event_relation,0.469,bible_BKR_Rt.txt
"Měla pak Noémi přítele po manželu svém, muže mocného z čeledi Elimelechovy, jménem Bóza.",autoclitic_relation,autoclitic_relation,0.524,bible_BKR_Rt.txt
"Šla tedy, a přišedši, sbírala klasy na poli za ženci. Přihodilo se pak, že přišla na díl pole toho, kteréž přináleželo Bózovi, jenž byl z čeledi Elimelechovy.",genealogical_relation,genealogical_relation,0.409,bible_BKR_Rt.txt
"A v tom přišel Bóz z Betléma, a řekl žencům: Hospodin s vámi. Kteříž odpověděli jemu: Požehnejž tobě Hospodin.",request_relation,request_relation,0.334,bible_BKR_Rt.txt
"I řekl Bóz služebníku svému, kterýž postaven byl nad ženci: Čí jest tato mladice?",lyrical_relation,lyrical_relation,0.538,bible_BKR_Rt.txt
"Odpověděl služebník ten, kterýž postaven byl nad ženci, a řekl: Jest mladice Moábská, kteráž přišla s Noémi z země Moábské.",reported_speech,reported_speech,0.465,bible_BKR_Rt.txt
"A řekla mi: Prosím, nechť sbírám a shromažďuji klasy mezi snopy za ženci. A přišedši, trvá od jitra až dosavad, kromě že na chvilku doma pobyla.",historical_event_relation,historical_event_relation,0.453,bible_BKR_Rt.txt
"Tedy řekl Bóz k Rut: Slyš, dcero má, nechoď sbírati na jiné pole, aniž odcházej odsud, ale přídrž se teď děvek mých.",reported_speech,reported_speech,0.48,bible_BKR_Rt.txt
"Tedy ona padla na tvář svou, a schýlivši se k zemi, řekla jemu: Odkudž mi to, že jsem nalezla milost před tebou, abys se známil ke mně, kteráž jsem cizozemka.",historical_event_relation,historical_event_relation,0.495,bible_BKR_Rt.txt
"Kterážto řekla: Nalezla jsem milost před tebou, pane můj, poněvadž jsi mne potěšil, a mluvils k srdci děvky své, ješto nejsem podobná jedné z děvek tvých.",reported_speech,reported_speech,0.591,bible_BKR_Rt.txt
"I vstala, aby sbírala. Přikázal pak Bóz služebníkům svým, řka: Byť pak i mezi snopy sbírala, nezbraňujte jí.",wisdom_relation,wisdom_relation,0.539,bible_BKR_Rt.txt
"Sbírala tedy na poli tom až do večera, a což sebrala, to vymlátila; i byla téměř míra efi ječmene.",reported_speech,reported_speech,0.55,bible_BKR_Rt.txt
"Kterýž vzavši, přišla do města, a viděla svegruše její to, což nasbírala. Vyňala také a dala jí to, což pozůstalo po nasycení jejím.",autoclitic_relation,autoclitic_relation,0.506,bible_BKR_Rt.txt
"Stalo se pak po smrti Jozue, otázali se synové Izraelští Hospodina, řkouce: Kdo z nás potáhne proti Kananejskému napřed, aby bojoval s ním?",genealogical_relation,genealogical_relation,0.372,bible_BKR_Sd.txt
"Nebo nalezše Adonibezeka v Bezeku, bojovali proti němu, a porazili Kananejského i Ferezejského.",request_relation,request_relation,0.569,bible_BKR_Sd.txt
"Když pak utíkal Adonibezek, honili ho, a chytivše jej, zutínali mu palce u rukou i noh.",prophetic_relation,prophetic_relation,0.44,bible_BKR_Sd.txt
"Nebo byli vybojovali synové Juda Jeruzalém, a vzavše jej, zbili obyvatele jeho ostrostí meče a město vypálili.",prophetic_relation,prophetic_relation,0.542,bible_BKR_Sd.txt
"Nebo byl vytáhl Juda proti Kananejskému, kterýž bydlil v Hebronu, (jméno pak Hebronu prvé bylo Kariatarbe,) a pobil Sesaie, a Achimana, a Tolmaie.",prophetic_relation,prophetic_relation,0.421,bible_BKR_Sd.txt
"A odtud byl táhl na obyvatele Dabir, (jméno pak Dabir prvé bylo Kariatsefer).",lyrical_relation,lyrical_relation,0.537,bible_BKR_Sd.txt
"Kdežto řekl Kálef: Kdo by dobyl Kariatsefer a vzal by je, dám jemu Axu dceru svou za manželku.",historical_event_relation,historical_event_relation,0.504,bible_BKR_Sd.txt
"Synové také Cinejského, tchána Mojžíšova, odebrali se z města palmového s syny Juda na poušť Judovu, jenž jest k straně polední městu Arad; a odšedše, bydlili s lidem tím.",historical_event_relation,historical_event_relation,0.453,bible_BKR_Sd.txt
"Jebuzejského pak, bydlícího v Jeruzalémě, nevyhnali synové Beniamin; protož bydlil Jebuzejský v Jeruzalémě s syny Beniamin až do tohoto dne.",reported_speech,reported_speech,0.589,bible_BKR_Sd.txt
"Uzřevše pak ti špehéři muže vycházejícího z města, řekli jemu: Medle ukaž nám, kudy bychom mohli vjíti do města, a učinímeť milost.",historical_event_relation,historical_event_relation,0.515,bible_BKR_Sd.txt
"Když se pak zsilil Izrael, uvedl Kananejského pod plat, a maje jej vyhnati, nevyhnal.",descriptive_relation,descriptive_relation,0.428,bible_BKR_Sd.txt
"Efraim také nevyhnal Kananejského bydlícího v Gázer, protož bydlil Kananejský u prostřed něho v Gázer.",historical_event_relation,historical_event_relation,0.549,bible_BKR_Sd.txt
"Zabulon též nevyhnal obyvatelů Cetron, a obyvatelů Naalol, protož bydlil Kananejský u prostřed něho, a dával jemu plat.",wisdom_relation,wisdom_relation,0.538,bible_BKR_Sd.txt
"Pročež také jsem řekl: Nevyhladím jich před tváří vaší, ale budou vám jako trní, a bohové jejich budou vám osídlem.",wisdom_relation,wisdom_relation,0.539,bible_BKR_Sd.txt
"I stalo se, když mluvil anděl Hospodinův slova tato všechněm synům Izraelským, že pozdvihl hlasu svého lid a plakal.",request_relation,request_relation,0.54,bible_BKR_Sd.txt
"Sklidím lidi i hovada, sklidím ptactvo nebeské i ryby mořské, i pohoršení s bezbožnými; vypléním, pravím, lidi se svrchku této země, praví Hospodin.",request_relation,request_relation,0.534,bible_BKR_Sf.txt
"I ty, kteříž se klanějí na střechách vojsku nebeskému, i ty, kteříž klanějíce se, přisahají skrze Hospodina, i ty, kteříž přisahají skrze Melecha svého.",wisdom_relation,wisdom_relation,0.456,bible_BKR_Sf.txt
"I stane se v den oběti Hospodinovy, že navštívím knížata a syny královy i všecky, kteříž se obláčejí v roucho cizozemců.",prophetic_relation,prophetic_relation,0.254,bible_BKR_Sf.txt
"Navštívím v ten den i každého, kterýž vskakuje na prah, kteříž naplňují dům pánů svých nátiskem a lstí.",reported_speech,reported_speech,0.505,bible_BKR_Sf.txt
"I stane se v ten čas, že přehledávati budu Jeruzalém s lucernami, a navštívím muže, kteříž ulnuli v kvasnicích svých, kteříž říkají v srdci svém: Nečiniť dobře Hospodin, aniž zle činí.",reported_speech,reported_speech,0.577,bible_BKR_Sf.txt
"Nebo přijde statek jejich na rozchvátání, a domové jejich na zpuštění. Stavějí zajisté domy, ale nebudou v nich bydliti; a štěpují vinice, ale nebudou píti vína z nich.",historical_event_relation,historical_event_relation,0.498,bible_BKR_Sf.txt
"Den rozhněvání bude ten den, den úzkosti a trápení, den zpuštění a to hrozného, den temnosti a mračna, den oblaku a mrákoty,",request_relation,request_relation,0.52,bible_BKR_Sf.txt
"Ani stříbro jejich, ani zlato jejich nebude jich moci vytrhnouti v den rozhněvání Hospodinova; nebo ohněm horlivosti jeho sehlcena bude tato všecka země, proto že konec jistě rychlý učiní všechněm obyvatelům země.",descriptive_relation,descriptive_relation,0.539,bible_BKR_Sf.txt
"Ohledejte sebe, ohledejte, pravím, ó národe nemilý,",request_relation,request_relation,0.572,bible_BKR_Sf.txt
"Prvé než uložení přijde, a den jako plevy pomine, prvé než přijde na vás prchlivost hněvu Hospodinova, prvé než přijde na vás den hněvu Hospodinova.",lyrical_relation,lyrical_relation,0.231,bible_BKR_Sf.txt
"Nebo Gáza bude opuštěno, a Aškalon zpustne; Azot o polednách zaženou, a Akaron vykořeněn bude.",prophetic_relation,prophetic_relation,0.454,bible_BKR_Sf.txt
"Bude také i ostatku domu Judského krajinou, kdež by pásli. V domích Aškalonu u večer léhati budou, když je navštíví Hospodin Bůh jejich, a přivede zase zajaté jejich.",prophetic_relation,prophetic_relation,0.431,bible_BKR_Sf.txt
"Slyšelť jsem hanění Moábských a utrhání synů Ammonitských, kterýmiž haněli můj lid, a honosili se na pomezí jejich.",reported_speech,reported_speech,0.58,bible_BKR_Sf.txt
"Protož živ jsem já, praví Hospodin zástupů, Bůh Izraelský, že Moáb jako Sodoma bude, a synové Ammonitští jako Gomora, místem kopřiv a domem solným a pustinou až na věky. Ostatkové lidu mého rozchvátají je, a pozůstalí z lidu mého dědičně je obdrží.",historical_event_relation,historical_event_relation,0.529,bible_BKR_Sf.txt
"To jim pro pýchu jejich, že zhaněli a zpínali se nad lid Hospodina zástupů.",historical_event_relation,historical_event_relation,0.397,bible_BKR_Sf.txt
"Nebo vztáhne ruku svou na půlnoci, a zhubí Assyrii, a obrátí Ninive v pustinu, a v suchost jako poušť.",genealogical_relation,genealogical_relation,0.457,bible_BKR_Sf.txt
"I budou u prostřed něho léhati stáda, všecky šelmy národů, pelikán i výr na makovicích jeho nocovati budou; hlas zníti bude na okně, pustina na veřeji, když cedroví jeho obnaží.",historical_event_relation,historical_event_relation,0.319,bible_BKR_Sf.txt
"Takovéť bude to město plésající, kteréž sedí bezpečně, říkaje v srdci svém: Já jsem, a kromě mne není žádného více. Jakť jest učiněno pusté, peleší šelmám! Kdožkoli půjde skrze ně, ckáti bude a zmítati rukou svou.",request_relation,request_relation,0.429,bible_BKR_Sf.txt
Běda městu tomuto hltavému a poškvrněnému a utiskujícímu.,wisdom_relation,wisdom_relation,0.45,bible_BKR_Sf.txt
"Hospodin spravedlivý u prostřed něho jest, nelibuje nepravosti, každého dne soud svůj vynáší na světlo bez přestání, a však nešlechetník neumí se styděti.",lyrical_relation,lyrical_relation,0.542,bible_BKR_Sf.txt
"Řekl jsem: Jistotně báti se mne budeš, přijmeš kázeň, aby nebyl vypléněn příbytek tvůj tím, čím jsem tě navštíviti chtěl. Ale ráno vstanouce, porušují všecky snažnosti své.",prophetic_relation,prophetic_relation,0.45,bible_BKR_Sf.txt
"Až do toho dne, v němž dav přikázaní apoštolům, kteréž byl skrze Ducha svatého vyvolil, vzhůru vzat jest.",descriptive_relation,descriptive_relation,0.492,bible_BKR_Sk.txt
"A shromáždiv je, přikázal jim, aby z Jeruzaléma neodcházeli, ale aby očekávali zaslíbení Otcova, o kterémž jste prý slyšeli ode mne.",genealogical_relation,genealogical_relation,0.322,bible_BKR_Sk.txt
"Oni pak sšedše se, otázali se ho, řkouce: Pane, v tomto-li času napravíš království Izraelské?",prophetic_relation,prophetic_relation,0.397,bible_BKR_Sk.txt
"I řekl jim: Neníť vaše věc znáti časy aneb příhodnosti časů, kteréž Otec v moci své položil.",lyrical_relation,lyrical_relation,0.583,bible_BKR_Sk.txt
"Ale přijmete moc Ducha svatého, přicházejícího na vás, a budete mi svědkové, i v Jeruzalémě, i ve všem Judstvu, i v Samaří, a až do posledních končin země.",wisdom_relation,wisdom_relation,0.479,bible_BKR_Sk.txt
"A řekli: Muži Galilejští, co stojíte, hledíce do nebe? Tento Ježíš, kterýž zhůru vzat jest od vás do nebe, takť přijde, jakž jste spatřili způsob jeho jdoucího do nebe.",reported_speech,reported_speech,0.494,bible_BKR_Sk.txt
"A všedše, vstoupili do vrchního příbytku domu, kdež přebývali, i Petr i Jakub, i Jan a Ondřej, Filip a Tomáš, Bartoloměj a Matouš, Jakub Alfeův a Šimon Zelótes a Judas Jakubův.",request_relation,request_relation,0.408,bible_BKR_Sk.txt
"Ti všickni trvali jednomyslně na modlitbě a pokorné prosbě s ženami a s Marií, matkou Ježíšovou, i s bratřími jeho.",reported_speech,reported_speech,0.566,bible_BKR_Sk.txt
"V těch pak dnech povstav Petr u prostřed učedlníků, řekl (a byl zástup lidí spolu shromážděných okolo sta a dvadcíti):",descriptive_relation,descriptive_relation,0.296,bible_BKR_Sk.txt
"Muži bratří, musilo se naplniti písmo to, kteréž předpověděl Duch svatý skrze ústa Davidova o Jidášovi, kterýž byl vůdce těch, kteříž jímali Ježíše.",autoclitic_relation,autoclitic_relation,0.591,bible_BKR_Sk.txt
"A to známé jest učiněno všechněm přebývajícím v Jeruzalémě, tak že jest nazváno pole to vlastním jazykem jejich Akeldama, to jest pole krve.",autoclitic_relation,autoclitic_relation,0.481,bible_BKR_Sk.txt
"Počav od křtu Janova až do dne toho, v kterémž zhůru vzat jest od nás, býti svědkem spolu s námi vzkříšení jeho.",lyrical_relation,lyrical_relation,0.567,bible_BKR_Sk.txt
"Tedy postavili dva, Jozefa, kterýž sloul Barsabáš, kterýž měl přijmí Justus, a Matěje.",lyrical_relation,lyrical_relation,0.597,bible_BKR_Sk.txt
"A modléce se, řekli: Ty, Pane, všech srdcí zpytateli, ukažiž, kterého jsi vyvolil z těchto dvou,",autoclitic_relation,autoclitic_relation,0.473,bible_BKR_Sk.txt
"A když přišel den padesátý, byli všickni jednomyslně spolu.",historical_event_relation,historical_event_relation,0.568,bible_BKR_Sk.txt
"I stal se rychle zvuk s nebe, jako valícího se větru prudkého, a naplnil všecken dům, kdež seděli.",wisdom_relation,wisdom_relation,0.549,bible_BKR_Sk.txt
"I ukázali se jim rozdělení jazykové jako oheň, kterýž posadil se na každém z nich.",descriptive_relation,descriptive_relation,0.447,bible_BKR_Sk.txt
"I naplněni jsou všickni Duchem svatým, a počali mluviti jinými jazyky, jakž ten Duch dával jim vymlouvati.",descriptive_relation,descriptive_relation,0.287,bible_BKR_Sk.txt
"A když se stal ten hlas, sešlo se množství, a užasli se, že je slyšel jeden každý, ani mluví přirozeným jazykem jeho.",request_relation,request_relation,0.325,bible_BKR_Sk.txt
"Partští, a Médští, a Elamitští, a kteříž přebýváme v Mezopotamii, v Židovstvu a v Kappadocii, v Pontu a v Azii,",reported_speech,reported_speech,0.565,bible_BKR_Sk.txt
"V Frygii a v Pamfylii, v Egyptě a v krajinách Libye, kteráž jest vedlé Cyrénu, a příchozí Římané, Židé, i v nově na víru obrácení,",wisdom_relation,wisdom_relation,0.408,bible_BKR_Sk.txt
"Jiní pak posmívajíce se, pravili: Mstem se zpili tito,",reported_speech,reported_speech,0.414,bible_BKR_Sk.txt
"K naději života věčného, kterýž zaslíbil před časy věků ten, kterýž nikdy neklamá, Bůh,",prophetic_relation,prophetic_relation,0.519,bible_BKR_Tit.txt
"Titovi, vlastnímu synu u víře obecné: Milost, milosrdenství a pokoj od Boha Otce a Pána Jezukrista spasitele našeho.",reported_speech,reported_speech,0.492,bible_BKR_Tit.txt
"Z té příčiny zanechal jsem tebe v Krétě, abys to, čehož tam ještě potřebí, spravil, a ustanovil po městech starší, jakož i já při tobě jsem zřídil,",wisdom_relation,wisdom_relation,0.482,bible_BKR_Tit.txt
"Neboť biskup má býti bez úhony, jako Boží šafář, ne svémyslný, ne hněvivý, ne piján vína, ne bitec, ne žádostivý mrzkého zisku,",reported_speech,reported_speech,0.576,bible_BKR_Tit.txt
"Pilně se přídržící věrné řeči k vyučování dostatečné, aby mohli i napomínati učením zdravým, i ty, kteříž odpírají, přemáhati.",request_relation,request_relation,0.547,bible_BKR_Tit.txt
"Jimž musejí ústa zacpána býti; kteříž celé domy převracejí, učíce neslušným věcem, pro mrzký zisk.",descriptive_relation,descriptive_relation,0.475,bible_BKR_Tit.txt
"Svědectví to pravé jest. A protož tresciž je přísně, ať jsou zdraví u víře,",historical_event_relation,historical_event_relation,0.451,bible_BKR_Tit.txt
"Všecko zajisté čisté jest čistým, poškvrněným pak a nevěřícím nic není čistého, ale poškvrněna jest i mysl jejich i svědomí.",request_relation,request_relation,0.599,bible_BKR_Tit.txt
"Ty pak mluv, což sluší na zdravé učení.",autoclitic_relation,autoclitic_relation,0.565,bible_BKR_Tit.txt
"Starci, ať jsou střízliví, vážní, opatrní, zdraví u víře, v lásce, v snášelivosti.",prophetic_relation,prophetic_relation,0.48,bible_BKR_Tit.txt
"Též i staré ženy ať chodí pobožně, v oděvu příslušném, a ať nejsou převrhlé, ani mnoho vína pijící, poctivým věcem učící.",descriptive_relation,descriptive_relation,0.594,bible_BKR_Tit.txt
"Aby mladice vyučovaly, jak by muže své i dítky milovati měly,",prophetic_relation,prophetic_relation,0.459,bible_BKR_Tit.txt
"A byly šlechetné, čistotné, netoulavé, dobrotivé, mužům svým poddané, aby nebylo dáno v porouhání slovo Boží.",reported_speech,reported_speech,0.574,bible_BKR_Tit.txt
"Takž i mládenců napomínej k středmosti,",reported_speech,reported_speech,0.594,bible_BKR_Tit.txt
"Ve všech věcech sebe samého vydávaje za příklad dobrých skutků, maje v učení celost, vážnost,",request_relation,request_relation,0.433,bible_BKR_Tit.txt
"Služebníky uč, ať jsou poddáni pánům svým, ve všem jim se líbíce, neodmlouvajíce,",historical_event_relation,historical_event_relation,0.504,bible_BKR_Tit.txt
"Neokrádajíce, ale ve všem věrnosti pravé dokazujíce, aby učení spasitele našeho Boha ve všem ozdobovali.",wisdom_relation,wisdom_relation,0.404,bible_BKR_Tit.txt
"Zjevilať se zajisté ta milost Boží spasitelná všechněm lidem,",request_relation,request_relation,0.564,bible_BKR_Tit.txt
"Napomínej jich, ať jsou knížatům a mocnostem poddáni, jich poslušni, a ať jsou k každému skutku dobrému hotovi.",reported_speech,reported_speech,0.564,bible_BKR_Tit.txt
"Žádnému ať se nerouhají, nejsou svárliví, ale přívětiví, dokazujíce všeliké tichosti ke všechněm lidem.",historical_event_relation,historical_event_relation,0.457,bible_BKR_Tit.txt
"Byliť jsme zajisté i my někdy nesmyslní, tvrdošijní, bloudící, sloužíce žádostem a rozkošem rozličným, v zlosti a v závisti bydlíce, ohyzdní, vespolek se nenávidíce.",genealogical_relation,genealogical_relation,0.414,bible_BKR_Tit.txt
"Ne z skutků spravedlnosti, kteréž bychom my činili, ale podlé milosrdenství svého spasil nás, skrze obmytí druhého narození, a obnovení Ducha svatého;",request_relation,request_relation,0.482,bible_BKR_Tit.txt
"Kteréhož vylil na nás hojně, skrze Jezukrista spasitele našeho,",historical_event_relation,historical_event_relation,0.412,bible_BKR_Tit.txt
"Abychom, ospravedlněni jsouce milostí jeho, byli dědicové v naději života věčného.",prophetic_relation,prophetic_relation,0.569,bible_BKR_Tit.txt
"Ale v zákoně Hospodinově jest líbost jeho, a v zákoně jeho přemýšlí dnem i nocí.",reported_speech,reported_speech,0.483,bible_BKR_Z.txt
"Nebo bude jako strom štípený při tekutých vodách, kterýž ovoce své vydává časem svým, jehožto list nevadne, a cožkoli činiti bude, šťastně mu se povede.",lyrical_relation,lyrical_relation,0.549,bible_BKR_Z.txt
"Ne takť budou bezbožní, ale jako plevy, kteréž rozmítá vítr.",descriptive_relation,descriptive_relation,0.573,bible_BKR_Z.txt
"A protož neostojí bezbožní na soudu, ani hříšníci v shromáždění spravedlivých.",request_relation,request_relation,0.463,bible_BKR_Z.txt
"Sstupují se králové zemští, a knížata se spolu radí proti Hospodinu, a proti pomazanému jeho,",request_relation,request_relation,0.569,bible_BKR_Z.txt
"Jáť jsem ustanovil krále svého nad Sionem, horou svatou mou.",prophetic_relation,prophetic_relation,0.551,bible_BKR_Z.txt
"Vypravovati budu úsudek. Hospodin řekl ke mně: Syn můj ty jsi, já dnes zplodil jsem tě.",historical_event_relation,historical_event_relation,0.552,bible_BKR_Z.txt
"Požádej mne, a dámť národy, dědictví tvé, a končiny země, vládařství tvé.",lyrical_relation,lyrical_relation,0.305,bible_BKR_Z.txt
"Roztlučeš je prutem železným, a jako nádobu hrnčířskou roztříštíš je.",genealogical_relation,genealogical_relation,0.569,bible_BKR_Z.txt
"Služte Hospodinu v bázni, a veselte se s třesením.",lyrical_relation,lyrical_relation,0.597,bible_BKR_Z.txt
"Líbejte syna, aby se nerozhněval, a zhynuli byste na cestě, jakž by se jen málo zapálil hněv jeho. Blahoslavení jsou všickni, kteříž doufají v něho.",historical_event_relation,historical_event_relation,0.438,bible_BKR_Z.txt
"Žalm Davidův, když utíkal před Absolonem synem svým.",wisdom_relation,wisdom_relation,0.582,bible_BKR_Z.txt
"Hospodine, jakť jsou mnozí nepřátelé moji! Mnozí povstávají proti mně.",request_relation,request_relation,0.491,bible_BKR_Z.txt
"Ale ty, Hospodine, jsi štítem vůkol mne, slávou mou, a kterýž povyšuješ hlavy mé.",historical_event_relation,historical_event_relation,0.565,bible_BKR_Z.txt
"Já jsem lehl, a spal jsem, i zas procítil; nebo mne zdržoval Hospodin.",prophetic_relation,prophetic_relation,0.571,bible_BKR_Z.txt
"Povstaniž, Hospodine, zachovej mne, Bože můj, kterýž jsi zbil všech nepřátel mých líce, a zuby bezbožníků zvyrážel.",prophetic_relation,prophetic_relation,0.329,bible_BKR_Z.txt
"Přednímu zpěváku na neginot, žalm Davidův.",reported_speech,reported_speech,0.565,bible_BKR_Z.txt
"Když volám, vyslyš mne, Bože spravedlnosti mé. Ty jsi mi v úzkosti prostranství způsoboval, smiluj se nade mnou, a vyslyš modlitbu mou.",historical_event_relation,historical_event_relation,0.373,bible_BKR_Z.txt
"Synové lidští, dokudž sláva má v potupě bude? Dlouho-liž marnost milovati a lži hledati budete? Sélah.",prophetic_relation,prophetic_relation,0.584,bible_BKR_Z.txt
"Vězte, žeť jest oddělil Hospodin sobě milého. Vyslyšíť mne Hospodin, když k němu volati budu.",autoclitic_relation,autoclitic_relation,0.504,bible_BKR_Z.txt
"Uleknětež se a nehřešte, přemyšlujte o tom v srdci svém, na ložci svém, a umlkněte. Sélah.",reported_speech,reported_speech,0.536,bible_BKR_Z.txt
"Mnozí říkají: Ó bychom viděti mohli dobré věci. Hospodine, pozdvihni nad námi jasného oblíčeje svého,",request_relation,request_relation,0.594,bible_BKR_Z.txt
"I způsobíš radost v srdci mém větší, než oni mívají, když obilé a víno jejich se obrodí.",lyrical_relation,lyrical_relation,0.435,bible_BKR_Z.txt
"Hospodine, v jitře vyslyšíš hlas můj, v jitře předložím tobě žádost, a šetřiti budu.",lyrical_relation,lyrical_relation,0.44,bible_BKR_Z.txt
Rozhněval se Hospodin na otce vaše velice.,request_relation,request_relation,0.463,bible_BKR_Za.txt
"Protož rci těmto: Takto praví Hospodin zástupů: Navraťte se ke mně, praví Hospodin zástupů, a navrátím se k vám, praví Hospodin zástupů.",reported_speech,reported_speech,0.511,bible_BKR_Za.txt
Otcové vaši kde jsou? A proroci ti zdali na věky živi jsou?,historical_event_relation,historical_event_relation,0.554,bible_BKR_Za.txt
"Dne čtyřmecítmého, jedenáctého měsíce, kterýž jest měsíc Šebat, léta druhého Dariova, stalo se slovo Hospodinovo k Zachariášovi synu Barachiáše, syna Iddova, proroku, řkoucí:",historical_event_relation,historical_event_relation,0.587,bible_BKR_Za.txt
"I řekl jsem: Kdo jsou tito, Pane můj? Řekl mi anděl ten, kterýž mluvil se mnou: Já ukáži tobě, kdo jsou tito.",lyrical_relation,lyrical_relation,0.489,bible_BKR_Za.txt
"Tedy odpovídaje muž ten, kterýž stál mezi myrtovím, řekl: Tito jsou, kteréž poslal Hospodin, aby zchodili zemi.",historical_event_relation,historical_event_relation,0.594,bible_BKR_Za.txt
"I odpověděl Hospodin andělu tomu, kterýž mluvil se mnou, slovy dobrými, slovy potěšitelnými.",descriptive_relation,descriptive_relation,0.493,bible_BKR_Za.txt
"A hněvám se náramně na ty národy, kteříž mají pokoj; nebo když jsem já se málo rozhněval, oni pomáhali k zlému.",reported_speech,reported_speech,0.25,bible_BKR_Za.txt
"Ještě volej a rci: Takto praví Hospodin zástupů: Ještěť se rozsadí města má pro hojnost dobrého; neboť utěší ještě Hospodin Sion, a vyvolí ještě Jeruzalém.",reported_speech,reported_speech,0.473,bible_BKR_Za.txt
"Tedy pozdvihl jsem očí svých, a uzřel jsem, a aj, čtyři rohové.",historical_event_relation,historical_event_relation,0.565,bible_BKR_Za.txt
Ukázal mi také Hospodin čtyři kováře.,reported_speech,reported_speech,0.514,bible_BKR_Za.txt
"Opět pozdvihl jsem očí svých, a uzřel jsem, a aj muž, v jehož ruce byla šnůra míry.",wisdom_relation,wisdom_relation,0.46,bible_BKR_Za.txt
"I řekl jsem: Kam jdeš? I řekl mi: Měřiti Jeruzaléma, abych viděl, jak veliká širokost jeho, a jak veliká dlouhost jeho.",wisdom_relation,wisdom_relation,0.456,bible_BKR_Za.txt
"A já budu, praví Hospodin, jeho zdí ohnivou vůkol, a slávou budu u prostřed něho.",descriptive_relation,descriptive_relation,0.492,bible_BKR_Za.txt
"Nuže, nuže, utectež již z země půlnoční, praví Hospodin, poněvadž se čtyř stran světa volný průchod učinil jsem vám, praví Hospodin.",reported_speech,reported_speech,0.444,bible_BKR_Za.txt
"Nuže, Sione, kterýž přebýváš u dcery Babylonské, vydobuď se.",reported_speech,reported_speech,0.433,bible_BKR_Za.txt
"Nebo takto praví Hospodin zástupů: Po slávě poslal mne proti národům těm, kteříž zloupili vás; nebo kdož se dotýká vás, dotýká se zřítelnice oka mého.",lyrical_relation,lyrical_relation,0.489,bible_BKR_Za.txt
"Prozpěvuj a vesel se, dcero Sionská; nebo aj, já přijdu a budu bydliti u prostřed tebe, praví Hospodin.",historical_event_relation,historical_event_relation,0.51,bible_BKR_Za.txt
"Ale Hospodin řekl satanu: Potresciž tě Hospodin, satane, potresciž tě, pravím, Hospodin, kterýž vyvoluje Jeruzalém. Zdaliž tento není jako hlavně vychvácená z ohně?",lyrical_relation,lyrical_relation,0.411,bible_BKR_Za.txt
"Jozue pak oblečen byl v roucha zmazaná, a stál před andělem.",genealogical_relation,genealogical_relation,0.519,bible_BKR_Za.txt
"I odpověděl a řekl těm, kteříž stáli před ním, řka: Vezměte roucho to zmazané s něho. A řekl jemu: Pohleď, přenesl jsem s tebe nepravost tvou, a oblékl jsem tě v roucha proměnná.",wisdom_relation,wisdom_relation,0.492,bible_BKR_Za.txt
"A osvědčil anděl Hospodinův Jozue, řka:",wisdom_relation,wisdom_relation,0.564,bible_BKR_Za.txt
"Kterýžto jsa blesk slávy, a obraz osoby jeho, a zdržuje všecko slovem mocnosti své, očištění hříchů našich skrze sebe samého učiniv, posadil se na pravici velebnosti na výsostech,",prophetic_relation,prophetic_relation,0.404,bible_BKR_Zd.txt
"Nebo kterému kdy z andělů řekl: Syn můj jsi ty, já dnes zplodil jsem tebe? A opět: Já budu jemu otcem, a on mi bude synem?",descriptive_relation,descriptive_relation,0.503,bible_BKR_Zd.txt
"A opět, když uvodí prvorozeného na okršlek země, dí: A klanějte se jemu všickni andělé Boží.",wisdom_relation,wisdom_relation,0.592,bible_BKR_Zd.txt
"Ale k Synu dí: Stolice tvá, ó Bože, na věky věků, berla pravosti jest berla království tvého.",request_relation,request_relation,0.389,bible_BKR_Zd.txt
"Miloval jsi spravedlnost, a nenáviděl jsi nepravosti, protož pomazal tebe, ó Bože, Bůh tvůj olejem veselé nad spoluúčastníky tvé.",wisdom_relation,wisdom_relation,0.325,bible_BKR_Zd.txt
"Zdaliž všickni nejsou služební duchové, kteříž posílání bývají k službě pro ty, jenž mají dědičně obdržeti spasení?",genealogical_relation,genealogical_relation,0.541,bible_BKR_Zd.txt
"Protož musímeť my tím snažněji šetřiti toho, což jsme slýchali, aby nám to nevymizelo.",descriptive_relation,descriptive_relation,0.472,bible_BKR_Zd.txt
"Nebo poněvadž skrze anděly mluvené slovo bylo pevné, a každé přestoupení a neposlušenství vzalo spravedlivou odměnu pomsty,",reported_speech,reported_speech,0.422,bible_BKR_Zd.txt
"Čemuž i Bůh svědectví vydával skrze divy, a zázraky, a rozličné moci, i podělování Duchem svatým, podlé vůle své.",request_relation,request_relation,0.584,bible_BKR_Zd.txt
"Osvědčilť pak na jednom místě jeden, řka: Co jest člověk, že naň pomníš, aneb syn člověka, že na něj patříš?",reported_speech,reported_speech,0.488,bible_BKR_Zd.txt
"Maličkos jej menšího než anděly učinil, slavou a ctí korunoval jsi ho, a ustanovils jej nad dílem rukou svých.",historical_event_relation,historical_event_relation,0.372,bible_BKR_Zd.txt
"Všecko jsi podmanil pod nohy jeho. Poddav pak jemu všecko, ničeho nezanechal nepodmaněného jemu. I však nyní ještě nevidíme, aby jemu všecko poddáno bylo.",genealogical_relation,genealogical_relation,0.574,bible_BKR_Zd.txt
"Řka: Zvěstovati budu jméno tvé bratřím svým, u prostřed shromáždění prozpěvovati budu tobě.",lyrical_relation,lyrical_relation,0.318,bible_BKR_Zd.txt
"A opět: Já budu v něm doufati. A opět: Aj, já a dítky, kteréž dal mi Bůh.",reported_speech,reported_speech,0.584,bible_BKR_Zd.txt
"Poněvadž tedy dítky účastnost mají těla a krve, i on též podobně účasten jest jich, aby skrze smrt zahladil toho, kterýž má vládařství smrti, to jest ďábla,",prophetic_relation,prophetic_relation,0.403,bible_BKR_Zd.txt
"Neboť nikoli nepřijal andělů, ale símě Abrahamovo přijal.",historical_event_relation,historical_event_relation,0.493,bible_BKR_Zd.txt
"Nebo že sám trpěl, pokoušín byv, může také pokušení trpícím spomáhati.",prophetic_relation,prophetic_relation,0.482,bible_BKR_Zd.txt
"A protož, bratří svatí, povolání nebeského účastníci, spatřujte apoštola a nejvyššího kněze {biskupa} vyznání našeho, Krista Ježíše,",reported_speech,reported_speech,0.576,bible_BKR_Zd.txt
"Nebo všeliký dům ustaven bývá od někoho, ten pak, kdož všecky tyto věci ustavěl, Bůh jest.",historical_event_relation,historical_event_relation,0.565,bible_BKR_Zd.txt
"Protož jakž praví Duch svatý: Dnes, uslyšeli-li byste hlas jeho,",wisdom_relation,wisdom_relation,0.446,bible_BKR_Zd.txt
"Jan sedmi zborům, kteříž jsou v Azii: Milost vám a pokoj od toho, kterýž jest, a kterýž byl, a kterýž přijíti má, a od sedmi duchů, kteříž jsou před oblíčejem trůnu jeho,",genealogical_relation,genealogical_relation,0.565,bible_BKR_Zj.txt
"Já Jan, i bratr váš, i spoluúčastník v ssoužení, i v království, i v trpělivosti Ježíše Krista, byl jsem na ostrově, kterýž slove Patmos, pro slovo Boží a pro svědectví Ježíše Krista.",historical_event_relation,historical_event_relation,0.499,bible_BKR_Zj.txt
"A byl jsem u vytržení ducha v den Páně, i uslyšel jsem za sebou hlas veliký jako trouby,",historical_event_relation,historical_event_relation,0.597,bible_BKR_Zj.txt
"An dí: Já jsem Alfa i Oméga, ten první i poslední, a což vidíš, piš do knihy, a pošli sedmi zborům, kteříž jsou v Azii, do Efezu, a do Smyrny, a do Pergamu, a do Tyatiru, a do Sardy, a do Filadelfie, i do Laodicie.",historical_event_relation,historical_event_relation,0.582,bible_BKR_Zj.txt
"I obrátil jsem se, abych viděl ten hlas, kterýž mluvil se mnou, a obrátiv se, uzřel jsem sedm svícnů zlatých,",wisdom_relation,wisdom_relation,0.329,bible_BKR_Zj.txt
"Hlava pak jeho a vlasové bílí, jako bílá vlna, jako sníh, a oči jeho jako plamen ohně.",reported_speech,reported_speech,0.47,bible_BKR_Zj.txt
"A měl v pravé ruce své sedm hvězd, a z úst jeho meč s obou stran ostrý vycházel; a tvář jeho jako slunce, když jasně svítí.",historical_event_relation,historical_event_relation,0.585,bible_BKR_Zj.txt
"Napiš ty věci, kteréž jsi viděl, a kteréž jsou, a kteréž se mají díti potom.",request_relation,request_relation,0.319,bible_BKR_Zj.txt
"Andělu Efezské církve piš: Totoť praví ten, kterýž drží těch sedm hvězd v pravici své, kterýž se prochází u prostřed těch sedmi svícnů zlatých:",request_relation,request_relation,0.328,bible_BKR_Zj.txt
"Známť skutky tvé, a práci tvou, i trpělivost tvou, a že nemůžeš trpěti zlých; a zkusil jsi těch, kteříž se praví býti apoštolé, ale nejsou, a shledals je, že jsou lháři.",prophetic_relation,prophetic_relation,0.473,bible_BKR_Zj.txt
"Protož pomni, odkud jsi vypadl, a čiň pokání, a první skutky. Pakliť toho nebude, přijdu na tebe rychle, a pohnuť svícnem tvým z místa jeho, nebudeš-li pokání činiti.",historical_event_relation,historical_event_relation,0.576,bible_BKR_Zj.txt
"Andělu pak Smyrnenské církve piš: Toto praví ten první i poslední, kterýž byl mrtvý, a ožil:",reported_speech,reported_speech,0.594,bible_BKR_Zj.txt
"Kdo má uši, slyš, co Duch praví církvím: Kdo svítězí, nebude uražen od smrti druhé.",reported_speech,reported_speech,0.47,bible_BKR_Zj.txt
"Andělu pak Pergamenské církve piš: Totoť praví ten, kterýž má ten meč s obou stran ostrý:",reported_speech,reported_speech,0.587,bible_BKR_Zj.txt
"Ale mámť málo proti tobě, že tam máš ty, kteříž drží učení Balámovo, kterýž učil Baláka pohoršení klásti před oblíčejem synů Izraelských, aby jedli modlám obětované, a smilnili.",genealogical_relation,genealogical_relation,0.573,bible_BKR_Zj.txt
"Tak i ty máš ty, kteříž drží učení Mikulášenců, což já v nenávisti mám.",lyrical_relation,lyrical_relation,0.493,bible_BKR_Zj.txt
"Činiž pokání. Pakli nebudeš, přijdu na tebe brzy, a bojovati budu s nimi mečem úst svých.",reported_speech,reported_speech,0.579,bible_BKR_Zj.txt
"Kdo má uši, slyš, co Duch praví církvím: Tomu, kdož vítězí, dám jísti tu mannu skrytou, a dám jemu kamének bílý, a na tom kaménku jméno nové napsané, kteréhož žádný neví, než ten, kdož je přijímá.",request_relation,request_relation,0.484,bible_BKR_Zj.txt
