subj,verb,obj,count_total
kterýž,být,on,274
Ježíš,říci,on,75
což,být,on,72
kterýž,být,sál,72
kterýž,být,země,60
kterýž,být,vy,56
on,říci,on,54
hospodin,mluvit,Mojžíš,53
hospodin,říci,já,46
kterýž,být,Jeruzalém,42
syn,kralovat,on,41
hospodin,pravit,tento,38
kterýž,být,jatra,37
já,přikazovat,kterýž,35
kterýž,být,já,32
kterýž,být,nebe,32
kterýž,poslat,já,31
syn,kralovat,léta,30
kterýž,být,dům,29
hospodin,ukázat,kterýž,29
což,být,oko,28
kterýž,být,zákon,27
hospodin,dát,toba,27
hospodin,dávat,toba,27
kterýž,vyvést,země,26
hospodin,vyvolit,kterýž,26
kterýž,být,víra,26
kterýž,být,nebese,26
hospodin,dávat,kterouž,25
kterýž,říci,on,24
kterýž,být,pole,24
já,přikazovat,vy,24
hospodin,říci,on,23
hospodin,dát,on,23
kterýž,být,prostřed,23
hospodin,dát,kterouž,23
syn,opravovat,on,23
král,říci,on,22
hospodin,dát,ruka,20
kterýž,mluvit,já,19
hospodin,dát,vy,19
odpověděv,říci,on,19
syn,opravovat,ten,19
hospodin,přikázat,on,18
hospodin,přikázat,kterýž,18
kterýž,přijít,on,18
kterýž,být,údolí,18
Ježíš,dědět,on,18
bůh,dát,on,17
kterýž,být,řeka,17
kterýž,být,teba,17
já,dát,on,17
kterýž,být,půlnoc,17
Ježíš,odpovědět,on,17
kterýž,být,vrch,16
kterýž,být,Hospodin,16
kterýž,činit,věc,16
slovo,stát,já,16
kterýž,stát,Jeremiáš,16
kdo,mít,ucho,16
kterýž,být,bůh,15
kterýž,být,Jordán,15
hospodin,být,on,15
což,vidět,dobrý,15
kterýž,být,hlava,15
kterýž,mít,nenávist,15
já,přikazovat,toba,15
kterýž,být,brána,15
kněz,očistit,on,15
hospodin,dát,já,14
kterýž,být,Judstvo,14
kterýž,být,Kristus,14
hospodin,poslat,já,14
kterýž,slyšet,slovo,14
hospodin,mluvit,vy,14
kterýž,být,pomezí,14
Ježíš,dít,on,14
syn,kralovat,Samaří,13
muž,říci,on,13
kterýž,být,strana,13
kterýž,nenávidět,já,13
bůh,být,já,13
kterýž,nést,ovoce,13
amen,pravit,vy,13
kterýž,zjímat,on,12
kterýž,vyvést,ty,12
kdož,umřít,město,12
kdož,umřít,pole,12
kterýž,nést,truhlo,12
hospodin,přikázat,Mojžíš,12
kterýž,mít,se,12
kterýž,být,hora,12
kterýž,být,ruka,12
hospodin,dát,kterýž,12
kterýž,mít,on,12
on,podlýt,pokolení,12
hovado,podlýt,pokolení,12
já,dát,kterouž,12
kterýž,vyvést,syn,12
ledvinka,být,on,12
kněz,vyhlásit,on,12
kterýž,být,obřezání,12
hospodin,dát,odpočinutí,11
kterýž,být,lid,11
kterýž,být,syn,11
kterýž,bydlit,Jordán,11
ten,být,bůh,11
kterýž,mluvit,on,11
bůh,dát,já,11
Nabuchodonozor,postavit,kterýž,11
hospodin,požehnat,toba,11
kterýž,být,břeh,11
kterýž,být,voda,11
kterýž,mluvit,vy,11
úřad,konat,já,11
ten,být,já,11
kterýž,mít,přijít,11
Mojžíš,dát,on,11
služebník,říci,on,10
kterýž,být,stánek,10
ten,vyslýchát,nebe,10
kterýž,být,den,10
hospodin,mluvit,já,10
otec,činit,což,10
hospodin,mluvit,on,10
kterýž,přivést,hřešení,10
hospodin,říci,jenž,10
hospodin,poslat,on,10
hospodin,být,my,10
kdo,být,vy,10
kterýž,hledat,bezživotí,10
kterýž,být,oko,10
panovník,pravit,hora,10
kněz,pohledit,on,10
báň,ztížit,lota,10
duch,být,on,9
Izrael,všeckat,on,9
kterýž,být,město,9
kterýž,dát,on,9
hospodin,vydat,ruka,9
kterýž,být,Egypt,9
Saul,poslat,poslo,9
kterýž,být,toba,9
kterýž,doufat,on,9
kterýž,učinit,nebe,9
kterýž,mít,ruka,9
kterýž,být,východ,9
kterýž,být,tvůj,9
kdož,pohrdat,já,9
co,pozůstat,housenka,9
co,pozůstat,kobylka,9
co,pozůstat,broucí,9
já,pojít,kterýž,9
Petr,říci,on,9
kněz,vyhlásit,čistý,9
já,panovat,vy,9
syn,panovat,vy,9
hospodin,panovat,vy,9
národ,oslavovat,ty,9
ten,být,on,8
on,být,moře,8
zadkový,být,moře,8
kterýž,zzajímat,on,8
hospodin,ukázat,on,8
otec,říci,on,8
hospodin,vydat,on,8
kdož,umřít,dům,8
Achab,kralovat,léta,8
Zdaliž,jít,ten,8
kdož,ujít,meč,8
ť,být,my,8
Arfaxad,zplodit,sál,8
což,líbit,on,8
hospodin,přikázat,což,8
ruka,být,on,8
bůh,dát,ruka,8
hospodin,mluvit,jenž,8
David,říci,on,8
kterýž,vyvést,vy,8
hospodin,učinit,věc,8
hospodin,pravit,slovo,8
protož,nazvat,jméno,8
hospodin,pravit,troj,8
já,vyvést,vy,8
kterýž,mít,oko,8
kterýž,bydlit,Ezebon,8
hospodin,zaslíbit,přísaha,8
Mojžíš,předložit,kterýž,8
Mojžíš,předložit,syn,8
kterýž,být,dveře,8
kterýž,zdadit,něco,8
kterýž,být,obloha,8
obyvatel,být,on,8
kterýž,vydávat,já,8
zástup,jít,on,8
já,dát,kterýž,8
kterýž,stát,Hospodina,8
syn,činit,ten,8
kterýž,být,ohniště,8
člověk,vynášet,dobrý,8
člověk,vynášet,zlý,8
kdo,pohrdat,já,8
ť,pohrdat,já,8
kterýž,sedět,on,8
počet,nechat,vy,8
kterýž,zbývat,počet,8
kterýž,bát,on,8
všickn,oslavovat,ty,8
pravice,dokázat,síla,8
Hospodina,být,my,8
ť,ssužovat,já,8
ť,ssužovat,mladost,8
kterýž,vzývat,on,8
všecek,být,kteréhož,8
kterýž,být,konec,7
kterýž,být,Azie,7
třidcet,kralovat,Jeruzalém,7
bůh,učinit,já,7
bůh,říci,on,7
křídlo,dotýkat,stěna,7
kterýž,být,Bethel,7
já,dát,ruka,7
kterýž,zrodit,on,7
ten,být,syn,7
ť,vidět,dobrý,7
kterýž,stát,on,7
on,mluvit,on,7
on,být,on,7
hospodin,učinit,ten,7
kterýž,nést,on,7
jeden,říci,on,7
ten,činit,ten,7
Mojžíš,přikázat,což,7
kterýž,být,oltář,7
kterýž,být,síň,7
kterýž,mít,moc,7
král,postavit,kterýž,7
hospodin,uvést,ty,7
kterýž,být,tvář,7
kterýž,být,místo,7
kterýž,být,oblíčej,7
kterýž,být,poledne,7
kterýž,být,příhradek,7
jenž,být,Jeruzalém,7
kterýž,vzkřísit,mrtvý,7
kterýž,ssužovat,on,7
já,činit,ten,7
kterýž,slyšet,ten,7
kterýž,vydávat,svědectví,7
ť,činit,ten,7
Pilát,říci,on,7
Mojžíš,přikázat,vy,7
Mojžíš,dát,kterýž,7
kterýž,být,Anatot,7
on,prorokovat,vy,7
kterýž,mít,ďábelství,7
pán,říci,on,7
kterýž,být,oběť,7
země,vydat,úrod,7
Sádoch,opravovat,ten,7
ten,přijít,vy,7
duch,pravit,co,7
duch,pravit,církev,7
kterýž,přebývat,země,7
kterýž,být,svět,6
což,být,svět,6
kterýž,jít,on,6
kterýž,být,jeho,6
kterýž,mít,noha,6
třidcet,kralovat,Hebron,6
tento,učinit,já,6
sláva,naplnit,dům,6
což,mluvit,on,6
což,líbit,já,6
syn,kralovat,Izrael,6
kterýž,odpovědět,on,6
kterýž,mít,syn,6
kterýž,být,Gabaon,6
což,vidět,on,6
oltář,vzdělat,hospodin,6
což,být,nebe,6
duch,sstoupit,on,6
hospodin,poslat,ty,6
ten,líbit,on,6
kteřýžkoli,být,ssoužení,6
kteřýžkoli,být,hořkost,6
žena,říci,on,6
kdo,pohrdat,ten,6
jeden,umřít,všecka,6
kterýž,umřít,všecka,6
kterýž,poslat,vy,6
Elizeus,říci,on,6
kterýž,být,Izrael,6
hospodin,ukázat,já,6
ten,činit,kterýž,6
kterýž,vyvést,on,6
muž,udělat,muž,6
muž,udělat,Asima,6
král,poslat,král,6
jenž,být,údolí,6
kterýž,učinit,on,6
kterýž,vytrhnout,ruka,6
hospodin,dát,všecka,6
pocestný,přijít,on,6
kterýž,přijít,ten,6
kterýž,přijít,člověk,6
hospodin,vysvobodit,on,6
hospodin,pravit,místo,6
hospodin,pravit,den,6
kterýž,být,krajina,6
Mojžíš,mluvit,syn,6
kterýž,bydlet,Seir,6
hospodin,přikázat,toba,6
hospodin,mluvit,hora,6
kterýž,milovat,já,6
hospodin,vyvést,ruka,6
já,dávat,kterouž,6
hospodin,přikázat,vy,6
hospodin,zaslíbit,kterouž,6
hospodin,zaslíbit,otec,6
voda,být,jenž,6
hospodin,vyvolit,jméno,6
pohostina,být,jenž,6
já,pojít,ty,6
kterýž,být,moře,6
kterýž,říci,já,6
ruka,být,já,6
panovník,pravit,příčina,6
kterýž,sstupovat,jáma,6
kterýž,jít,já,6
kterýž,hledat,on,6
kterýž,mít,více,6
bůh,stvořit,obraz,6
bůh,stvořit,on,6
Maviael,zplodit,Lámech,6
Matuzael,zplodit,Lámech,6
kterýž,plazit,země,6
anděl,říci,on,6
kterýž,přijít,noc,6
já,učinit,kterýž,6
bůh,dát,kterýž,6
kterýž,být,Mamre,6
žádný,být,on,6
lysina,být,hlava,6
mnohý,uvěřit,on,6
Mojžíš,dát,vy,6
co,zdát,vy,6
kterýž,bét,jméno,6
ť,ztratit,on,6
kdo,přijímat,já,6
já,poslat,on,6
Dokudž,být,den,6
Všemohoucí,být,den,6
kdož,milovat,on,6
kterýž,bydlit,moře,6
Mojžíš,dát,Jordán,6
kterýž,být,západ,6
cos,mluvit,teba,6
král,mluvit,teba,6
král,zmordovat,syn,6
král,zmordovat,oko,6
kterýž,být,Laodicie,6
ledvinka,být,jatra,6
řád,být,oběť,6
kterýž,obětovat,obět,6
kněz,pohledit,rána,6
pohostina,být,vy,6
krev,být,on,6
země,vydat,ovoce,6
učedlník,přistoupit,on,6
ten,poškvrňovat,člověk,6
Meremot,opravovat,ten,6
Mesullam,opravovat,ten,6
kdo,činit,dobrý,6
prvý,přijít,vy,6
prchlivost,přijít,vy,6
den,přijít,vy,6
duše,mít,hospodin,6
kůň,vycházet,země,6
bílý,vycházet,země,6
strakatý,vycházet,země,6
anděl,vylit,koflík,6
přikázaný,ostříhat,jeho,5
ť,prosit,vy,5
kdož,mluvit,jazyk,5
jeden,mít,píseň,5
jeden,mít,učení,5
jeden,mít,zjevení,5
jeden,mít,vykládání,5
každý,mít,píseň,5
každý,mít,učení,5
každý,mít,zjevení,5
každý,mít,vykládání,5
jazyk,mít,píseň,5
jazyk,mít,učení,5
jazyk,mít,zjevení,5
jazyk,mít,vykládání,5
kterýž,dát,my,5
král,ustanovit,syn,5
kterýž,sedět,stolice,5
kterýž,být,Libán,5
kterýž,mluvit,služebník,5
ten,vyslýchát,místo,5
obrátík,modlit,země,5
hospodin,učinit,země,5
což,líbit,hospodin,5
kterýž,bydlit,město,5
hospodin,přikázat,já,5
já,uvést,věc,5
což,být,Hospodin,5
což,být,oblíčej,5
Eliáš,říci,on,5
hospodin,dát,země,5
slovo,stát,den,5
Achab,jít,cesta,5
ten,jít,ten,5
kterýž,poslat,on,5
kterýž,povolat,vy,5
kterýž,být,Babylon,5
Aminadab,zplodit,Názon,5
Názon,zplodit,Salmon,5
Salmon,zplodit,Bóza,5
Ner,zplodit,Cisa,5
Cis,zplodit,Cisa,5
kterýž,bydlit,údolí,5
David,porazit,on,5
milosrdenství,trvat,věk,5
hospodin,být,teba,5
kterýž,dát,já,5
Saul,říci,služebník,5
bůh,vydat,on,5
jeho,být,hlava,5
hospodin,dát,my,5
kterýž,učinit,ten,5
kterýž,spravovat,dům,5
což,být,mýma,5
kdož,jít,on,5
hospodin,učinit,smlouva,5
kterýž,být,zeď,5
kteříž,říci,on,5
kterýž,vidět,oko,5
vnitř,obložit,on,5
kterýž,být,pravice,5
strach,připadnout,on,5
kterýž,být,záloha,5
kterýž,být,poušť,5
kterýž,hledat,Hospodina,5
kterýž,vytrhnout,lid,5
hospodin,učinit,vy,5
hospodin,rozkázat,on,5
hospodin,odplatit,já,5
kterýž,mít,ty,5
kterýž,milovat,ty,5
an,jít,on,5
kterýž,přebývat,on,5
hospodin,pravit,čas,5
já,dát,vy,5
král,ustanovit,kteréhož,5
kterýž,bydlet,země,5
duch,být,jenž,5
kterýž,být,my,5
kterýž,bydlit,Astarot,5
kterýž,být,Aroer,5
hospodin,mluvit,prostředek,5
všecka,přijít,ty,5
hospodin,přikázat,kterouž,5
hospodin,uvést,země,5
hospodin,vyvést,my,5
ohavnost,být,bůh,5
já,přikazovat,což,5
hospodin,dát,kteréž,5
kterýž,být,ty,5
tvůj,dávat,toba,5
kterýž,obývat,on,5
koleno,vejít,shromáždění,5
což,vyjít,ústa,5
hospodin,dát,maso,5
jenž,mít,nenávist,5
já,být,teba,5
anděl,ukázat,on,5
já,dávat,vy,5
Mojžíš,říci,on,5
syn,volat,hospodin,5
kterýž,být,stát,5
tělo,přikrývat,jenž,5
kterýž,být,svědectví,5
kterýž,vyvést,my,5
oko,udělat,kraj,5
muž,být,prostřed,5
kterýž,patřit,východ,5
stát,být,léta,5
kdo,jít,on,5
já,učinit,vy,5
Nabuchodonozor,přestěhovat,Babylon,5
kterýž,být,jenž,5
hospodin,požehnat,on,5
hospodin,být,já,5
Jozef,říci,on,5
prchlivost,odvrátit,ten,5
prchlivost,odvrátit,všechen,5
kterýž,pášit,pravost,5
kterýž,mít,ucho,5
kdo,oznámit,on,5
kdož,zabít,volo,5
on,vstoupit,loď,5
kdož,věřit,já,5
otec,opustit,já,5
učedlník,otázat,on,5
kdo,věřit,já,5
já,milovat,já,5
já,pojít,vy,5
kterýž,mít,slovo,5
já,posílat,vy,5
kterýž,stát,den,5
kterýž,honit,on,5
hospodin,vysušit,tvář,5
Mojžíš,přikázat,kterýž,5
hospodin,říci,Jozue,5
kterýž,vyjít,Egypt,5
kterýž,kralovat,Ezebon,5
kterýž,prorokovat,jméno,5
já,pojít,on,5
kterýž,prorokovat,vy,5
Petr,dát,jméno,5
víra,uzdravit,ty,5
kterýž,mít,duch,5
což,být,bůh,5
já,povdat,vy,5
Ježíš,zvolat,hlas,5
kněz,očistit,hřích,5
ráno,být,jenž,5
kterýž,mít,vada,5
někdo,vyplatit,on,5
Chananiáš,opravovat,on,5
kterýž,poznat,muž,5
duše,milovat,kteréhož,5
kterýž,vzkřísit,Ježíš,5
kterýž,být,Antiochie,5
kterýž,být,pohan,5
Dobrořeč,mít,hospodin,5
církev,psát,anděl,5
kdož,milovat,bratr,4
kdož,činit,vůle,4
kdož,činit,spravedlnost,4
kdož,činit,hřích,4
kole,prosit,zenž,4
kterýž,vzývat,jméno,4
bůh,vyvolit,ten,4
co,být,člověk,4
co,být,on,4
žena,mít,moc,4
muž,mít,moc,4
vdaný,pečovat,ten,4
vdaný,pečovat,věc,4
Kristus,vstát,mrtvý,4
tento,obléci,smrtelný,4
ť,pozdravovat,vy,4
král,poslat,on,4
léta,kralovat,Hebron,4
léta,kralovat,Jeruzalém,4
král,poslat,syn,4
král,ustanovit,on,4
král,ustanovit,vojsko,4
král,ustanovit,kněz,4
král,ustanovit,Abiatar,4
ten,líbit,hospodin,4
Šalomoun,obložit,zlato,4
dvéřa,otvírat,strana,4
lištování,být,on,4
lištování,být,kraj,4
pět,postavit,strana,4
moře,postavit,strana,4
kterýž,mluvit,David,4
kterýž,ostříhat,smlouva,4
hospodin,učinit,kterýž,4
kterýž,vyvést,otec,4
hospodin,uvést,on,4
kterýž,pozůstat,on,4
kterýž,stát,teba,4
kterýž,ostříhat,přikázaní,4
otec,trestat,vy,4
otec,trestat,bičík,4
kterýž,být,plat,4
kterýž,postoupit,Amri,4
kterýž,postoupit,Tebni,4
kterýž,postoupit,syn,4
Achab,kralovat,Izrael,4
Achab,kralovat,Samaří,4
Abdiáš,jít,cesta,4
Jéh,pomazat,syn,4
Jéh,ujít,meč,4
Jéh,zamordovat,ten,4
Elizeus,zamordovat,ten,4
ten,pravit,jiný,4
jiný,pravit,jiný,4
kterýž,mít,naděje,4
Kristus,trpět,tělo,4
kdož,trpět,tělo,4
Arfaxad,zplodit,Hebera,4
Bóz,zplodit,Obéda,4
kterýž,porodit,on,4
Uri,zplodit,Bezeleele,4
ten,mít,syn,4
kterýž,uvést,on,4
Saul,zplodit,Jonata,4
Achaz,zplodit,Jehoad,4
Achaz,zplodit,Alemeta,4
syn,učinit,ten,4
hospodin,požehnat,věc,4
hospodin,vyvolit,ten,4
Cožkoli,být,srdce,4
David,porazit,vojsko,4
David,poslat,poslo,4
on,utéci,on,4
ráno,nechat,ť,4
což,být,tvůj,4
já,být,on,4
ten,být,ty,4
ten,přijít,my,4
což,mluvit,toba,4
syn,být,vy,4
tisíc,být,Saul,4
tisíc,být,Jonata,4
tisíc,být,Gabaa,4
ten,být,my,4
hospodin,vysvobodit,den,4
filistinský,stát,hora,4
filistinský,stát,strana,4
izraelský,stát,hora,4
izraelský,stát,strana,4
král,sedět,stolice,4
kterýž,mít,svůj,4
pasouka,být,den,4
kterýž,být,cesta,4
kterýž,být,Jeter,4
kterýž,být,Ježíš,4
bůh,stvořit,kterýž,4
ť,být,on,4
on,být,lidé,4
žeť,spustit,ty,4
kterýž,být,Jericho,4
král,roztrhnout,roucho,4
on,říci,jenž,4
kterýž,mluvit,dům,4
kterýž,přicházet,sobota,4
Joas,poslat,Amaziáš,4
Joas,poslat,cedra,4
král,poslat,Amaziáš,4
král,poslat,cedra,4
bodlák,poslat,Amaziáš,4
bodlák,poslat,cedra,4
kterýž,být,léta,4
kterýž,přivést,Izrael,4
otec,činit,kterýž,4
hospodin,vyplénit,kterýž,4
hospodin,vyhnat,tvář,4
národ,znát,obyčej,4
král,pravit,tento,4
Ezechiáš,svodit,vy,4
hospodin,vysvobodit,my,4
hospodin,slyšet,ó,4
kterýž,slyšet,ó,4
ten,doufat,jenž,4
otec,činit,ten,4
král,být,on,4
Nabuchodonozor,přitáhnout,Jeruzalý,4
král,přitáhnout,Jeruzalý,4
kterýž,být,levice,4
kněz,troubit,trouba,4
ten,sloužit,král,4
kterýž,pojmout,žena,4
hospodin,být,vy,4
ten,činit,což,4
kterýž,přijít,země,4
což,být,město,4
dvanáctý,počít,léta,4
hospodin,pravit,povězt,4
já,uvést,kterýž,4
kdo,být,lid,4
kterýž,být,rameno,4
hospodin,dát,nepřítel,4
David,učinit,co,4
král,říci,jenž,4
ten,stát,já,4
hospodin,vysvobodit,ruka,4
král,vytrhnout,my,4
král,vytrhnout,ruka,4
tentýž,vytrhnout,my,4
tentýž,vytrhnout,ruka,4
kterýž,porodit,Saul,4
kterýž,porodit,Adriel,4
kterýž,porodit,syn,4
kterýž,mít,já,4
kterýž,přijít,já,4
dům,být,jenž,4
tisíc,vycházet,kteréhož,4
sto,vycházet,kteréhož,4
duch,být,toba,4
všickn,sloužit,on,4
léta,ukázat,já,4
vidění,ukázat,já,4
kterýž,ukázat,já,4
jakýž,být,den,4
kterýž,bydlet,Ar,4
hospodin,učinit,co,4
já,přikazovat,kteréž,4
hospodin,vyvést,ty,4
kterýž,být,hospodin,4
ohavnost,být,hospodin,4
kterýž,jít,teba,4
kterýž,mluvit,hora,4
hospodin,poslat,vy,4
hospodin,požehnat,jenž,4
kterýž,mít,kopyto,4
kterýž,půjčit,svůj,4
bůh,požehnat,toba,4
bůh,dávat,toba,4
hospodin,bojovat,vy,4
kterýž,obývat,žena,4
ten,umřít,smrt,4
tolikéž,vejít,shromáždění,4
kterýž,nosit,truhlo,4
bůh,být,on,4
kdo,vytrhnout,ruka,4
kterýž,říci,otec,4
hospodin,poslat,jenž,4
kterýž,slout,tělo,4
co,dít,on,4
kterýž,vidět,on,4
věc,vidět,král,4
ten,stát,den,4
kterýž,vejít,Egypt,4
kterýž,mluvit,Mojžíš,4
Mojžíš,vyjít,Faraon,4
kterýž,být,medenice,4
kterýž,být,nádoba,4
kdo,nasbírat,mnoho,4
kdo,nasbírat,málo,4
hospodin,být,prostřed,4
kterýž,vytrhnout,vy,4
kdož,zlořečit,otec,4
kterýž,jít,my,4
Mojžíš,sstupovat,hora,4
Mojžíš,mluvit,on,4
jeden,spojit,čaloun,4
oko,udělat,čaloun,4
oko,udělat,jeden,4
Dska,obložit,zlato,4
syn,učinit,všecek,4
kolo,být,pohledění,4
udělání,být,pohledění,4
já,posílat,tvář,4
pravost,činit,kterouž,4
kdo,být,pole,4
kdo,být,město,4
kdož,být,pole,4
kdož,být,město,4
Kananejská,být,země,4
kterýž,sedět,levice,4
kterýž,sedět,pravice,4
ť,navrátit,způsob,4
sestra,navrátit,způsob,4
dcera,navrátit,způsob,4
já,být,te,4
jenž,sstupovat,jáma,4
já,přivést,on,4
ten,přijít,já,4
loket,zšířit,strana,4
zeď,zdélit,sto,4
sto,být,on,4
kterýž,být,stavení,4
kterýž,být,komůrka,4
stáva,být,on,4
město,být,prostřed,4
kterýž,bydlit,on,4
kterýž,přijít,Jeruzalém,4
příbytek,být,Jeruzalém,4
kterýž,přijít,my,4
kterýž,mít,muž,4
ten,být,vy,4
což,hýbat,země,4
zlořečený,nad,všecka,4
kterýž,být,tělo,4
bůh,mluvit,on,4
kterýž,přijít,toba,4
co,být,já,4
anděl,říci,já,4
Lában,nazvat,on,4
Jákob,nazvat,on,4
Gál,nazvat,on,4
Izrael,říci,Jozef,4
otec,sloužit,jenž,4
uhel,dotkci,ústa,4
člověk,být,on,4
pokoj,učinit,já,4
bůh,přijít,pomsta,4
bůh,přijít,odplata,4
kdo,vytrhnout,on,4
zlý,přijít,ty,4
zpuštění,přijít,ty,4
já,stvořit,kovář,4
já,stvořit,zhoubka,4
kterýž,znát,ty,4
kterýž,činit,ten,4
smlouva,mít,on,4
kterýž,hledat,já,4
požehnání,být,bůh,4
kterýž,dávat,se,4
slovo,být,počátek,4
slovo,být,bůh,4
ten,říci,já,4
ten,povědět,on,4
což,narodit,tělo,4
což,narodit,duch,4
kdož,věřit,on,4
kterýž,činit,vzkříšení,4
všecko,přijít,já,4
kdož,přijít,já,4
kdo,vidět,otec,4
ten,vidět,otec,4
ť,vidět,otec,4
kdož,jesnat,on,4
kole,jesnat,on,4
já,dát,život,4
já,mluvit,vy,4
kdož,hledat,chvála,4
vy,pravit,já,4
Ježíš,uslyšat,ten,4
učedlník,říci,on,4
některý,říci,on,4
světlo,být,čas,4
ť,věřit,já,4
kdož,vidět,já,4
Petr,dědět,on,4
kdo,přijímat,ten,4
pan,říci,on,4
bůh,oslavit,on,4
já,poslat,svět,4
duch,nutit,já,4
duše,mít,já,4
žádný,být,vy,4
já,být,prostřed,4
Jozue,říci,on,4
voda,rozdělit,smlouva,4
kterýž,vysušit,tvář,4
kterýž,bydlit,západ,4
zbrojní,jít,Hospodinová,4
dům,přistupovat,pokolení,4
dům,přistupovat,rod,4
dům,přistupovat,dome,4
dům,přistupovat,osoba,4
Mojžíš,dát,východ,4
kterýž,kralovat,Astarot,4
síla,mít,tehdáž,4
jenž,být,konec,4
kterýž,být,Betsan,4
kámen,být,svědectví,4
ť,stát,on,4
kterýž,opanovat,on,4
kterýž,bydlet,on,4
kterýž,mít,sen,4
hospodin,mluvit,co,4
Nabuchodonozor,přestěhovat,kterýž,4
kterýž,projít,díl,4
kterýž,být,pokoj,4
jenž,být,pokoj,4
král,ustanovit,země,4
král,zmordovat,všecka,4
prchlivost,mít,obyvatel,4
prchlivost,mít,vy,4
kterýž,užívat,pavéza,4
každý,nechat,meč,4
každý,nechat,země,4
každý,nechat,svůj,4
ješto,mít,potěšitel,4
dřevo,padat,poledne,4
dřevo,padat,místo,4
kterýž,být,Hierapoli,4
kdo,mít,sukně,4
kdo,mít,pokrm,4
což,být,my,4
podobenství,povědět,on,4
Jdouc,říci,on,4
já,posílat,anděl,4
kterýž,připravit,cesta,4
kdo,pohrdat,vy,4
kdož,pohrdat,vy,4
kdož,pohrdat,ten,4
ť,pohrdat,vy,4
ť,pohrdat,ten,4
já,vymítat,ďáblo,4
pakle,přijít,bdění,4
pán,potřebovat,on,4
pán,říci,pán,4
David,nazývat,on,4
David,nazývat,pán,4
kdož,být,vy,4
Petr,jít,on,4
tma,stát,hodina,4
obět,být,dobytek,4
díl,přidat,ten,4
kněz,očistit,Hospodin,4
malomocenství,přikrýt,kůže,4
malomocenství,přikrýt,hlava,4
poškvrna,rozmohnout,očištění,4
ráno,být,roucha,4
kdož,mít,tok,4
Aron,obětovat,obět,4
kdož,zabít,vně,4
kdož,zabít,stan,4
žádný,jíst,věc,4
nájemník,jíst,věc,4
kole,obětovat,obět,4
kdož,zabít,hovado,4
kdož,zabít,člověk,4
úrod,mít,pokrm,4
strýc,vyplatit,on,4
země,vydat,vy,4
kterýž,bát,Hospodina,4
všickn,chodit,jméno,4
národ,chodit,jméno,4
jeden,chodit,jméno,4
my,chodit,jméno,4
srdce,být,já,4
kdo,říci,vy,4
všecheň,pravit,ť,4
Bděte,pravit,ť,4
mnohý,jít,on,4
strom,nést,ovoce,4
zlý,nést,ovoce,4
kdož,slyšet,slovo,4
kdo,přijímat,jméno,4
kdož,přijímat,jméno,4
přijímat,vzít,odplata,4
kdo,přisáhnout,oltář,4
kdo,přisáhnout,dar,4
kdož,přisahat,ten,4
což,být,konev,4
oheň,sžíř,ty,4
počet,nechat,ť,4
tiť,vystavět,on,4
Mea,vystavět,on,4
Meremot,opravovat,on,4
Mesullam,opravovat,on,4
Uziel,opravovat,on,4
pokolení,položit,on,4
ten,schýlit,Sefama,4
ten,schýlit,Reblat,4
pomezí,schýlit,Sefama,4
pomezí,schýlit,Reblat,4
sestro,mít,choť,4
přítelkyně,mít,sestro,4
holubičko,mít,sestro,4
matka,počít,ty,4
rodička,počít,ty,4
kdo,ostříhat,ústa,4
ostříhat,ostříhat,ústa,4
někdo,dělat,chudý,4
kterýž,spát,prostřed,4
kterýž,spát,vrch,4
lev,být,cesta,4
lev,být,ulice,4
vina,přijít,ospravedlnění,4
milost,přijít,ospravedlnění,4
kterýž,vzkřísit,Kristus,4
bůh,vzkřísit,mrtvý,4
šetřit,šetřit,pán,4
Izai,zplodit,David,4
Slyštež,zpívat,hospodin,4
já,zpívat,hospodin,4
já,troubit,trouba,4
vy,troubit,trouba,4
on,pobít,kterýž,4
já,zplodit,ty,4
kterýž,bát,ty,4
sláva,nad,země,4
Necha,oslavovat,Hospodin,4
Necha,oslavovat,milosrdenství,4
kterýž,vzývat,pravda,4
anděl,vycházet,on,4
ten,pravit,ť,4
kterýž,sedět,trůn,4
kterýž,mít,srp,4
my,vidět,co,3
my,vidět,oko,3
my,vidět,což,3
každý,činit,hřích,3
svět,nenávidět,vy,3
kdož,ostříhat,přikázaný,3
kterýž,vyznávat,Jezukrista,3
kterýž,vyznávat,tělo,3
bůh,poslat,syn,3
bůh,dát,život,3
bůh,dát,my,3
kdož,mít,syn,3
já,být,vy,3
kterýž,milovat,on,3
bláznovství,být,on,3
muž,umřít,pakle,3
vy,mít,pán,3
kdo,mít,naděje,3
ten,přijít,nic,3
všickn,pozdravovat,vy,3
David,mít,kterýž,3
on,sedět,stolice,3
král,přisáhnout,Hospodina,3
král,ustanovit,král,3
Šalomoun,dosednout,stolice,3
syn,ostříhat,cesta,3
syn,učinit,co,3
syn,učinit,já,3
čtyřidcet,být,den,3
král,povstat,on,3
krev,být,hlava,3
Šalomoun,obětovat,tisíc,3
Šalomoun,obětovat,oltář,3
král,vynést,kterýž,3
Chíram,poslat,služebník,3
syn,vystavit,dům,3
syn,vystavit,jméno,3
řada,být,mřežování,3
Šalomoun,nadělat,dům,3
Šalomoun,obětovat,on,3
kterýž,mluvit,otec,3
hospodin,říci,David,3
cizozemec,přijít,země,3
daleký,přijít,země,3
všickn,poznat,jméno,3
ten,být,den,3
kterýž,dávat,já,3
král,dát,královna,3
kterýž,přicházet,Šalomoun,3
kterýž,přicházet,rok,3
kterýž,rozsadit,město,3
král,složit,Jeruzalém,3
kterýž,růst,údolí,3
kterýž,růst,množství,3
kterýž,ukázat,on,3
jeho,dát,on,3
otec,ztížit,jho,3
kterýž,zrostnout,on,3
kterýž,mluvit,toba,3
já,přidat,břemeno,3
král,uslyšet,ten,3
muž,říci,ten,3
kterýž,přijít,Judstvo,3
slovo,stát,ten,3
an,stát,on,3
pták,jíst,ten,3
lid,plakat,on,3
hospodin,vyplénit,tvář,3
kterýž,přikázat,on,3
syn,činit,on,3
kterýž,být,ležení,3
lid,odpovědět,on,3
mládenec,říci,svůj,3
já,dát,tvůj,3
muž,vytáhnout,Samaří,3
muž,vytáhnout,pokoj,3
muž,vytáhnout,bitva,3
prorok,přijít,král,3
hospodin,dát,ten,3
já,uvést,zlý,3
král,povolat,protož,3
kterýž,mít,pastýř,3
hospodin,mluvit,toba,3
stavitel,zavrhnout,kterýž,3
Adad,kralovat,on,3
syn,bydlit,on,3
Amariáš,zplodit,Achitoba,3
syn,dát,Levít,3
syn,dát,město,3
ten,bydlit,Jeruzalém,3
Ner,zplodit,Jonata,3
Cis,zplodit,Jonata,3
Saule,zplodit,Cisa,3
Saule,zplodit,Jonata,3
Saul,zplodit,Cisa,3
filistinský,sebrat,boj,3
vojsko,ležet,údolí,3
ten,být,bratr,3
David,říci,shromáždění,3
David,říci,den,3
bůh,přikázat,on,3
hospodin,způsobit,ten,3
Onť,ustavit,dům,3
David,porazit,král,3
služebník,mít,kterýž,3
král,obětovat,ten,3
David,kralovat,Izrael,3
Joáb,být,vojsko,3
syn,být,vojsko,3
služebník,přijít,David,3
služebník,přijít,země,3
meč,být,země,3
on,být,já,3
bůh,dát,syn,3
bůh,požehnat,on,3
bohatství,být,ty,3
žádný,být,ty,3
duše,žádat,což,3
což,mluvit,dům,3
každý,utíkat,jeden,3
on,dít,on,3
Brát,být,syn,3
král,být,my,3
já,vyvést,Egypt,3
hospodin,učinit,kterouž,3
hospodin,učinit,oko,3
kterýž,nosit,zbroj,3
hospodin,mít,líbost,3
já,jít,te,3
Saul,porazit,tisíc,3
hospodin,odpovědět,jenž,3
David,říci,služebník,3
muž,být,my,3
bůh,dát,ť,3
bůh,dát,nepřítel,3
král,být,den,3
aj,říci,on,3
hospodin,dát,vojsko,3
kterýž,být,Hebron,3
kterýž,znát,bůh,3
ť,být,věk,3
kterýž,učinit,my,3
jeden,umřít,on,3
jeden,umřít,mrtvý,3
kterýž,umřít,on,3
kterýž,umřít,mrtvý,3
svědectví,vydávat,on,3
kterýž,dát,vy,3
kterýž,dát,srdce,3
spravedlnost,zůstávat,věk,3
já,prosit,vy,3
kterýž,mít,ten,3
pán,dát,kterouž,3
slovo,stát,ústa,3
bůh,být,Izrael,3
kteříž,odpovědět,on,3
protož,poslat,on,3
oheň,sstoupit,nebe,3
pán,poslat,já,3
ten,říci,on,3
hospodin,otevřít,oko,3
hospodin,říci,ten,3
hospodin,mluvit,dům,3
hospodin,mluvit,služebník,3
kterýž,pozůstat,dům,3
já,uvozovat,vy,3
syn,sedět,stolice,3
dcera,vzít,syn,3
jeden,umřít,hřích,3
každý,umřít,hřích,3
syn,kralovat,měsíc,3
král,přitáhnout,den,3
hospodin,vyhnat,kterýž,3
on,činit,kterýž,3
kterýž,hubit,on,3
Sukkot,udělat,muž,3
Sukkot,udělat,Asima,3
Kutští,udělat,muž,3
Kutští,udělat,Asima,3
Nergale,udělat,muž,3
Nergale,udělat,Asima,3
kterýž,přisluhovat,on,3
hospodin,učinit,on,3
syn,činit,den,3
král,přitáhnout,léta,3
Ezechiáš,pobořit,výsost,3
Zdaliž,vysvobodit,ruka,3
kterýž,slyšet,všecka,3
kterýž,sedsat,cherubína,3
horlivost,učinit,ten,3
Ezechiáš,roznemoci,den,3
Ezechiáš,roznemoci,smrt,3
což,být,dům,3
kterýž,naleznout,dům,3
všickn,shromáždit,on,3
Šalomoun,nadělat,jenž,3
král,nadělat,jenž,3
on,zabít,on,3
král,nadělat,dům,3
Sedechiáš,být,jedenmecítma,3
Nabuchodonozor,přitáhnout,vojsko,3
král,přitáhnout,vojsko,3
kterýž,zůstat,město,3
kterýž,být,Masfa,3
kterýž,být,ten,3
vnitř,obložit,zlato,3
kudyž,vcházet,Emat,3
což,učinit,hospodin,3
otec,stížit,jho,3
kterýž,být,pokolení,3
ten,přijít,on,3
ten,sloužit,on,3
ten,sloužit,co,3
ten,sloužit,já,3
hospodin,dát,věk,3
hospodin,ranit,on,3
kterýž,pojmout,se,3
Izrael,být,den,3
ť,naleznout,on,3
kterýž,počínat,se,3
otec,učinit,kterýž,3
syn,dát,on,3
Eden,být,jenž,3
Eden,být,pomoc,3
Eden,být,město,3
kterýž,vyjít,život,3
co,být,srdce,3
což,najít,on,3
král,říci,služebník,3
bůh,dát,všecka,3
kterýž,oznámit,on,3
kterýž,oznámit,ten,3
kterýž,být,Betlý,3
bůh,učinit,tento,3
Síba,odpovědět,král,3
pocestný,přijít,ten,3
pocestný,přijít,člověk,3
já,učinit,ten,3
hospodin,milovat,on,3
všickn,jít,on,3
což,vidět,vy,3
hospodin,mít,skála,3
kterýž,vyvést,já,3
hospodin,odplatit,můj,3
hospodin,učinit,den,3
kterýž,zamilovat,my,3
pán,dát,vy,3
milost,všechnout,vy,3
ten,být,ten,3
kterýž,uvodit,blud,3
kterýž,zbírat,víno,3
ten,přijít,ty,3
hospodin,být,chráma,3
kdož,shromažďovat,se,3
Zorobábeli,posilnout,syn,3
Jozue,posilnout,syn,3
lide,posilnout,syn,3
já,dát,město,3
dům,zůstat,město,3
panovník,ukázat,já,3
poškvrna,být,jenž,3
kterýž,být,království,3
kterýž,zjevovat,věc,3
bůh,dát,toba,3
něco,být,jenž,3
Nabuchodonozor,vynést,kterýž,3
kterýž,bydlit,země,3
on,mluvit,já,3
ť,slušet,my,3
hospodin,dávat,my,3
kterýž,shlédnout,země,3
město,být,údolí,3
on,obdržet,země,3
hospodin,učinit,ť,3
hospodin,dávat,vy,3
já,předkládat,vy,3
hora,hořet,oheň,3
hospodin,dávat,dědictví,3
hospodin,učinit,my,3
kterýž,nenávidět,on,3
ohavnost,být,tvůj,3
otec,sstoupit,Egypt,3
hospodin,dávat,kterýž,3
což,mít,plejtví,3
hospodin,dát,dědictví,3
on,panovat,teba,3
hospodin,vykoupit,ty,3
slavnost,být,den,3
Levíta,přijít,místo,3
což,přikázat,on,3
prvý,mít,nenávist,3
hospodin,dát,tvůj,3
navrátíš,být,on,3
kterýž,dát,otec,3
hospodin,dát,místo,3
hospodin,zavést,ty,3
nepřítel,ssoužit,jenž,3
nepřítel,ssoužit,ty,3
kterýž,sekat,dříví,3
kdo,vstoupit,nebe,3
Mojžíš,přikázat,on,3
věc,přijít,on,3
bůh,být,prostřed,3
bůh,dát,vy,3
co,přihodit,on,3
král,vztáhnout,berla,3
král,přijít,hod,3
kterýž,být,Susan,3
jenž,mít,on,3
kdo,ustanovit,ty,3
kdo,ustanovit,kníže,3
tento,mít,znamení,3
bůh,poslat,já,3
bůh,poslat,vy,3
čarodějník,učinit,čára,3
Mojžíš,volat,hospodin,3
Mojžíš,vztáhnout,ruka,3
což,otvírat,život,3
bůh,navštívit,vy,3
syn,jít,prostředek,3
což,vejít,on,3
hospodin,kralovat,věk,3
kdož,zlořečit,mater,3
pán,být,vina,3
ten,být,vina,3
naplnění,být,on,3
naplnění,být,Hospodin,3
ráno,být,on,3
obět,být,hospodin,3
kdož,dělat,dílo,3
kterýž,být,ucho,3
já,být,ten,3
hospodin,říci,Mojžíš,3
kůže,stkvět,tvář,3
oblak,být,on,3
každý,jít,strana,3
an,mluvit,já,3
abys,zachovat,on,3
spravedlivý,odvrátit,svůj,3
jazyk,přilnout,dásní,3
soud,pohrdnout,můj,3
já,uvést,vy,3
ten,být,život,3
pravost,být,on,3
kterýž,patřit,půlnoc,3
já,vědět,ten,3
kterýž,být,urážka,3
muž,být,on,3
dům,popálit,oheň,3
což,mít,křídlo,3
kupec,kupčit,množství,3
já,přivést,ty,3
přestoupení,být,my,3
žádný,činit,on,3
kdo,přestrašit,on,3
panovník,pravit,tento,3
já,být,toba,3
ten,být,poctivost,3
což,mít,on,3
kterýž,být,muž,3
kněz,obětovat,obět,3
kdo,být,Judstvo,3
kdo,být,Jeruzalém,3
kniha,být,krajina,3
jenž,být,řeka,3
král,dát,kterýž,3
kterýž,obětovat,bůh,3
Kristus,být,tělo,3
písmo,pravit,co,3
síma,být,jenž,3
bůh,stvořit,muž,3
on,dát,já,3
Irád,zplodit,Lámech,3
já,být,den,3
kterýž,hýbat,země,3
syn,učinit,on,3
Abram,být,léta,3
ten,mít,smlouva,3
kterýž,narodit,on,3
syn,říci,on,3
pohostina,být,země,3
Izák,říci,on,3
Jákob,říci,on,3
Dan,nazvat,jméno,3
bůh,dopustit,on,3
kterýž,ukázat,toba,3
Jákob,říci,já,3
otec,milovat,on,3
Kteřížto,odpovědět,on,3
kdo,vyložit,on,3
bůh,učinit,ten,3
slovo,mluvit,on,3
kterýž,být,dome,3
kdo,zbudit,on,3
národ,pohrnout,on,3
ten,mluvit,já,3
já,vzbudit,on,3
pán,říci,já,3
kterýž,ostříhat,on,3
slovo,být,on,3
kterýž,prospět,nic,3
což,mít,přijít,3
více,být,já,3
kterýž,sformovat,on,3
dům,být,národ,3
smlouva,mít,ť,3
kdo,obětovat,obět,3
ten,být,počátek,3
kterýž,sstoupit,nebe,3
kdož,být,země,3
ť,být,země,3
Ježíš,přijít,Galilee,3
zimnice,přestat,on,3
otec,dát,kterýž,3
otec,dát,já,3
já,činit,kterýž,3
otec,poslat,já,3
učedlník,vstoupit,loď,3
já,vyvolit,vy,3
ť,nenávidět,já,3
ten,pravit,co,3
ten,vydávat,svědectví,3
já,být,svět,3
žid,říci,on,3
Dokudž,být,svět,3
kterýž,vídat,on,3
otec,milovat,já,3
ten,být,smrt,3
Šimon,dědět,on,3
ť,přijímat,já,3
jeden,zradit,já,3
já,milovat,vy,3
já,být,Otce,3
já,jít,Otce,3
otec,milovat,vy,3
kdož,nenávidět,já,3
Pilát,dědět,on,3
kterýž,přijít,Ježíš,3
Poďte,říci,on,3
kterýž,dávat,déš,3
kterýž,sstupovat,hrob,3
kdo,dít,on,3
kdo,složit,já,3
kdo,složit,rok,3
slib,být,kochaťe,3
vy,vidět,ten,3
Dokudž,být,čas,3
Dokudž,být,já,3
Všemohoucí,být,čas,3
Všemohoucí,být,já,3
ústa,otvírat,svůj,3
síla,být,co,3
hospodin,mluvit,Jozue,3
muž,přijít,noc,3
muž,přijít,toba,3
muž,přijít,vyšpehování,3
kterýž,přijít,vyšpehování,3
povolav,říci,on,3
zbrojní,jít,on,3
ostatní,jít,on,3
ostatní,jít,Hospodinová,3
kněz,jít,on,3
kněz,jít,Hospodinová,3
Jozue,dát,on,3
patero,být,Egypt,3
patero,být,pomezí,3
patero,být,jenž,3
Léví,dát,dědictví,3
Mojžíš,dát,pokolení,3
jenž,být,západ,3
jenž,být,půlnoc,3
Jeruzalém,být,údolí,3
Jeruzalém,být,západ,3
Jeruzalém,být,konec,3
Jeruzalém,být,půlnoc,3
Kananejský,bydlit,prostřed,3
kterýž,být,Betoron,3
kterýž,být,polední,3
kterýž,zabít,člověk,3
kterýž,ležet,poušť,3
Jozue,říci,lid,3
kterýž,činit,oko,3
já,uvést,on,3
bolest,mít,věčný,3
bolest,mít,smrtelný,3
ráno,mít,věčný,3
ráno,mít,smrtelný,3
kterýž,zplodit,on,3
kterýž,stihat,já,3
on,prorokovat,lež,3
on,prorokovat,jméno,3
tento,být,místo,3
Jeremiáš,říci,ten,3
kterýž,činit,div,3
ten,zniknout,ruka,3
Joakim,spálit,kterouž,3
Jeremiáš,říci,jenž,3
Jeremiáš,sedět,síň,3
muž,učinit,což,3
cos,mluvit,král,3
cos,mluvit,co,3
král,mluvit,král,3
král,mluvit,co,3
kterýž,být,Moábský,3
kterýž,být,kterýž,3
kterýž,stát,prorok,3
člověk,mít,co,3
on,znát,ten,3
kdož,mít,on,3
tento,být,vy,3
slovo,stát,léta,3
Ježíš,jít,obilí,3
kterýž,činit,vy,3
učedlník,jít,on,3
aj,být,dome,3
já,posílat,tvůj,3
jiný,padnout,trn,3
jiný,padnout,země,3
jiný,padnout,dobrý,3
ten,vidět,světlo,3
jeho,ujmout,ruka,3
Jan,vstát,mrtvý,3
vy,pravit,kdo,3
kterýž,okuset,smrt,3
ten,mluvit,on,3
soudce,dát,ty,3
kterýž,bát,bůh,3
ť,vejít,on,3
co,nazývat,já,3
co,nazývat,dobrý,3
vy,učinit,on,3
kterýž,dát,moc,3
pakle,dět,lidé,3
žena,umřít,všechen,3
mnohý,přijít,jméno,3
syn,jít,člověk,3
kterýž,zrazovat,on,3
Petr,rozpomenout,slovo,3
Pilát,otázat,on,3
nic,stát,on,3
tma,stát,země,3
kterýž,přijít,Galilee,3
zápal,být,obět,3
obět,obětovat,hospodin,3
olej,nalet,on,3
kněz,vzít,hřích,3
kněz,pálit,hospodin,3
číz,navrátit,věc,3
číz,navrátit,ten,3
číz,navrátit,cela,3
číz,navrátit,den,3
číz,navrátit,hřích,3
ten,navrátit,věc,3
ten,navrátit,ten,3
ten,navrátit,cela,3
ten,navrátit,den,3
ten,navrátit,hřích,3
obět,přináležet,kněz,3
hospodin,přikázat,hora,3
hospodin,přikázat,syn,3
ten,zpézt,roucha,3
což,plazit,země,3
kněz,pohledit,den,3
což,být,ten,3
Aron,obětovat,on,3
kole,obětovat,hospodin,3
kterýž,obětovat,hospodin,3
kterýž,koupit,on,3
maní,zacházet,já,3
Heródes,uslyšet,ten,3
Ježíš,znát,ten,3
ť,být,vjít,3
otec,odpustit,vy,3
jedny,říci,druhý,3
kdož,setrvat,konec,3
jáť,pravit,vy,3
kdož,pojmout,propuštěný,3
Ježíš,uslyšet,ten,3
všickn,mít,on,3
kdož,přisahat,on,3
král,říci,já,3
bůh,dát,srdce,3
Sádoch,opravovat,on,3
tys,vyslýchat,on,3
Jesua,zplodit,Joiakima,3
Jesua,zplodit,Joiakim,3
Jesua,zplodit,Eliasib,3
Jesua,zplodit,Joiad,3
Eliasib,zplodit,Joiakima,3
Eliasib,zplodit,Joiakim,3
Eliasib,zplodit,Eliasib,3
Eliasib,zplodit,Joiad,3
Mojžíš,vzít,ten,3
Mojžíš,sčetnout,Aron,3
korouhev,jít,houfe,3
Mojžíš,poslat,on,3
příchozí,být,vy,3
slovo,mluvit,ten,3
kterýž,vyjít,země,3
hospodin,odpustit,on,3
vražedlník,umřít,smrt,3
přítel,zabít,vražedlník,3
trápení,přijít,vy,3
cesta,zdát,on,3
jed,být,ret,3
kterýž,být,obřízka,3
kdož,protivit,vrchnost,3
kdož,protivit,zřízení,3
kterýž,protivit,vrchnost,3
kterýž,protivit,zřízení,3
Noémi,říci,on,3
otec,vypravovat,my,3
Samson,říci,on,3
král,být,Izrael,3
bůh,činit,on,3
kterýž,přijmout,slovo,3
kterýž,dělat,on,3
ť,mít,hospoda,3
ť,mít,dům,3
ť,obklíčit,já,3
bolest,obklíčit,já,3
kterýž,hledat,duše,3
kterýž,nenávidět,příčina,3
duše,mít,ty,3
kdo,být,přirození,3
což,být,hospodin,3
kterýž,stát,myrtoví,3
kůň,vycházet,on,3
bílý,vycházet,on,3
strakatý,vycházet,on,3
rada,být,trůn,3
rada,být,on,3
rada,být,oba,3
den,být,čas,3
mít,být,ten,3
což,být,počátek,2
což,být,otcem,2
ť,znát,ten,2
pravda,být,on,2
kdož,nenávidět,bratr,2
kterýž,být,počátek,2
ť,trvat,věk,2
svět,znát,my,2
svět,znát,jeho,2
každý,činit,zákon,2
kdož,činit,zákon,2
ť,činit,hřích,2
ť,činit,zákon,2
kdož,narodit,bůh,2
srdce,potupovat,my,2
duch,být,bůh,2
ť,být,svět,2
ť,poslouchat,my,2
každý,narodit,bůh,2
on,milovat,my,2
kdož,přebývat,láska,2
kdož,přebývat,bůh,2
každý,milovat,ten,2
kdož,milovat,ten,2
ť,milovat,ten,2
kdož,věřit,syn,2
kdož,mít,život,2
kterýž,být,Korint,2
kterýž,utvrdit,vy,2
svět,poznat,moudrost,2
vy,být,on,2
kterýž,být,člověk,2
kdo,poznat,mysl,2
duch,přebývat,vy,2
kterýž,lapat,moudrý,2
kterýž,lapat,chytrost,2
my,kralovat,vy,2
všecko,slušet,já,2
všecek,slušet,já,2
hřích,hřášet,tělo,2
ten,hřášet,tělo,2
jeden,onát,manželka,2
jeden,onát,muž,2
bůh,povolat,my,2
kdo,mít,žena,2
Kristus,umřít,kteréhož,2
kterýž,soudit,já,2
kdo,jíst,stádo,2
naděje,mít,naděje,2
ten,dát,já,2
ten,běžet,závod,2
kterýž,běžet,závod,2
všickn,běžet,závod,2
Anobrž,obětovat,což,2
Anobrž,obětovat,ďáblo,2
pohaný,obětovat,což,2
pohaný,obětovat,ďáblo,2
nic,vyptávat,svědomí,2
já,činit,což,2
oko,být,tělo,2
oud,trpět,co,2
oud,trpět,on,2
všickn,trpět,co,2
všickn,trpět,on,2
nic,prospívat,já,2
ten,prospívat,já,2
naděje,čekat,všechen,2
ten,mluvit,jazyk,2
ten,mluvit,lidé,2
kdož,mluvit,lidé,2
ten,vzdělávat,se,2
církev,vzdělávat,se,2
všickn,mluvit,jazyk,2
bůh,být,vy,2
kterýž,poddat,on,2
ten,činit,co,2
bůh,dávat,on,2
aj,pravit,vy,2
porušitelný,obléci,smrtelný,2
neporušitelnost,obléci,smrtelný,2
nesmrtelnost,obléci,smrtelný,2
ť,jít,já,2
otevřína,být,já,2
dvéřa,být,já,2
vespolek,pozdravit,se,2
vespolek,pozdravit,políbení,2
kterýž,být,král,2
král,poznat,on,2
kterýž,běhat,on,2
David,vědět,nic,2
Betsabé,vejít,král,2
on,sedět,můj,2
ten,vědět,ten,2
král,usnout,otec,2
kdo,sedět,stolice,2
král,přisáhnout,toba,2
král,přisáhnout,Izraelský,2
kterýž,vysvobodit,duše,2
Sádoch,pomazat,on,2
lid,vstoupit,on,2
Adoniáš,slýt,což,2
Adoniáš,slýt,zvuk,2
Joáb,slýt,což,2
Joáb,slýt,zvuk,2
král,poslat,kněz,2
vlas,spadnout,země,2
Joáb,učinit,co,2
Joáb,učinit,já,2
Joáb,učinit,hejtman,2
syn,učinit,hejtman,2
kterýž,mít,bedra,2
kterýž,mít,kterouž,2
David,usnout,otec,2
David,kralovat,jenž,2
král,říci,kněz,2
otec,snášet,všecka,2
otec,snášet,ssoužení,2
otec,snášet,kterýž,2
Joáb,utéci,stánek,2
král,říci,ten,2
Sádocha,ustanovit,syn,2
Sádocha,ustanovit,on,2
Sádocha,ustanovit,vojsko,2
Sádocha,ustanovit,kněz,2
Sádocha,ustanovit,Abiatar,2
král,přikázat,syn,2
lid,obětovat,výsost,2
tvůj,být,prostřed,2
žádný,být,my,2
žádný,být,dům,2
žena,mluvit,král,2
kterýž,být,Galád,2
kterýž,být,Bázan,2
písko,být,břeh,2
Šalomoun,poslat,Chíram,2
hospodin,mluvit,David,2
služebník,být,služebník,2
kterýž,dát,syn,2
kterýž,dát,lidé,2
Chíram,poslat,Šalomoun,2
Chíram,poslat,řko,2
Chíram,poslat,oč,2
Chíram,poslat,já,2
hospodin,dát,moudrost,2
kterýž,tesat,hora,2
kterýž,být,dílo,2
Šalomoun,obložit,příbytek,2
Šalomoun,obložit,kterouž,2
kterýž,být,svatyně,2
loket,být,konec,2
dvéřa,být,dříví,2
což,přináležet,on,2
Šalomoun,stavět,dům,2
okolek,mít,loket,2
makovice,zvýšit,loket,2
makovice,zvýšit,makovice,2
loket,zvýšit,loket,2
loket,zvýšit,makovice,2
tři,patřit,západ,2
moře,stát,on,2
jakýž,bývat,koflík,2
pět,postavit,podstavek,2
pět,postavit,pět,2
pět,postavit,východ,2
moře,postavit,podstavek,2
moře,postavit,pět,2
moře,postavit,východ,2
kterýž,dělat,král,2
kterýž,dělat,dům,2
řada,být,vrch,2
kterýž,být,mřežování,2
Šalomoun,vnést,věc,2
složiv,být,poklad,2
kněz,přenést,ten,2
kterýž,sejít,on,2
král,obětovat,ovce,2
kněz,vnést,truhlo,2
cherubínový,mít,křídlo,2
nic,být,truhle,2
nic,být,tabule,2
Mojžíš,složit,kterýž,2
Mojžíš,složit,Orébě,2
oblak,naplnit,dům,2
kterýž,mluvit,ústa,2
otec,uložit,ty,2
otec,uložit,jméno,2
stavěď,uložit,ty,2
stavěď,uložit,jméno,2
dům,uložit,srdce,2
dům,uložit,jméno,2
hospodin,říci,otec,2
kterýž,vyjít,bedr,2
on,vystavit,dům,2
on,vystavit,jméno,2
hospodin,splnit,slovo,2
kterýž,ostříhat,služebník,2
bůh,bydlit,pravda,2
aj,obsahovat,ty,2
popatnout,slýt,volání,2
služebník,modlit,kterouž,2
služebník,modlit,teba,2
služebník,modlívat,kterouž,2
služebník,modlívat,místo,2
člověk,zhřešit,bližní,2
přísaha,přijít,dům,2
obrátík,vyznávat,jméno,2
modléka,prosit,ty,2
modléka,prosit,dům,2
modléka,vyznávat,místo,2
modléka,vyznávat,jméno,2
nepřítel,ssoužit,on,2
jatý,vést,on,2
ten,vést,on,2
Šalomoun,obětovat,obět,2
Šalomoun,obětovat,kterouž,2
Šalomoun,obětovat,hospodin,2
Šalomoun,držet,slavnost,2
lid,propustit,den,2
hospodin,ukázat,Gabaon,2
hospodin,uvést,věc,2
Šalomoun,darovat,on,2
Šalomoun,mít,jenž,2
Šalomoun,mít,sklad,2
kterýž,pozůstat,země,2
Šalomoun,uvést,plat,2
Šalomoun,podrobit,služba,2
což,mít,srdce,2
Jížto,odpovědět,všecka,2
Jížto,odpovědět,slovo,2
Šalomoun,odpovědět,všecka,2
Šalomoun,odpovědět,slovo,2
my,odpovědět,on,2
kterýž,oblíbit,ty,2
kterýž,oblíbit,se,2
soud,činit,abys,2
král,nadělat,dříví,2
král,dát,vedlo,2
Šalomoun,dát,královna,2
Šalomoun,dát,vedlo,2
kterýž,přicházet,kupec,2
centnéř,přicházet,Šalomoun,2
centnéř,přicházet,rok,2
centnéř,přicházet,kupec,2
co,přicházet,Šalomoun,2
co,přicházet,rok,2
co,přicházet,kupec,2
král,nadělat,sto,2
král,složit,on,2
král,udělat,stolice,2
nic,být,stříbro,2
bůh,složit,kterouž,2
bůh,složit,srdce,2
kupec,brávat,koupě,2
on,dodávat,král,2
král,zamilovat,žena,2
on,směšovat,on,2
on,směšovat,vy,2
kterýž,být,Jeruzalý,2
kteříž,přijít,Fáran,2
kteříž,přijít,Egypt,2
kteříž,přijít,Faraon,2
kterýž,dát,dům,2
kterýž,dát,země,2
což,dostávat,já,2
protož,ustanovit,on,2
jeho,dát,toba,2
jeho,dát,desatero,2
jeho,dát,syn,2
jeho,dát,pokolení,2
což,přikázat,toba,2
Šalomoun,kralovat,Jeruzalém,2
Šalomoun,kralovat,Izrael,2
Šalomoun,usnout,otec,2
Roboa,kralovat,on,2
kámží,utéci,král,2
král,radit,stařec,2
kterýž,stávat,Šalomoun,2
kterýž,stávat,otec,2
kterýž,stávat,život,2
povolný,být,lid,2
povolný,být,tento,2
on,opustit,rada,2
vy,radit,co,2
ten,polehnout,my,2
já,bič,uzlovatý,2
Jeroboa,přijít,den,2
lid,přijít,den,2
rada,mluvit,on,2
Izrael,všeckat,vida,2
král,oslyšet,on,2
lid,odpovědět,král,2
lid,odpovědět,slovo,2
Jakýž,mít,díl,2
Izai,mít,dědictví,2
Izai,mít,syn,2
Roboa,kralovat,syn,2
syn,odstoupit,dům,2
syn,odstoupit,den,2
Roboa,přijet,Jeruzalém,2
věc,stát,já,2
Efraim,vystavět,Jeroboa,2
Efraim,vystavět,hora,2
Fanuel,vystavět,Jeroboa,2
Fanuel,vystavět,hora,2
kterýž,mluvit,král,2
řeč,stát,já,2
lev,trefit,on,2
ten,dát,on,2
hospodin,vyvolit,pokolení,2
kterýž,vyplénit,tvář,2
Sesák,vytáhnout,Jeruzalý,2
král,vytáhnout,Jeruzalý,2
kterýž,ostříhat,braný,2
kterýž,ostříhat,dům,2
král,chodívat,dům,2
Roboa,usnout,otec,2
hospodin,dát,David,2
Aza,kralovat,on,2
otec,nadělat,kterýž,2
Aza,podťat,modlo,2
kterýž,posvětit,dům,2
Báza,vytáhnout,Juda,2
kterýž,bydlit,damašek,2
smlouva,být,já,2
Báza,stavět,jenž,2
Aza,usnout,otec,2
Jozafat,kralovat,on,2
lid,přivodit,jenž,2
lid,přivodit,hřešení,2
Báza,kralovat,léta,2
syn,kralovat,Tersa,2
syn,kralovat,léto,2
léta,kralovat,Tersa,2
Amri,kralovat,léta,2
déšť,být,země,2
Jezábel,mordovat,prorok,2
žeť,být,národ,2
ty,být,národ,2
služebník,bát,Hospodina,2
řeč,stát,jenž,2
Vyslyš,vyslýt,já,2
boh,učinit,já,2
syn,opustit,smlouva,2
oltář,zbořit,tvůj,2
Jéh,pomazat,král,2
Jéh,pomazat,prorok,2
Jéh,pomazat,se,2
žena,dát,já,2
všickn,říci,on,2
ten,přijít,král,2
muž,přijít,ten,2
on,ležet,den,2
město,zdělat,se,2
muž,říci,svůj,2
ten,být,podlé,2
já,uvést,ty,2
král,shromáždit,sto,2
já,návidět,on,2
král,sedět,ten,2
všickn,prorokovat,on,2
prorok,prorokovat,on,2
Sedechiáš,udělat,se,2
Sedechiáš,udělat,roh,2
syn,udělat,se,2
syn,udělat,roh,2
posel,mluvit,ten,2
posel,mluvit,on,2
tento,mít,pán,2
kdo,oklamat,Achab,2
já,říci,on,2
já,říci,oklama,2
hospodin,říci,způsob,2
hospodin,dát,ústa,2
ješto,mluvit,zlý,2
ješto,mluvit,toba,2
hospodin,mluvit,zlý,2
dokudž,navrátit,pokoj,2
král,táhnout,Rámot,2
ten,oblecnout,roucho,2
král,přikázat,hejtman,2
syrský,přikázat,hejtman,2
muž,střelit,lučiště,2
bitva,rozmohnout,den,2
král,stát,vůz,2
Ochoziáš,kralovat,on,2
kterýž,pozůstat,den,2
Jozafat,usnout,otec,2
Joram,kralovat,on,2
slovo,zůstávat,věk,2
kterýž,mít,bůh,2
kterýž,být,žalář,2
Kristus,trpět,my,2
kdož,trpět,my,2
ten,budit,vy,2
oheň,budit,vy,2
kterýž,povolat,my,2
kterýž,povolat,sláva,2
církev,pozdravovat,vy,2
jedny,pozdravtvout,políbení,2
Mizraim,zplodit,Ludim,2
Kanán,zplodit,Sidona,2
syn,narodit,Heber,2
Jektan,zplodit,Elmodad,2
kterýž,kralovat,země,2
kterýž,porazit,Madianská,2
kterýž,porazit,krajina,2
Bálanan,kralovat,on,2
Aminadab,zplodit,ram,2
Aminadab,zplodit,Aminadab,2
Názon,zplodit,Bóza,2
Salmon,zplodit,Salmon,2
Bóz,zplodit,Izai,2
Obéd,zplodit,Obéda,2
Obéd,zplodit,Izai,2
Hur,zplodit,Bezeleele,2
manželka,porodit,on,2
Attai,zplodit,Nátana,2
Attai,zplodit,Zabada,2
Nátan,zplodit,Nátana,2
Nátan,zplodit,Zabada,2
Zabad,zplodit,Obéda,2
Eflala,zplodit,Obéda,2
Eflal,zplodit,Obéda,2
Obéd,zplodit,Jéh,2
Obéd,zplodit,Azariáš,2
Jéh,zplodit,Jéh,2
Jéh,zplodit,Azariáš,2
Azariáš,zplodit,Cheleza,2
Azariáš,zplodit,Elas,2
Chelez,zplodit,Cheleza,2
Chelez,zplodit,Elas,2
Elasa,zplodit,Sismaie,2
Elasa,zplodit,Salluma,2
Sismai,zplodit,Sismaie,2
Sismai,zplodit,Salluma,2
Sallum,zplodit,Jekamiáš,2
Sallum,zplodit,Elisama,2
Jekamiáš,zplodit,Jekamiáš,2
Jekamiáš,zplodit,Elisama,2
Sema,zplodit,Racham,2
Sema,zplodit,otec,2
Sema,zplodit,Reke,2
Sema,zplodit,Sammaie,2
kterýž,užívat,díl,2
on,zrodit,on,2
Reaiáš,zplodit,Jachat,2
syn,zplodit,Jachat,2
Jachat,zplodit,Jachat,2
Ahumai,zplodit,Jachat,2
Meonatai,zplodit,Ofro,2
Meonatai,zplodit,Joába,2
Saraiáš,zplodit,Ofro,2
Saraiáš,zplodit,Joába,2
kterýž,bydlit,ten,2
syn,bydlit,Gáda,2
syn,bydlit,země,2
bůh,vzbudit,duch,2
bůh,vzbudit,král,2
Eleazar,zplodit,Fínesa,2
Eleazar,zplodit,Fínes,2
Eleazar,zplodit,Abisua,2
Uzi,zplodit,Zerachiáš,2
Uzi,zplodit,Meraiota,2
Zerachiáš,zplodit,Zerachiáš,2
Zerachiáš,zplodit,Meraiota,2
Meraiot,zplodit,Amariáš,2
Meraiot,zplodit,Achitoba,2
Amariáš,zplodit,Amariáš,2
Achitob,zplodit,Achimaas,2
Sádocha,zplodit,Achimaas,2
Sádoch,zplodit,Achimaas,2
Achimaas,zplodit,Azariáš,2
Achimaas,zplodit,Jochanan,2
Azariáš,zplodit,Azariáš,2
Azariáš,zplodit,Jochanan,2
Achitob,zplodit,Salluma,2
Sádocha,zplodit,Salluma,2
Sádoch,zplodit,Salluma,2
Sallum,zplodit,Helkiáš,2
Sallum,zplodit,Azariáš,2
Helkiáš,zplodit,Helkiáš,2
Helkiáš,zplodit,Azariáš,2
Azariáš,zplodit,Saraiáš,2
Azariáš,zplodit,Jozadak,2
Saraiáš,zplodit,Saraiáš,2
Saraiáš,zplodit,Jozadak,2
pole,dát,Kálef,2
pole,dát,syn,2
kterýž,být,čeleď,2
ten,bydlit,bratr,2
ten,bydlit,bratrý,2
ten,bydlit,svůj,2
Ner,zplodit,Saule,2
Cis,zplodit,Saule,2
Zimri,zplodit,Moza,2
Moza,zplodit,Bina,2
Azel,mít,syn,2
Sallum,ostříhat,práh,2
Sallum,ostříhat,stánek,2
Sallum,ostříhat,vcházení,2
syn,ostříhat,práh,2
syn,ostříhat,stánek,2
syn,ostříhat,vcházení,2
kterýž,ostříhat,práh,2
kterýž,ostříhat,stánek,2
kterýž,ostříhat,vcházení,2
Levítová,být,sprava,2
Levítová,být,komora,2
Achaz,zplodit,Jár,2
Jár,zplodit,Jár,2
Jár,zplodit,Alemeta,2
muž,utíkat,filistinský,2
střelec,trefit,on,2
Saul,říci,svůj,2
vida,nalehnout,meč,2
on,nalehnout,meč,2
filistinský,učinit,Saul,2
kdož,porazit,kole,2
kdož,porazit,Jebuzea,2
David,bydlit,hrad,2
ten,pozdvihnout,kop,2
lid,utéci,filistinský,2
ten,sstoupit,tři,2
ó,dát,já,2
ó,dát,pítě,2
někdo,dát,já,2
někdo,dát,pítě,2
kterýž,být,braný,2
ten,probivit,vojsko,2
ten,učinit,ten,2
sstoupiv,zabít,lev,2
sstoupiv,zabít,jáma,2
ten,zabít,muž,2
ten,mít,ruka,2
Banaiáš,učinit,ten,2
David,ustanovit,on,2
David,ustanovit,drabant,2
kterýž,přijít,David,2
ten,být,udatný,2
den,být,David,2
David,shromáždit,lid,2
Uza,spravovat,vůz,2
hospodin,obořit,Uza,2
boj,říci,den,2
Chíram,poslat,poslo,2
hospodin,potvrdit,on,2
kterýž,zrodit,Jeruzalém,2
David,uslyšat,což,2
břeh,protrhovat,voda,2
odvra,trefit,on,2
všickn,bát,on,2
truhlo,vcházet,město,2
David,rozbít,kterýž,2
David,rozbít,on,2
pohostina,být,on,2
hrozný,nad,všecka,2
hospodin,učinit,nebesa,2
zvuk,vydat,moře,2
Sádocha,nechat,kněz,2
Cožkoli,být,tvůj,2
Cožkoli,být,teba,2
učiň,být,srdce,2
učiň,být,tvůj,2
učiň,být,teba,2
slovo,stát,noc,2
kole,chodit,kudyž,2
já,utvrdit,trůn,2
já,utvrdit,věk,2
ten,znát,služebník,2
bůh,jít,jenž,2
ten,zjevit,služebník,2
David,pobrat,on,2
syrský,přitáhnout,damašek,2
syrský,přitáhnout,pomoc,2
syrský,přitáhnout,král,2
David,porazit,dvamecítma,2
David,porazit,tisíc,2
David,pobrat,štít,2
David,porazit,všecek,2
kterýžto,přinést,nádoba,2
král,obětovat,stříbro,2
soud,činit,lid,2
David,činit,poctivost,2
David,činit,otec,2
David,činit,tvůj,2
kterýž,potěšit,ty,2
Chanun,vzav,služebník,2
král,rozkázat,on,2
Králové,být,pole,2
protož,vybrat,některý,2
ostatek,dát,lid,2
ostatek,dát,správa,2
ostatek,dát,bratr,2
vidouce,utéci,Abizai,2
on,utéci,Abizai,2
kterýž,bydlet,řeka,2
syrský,utéci,Izrael,2
David,porazit,sedm,2
král,vyjíždívat,vojna,2
David,zůstat,Jeruzalém,2
David,navrátit,lidé,2
David,navrátit,Jeruzalém,2
dřevo,být,kop,2
ten,zabít,on,2
Jonata,zabít,on,2
kterýž,padnout,ruka,2
Joáb,dát,počet,2
hospodin,mluvit,ten,2
Gád,přijít,David,2
meč,být,protivník,2
meč,být,den,2
lidský,upadat,ruka,2
hospodin,uvést,mor,2
ráno,nechat,lid,2
ráno,nechat,tvůj,2
hospodin,vyslyšet,on,2
oltář,být,výsost,2
ť,být,dům,2
ť,být,oltář,2
ť,být,zápal,2
tento,být,dům,2
tento,být,oltář,2
tento,být,zápal,2
David,říci,syn,2
Onť,ustavit,jméno,2
kterýž,způsobit,vy,2
hospodin,dát,lid,2
kterýž,prorokovat,harfa,2
čtyřmecít,být,houfa,2
Dodai,být,houf,2
bůh,říci,já,2
hospodin,dát,syn,2
kterýž,dát,ten,2
my,být,teba,2
hospodin,zvelebit,oko,2
Elkán,říci,on,2
kdokoli,obětovat,obět,2
dům,mít,já,2
kterýž,pohrdat,já,2
starec,být,dům,2
starec,být,den,2
já,učinit,věc,2
filistinský,položit,Eben,2
filistinský,položit,Afek,2
kdo,vysvobodit,my,2
Filistinská,shromáždit,všecka,2
Filistinská,shromáždit,kníže,2
hospodin,uslyšet,on,2
ruka,být,den,2
syn,chodit,cesta,2
kterýž,činit,den,2
kterýž,kralovat,vy,2
muž,být,město,2
muž,přinést,kterýž,2
cožkole,být,srdce,2
pojav,uvést,on,2
Samuel,říci,ť,2
kuchař,říci,ť,2
hospodin,pomazat,ty,2
duch,sstoupit,ty,2
bůh,být,teba,2
strýc,říci,co,2
strýc,říci,vy,2
Samuel,říci,co,2
Samuel,říci,vy,2
Saul,odšít,dům,2
Saule,ustanovit,král,2
což,mluvit,já,2
protož,vysvobodit,ruka,2
král,přitáhnout,vy,2
on,být,Saul,2
on,být,Jonata,2
on,být,Gabaa,2
ten,přicházet,den,2
kterýž,zůstávat,on,2
houf,obrátit,cesta,2
kterýž,být,Saul,2
kterýž,nosit,efod,2
náš,vydat,ruka,2
ten,být,znamení,2
kterýž,být,vojšta,2
kterýž,jesnat,chléb,2
otec,zavázat,přísaha,2
Saul,říci,on,2
já,slyšet,kterýž,2
Zdaliž,mít,líbost,2
on,zavrhnout,řeč,2
on,zavrhnout,ty,2
hospodin,zavrhnout,řeč,2
hospodin,zavrhnout,ty,2
Samuel,říci,on,2
člověk,hledět,ten,2
člověk,hledět,srdce,2
hospodin,hledět,ten,2
hospodin,hledět,srdce,2
údolí,být,on,2
ten,jít,on,2
kterýž,jít,boj,2
kterýž,vytrhnout,já,2
kterýž,vytrhnout,moc,2
muž,jít,on,2
hospodin,zavřít,ruka,2
an,držet,ruka,2
David,hrát,ruka,2
David,počínat,se,2
David,mluvit,slovo,2
Saul,dát,dcera,2
Saul,učinit,co,2
Saul,poslat,ten,2
kterýž,být,Socho,2
Samuel,být,Socho,2
David,prosit,já,2
já,mluvit,kterouž,2
něco,přihodit,on,2
Jonata,volat,pacholet,2
král,poručit,já,2
král,poručit,věc,2
bůh,učinit,co,2
syn,dát,vy,2
kdo,oznámit,já,2
bezživotí,hledat,kdož,2
bezživotí,hledat,bezživotí,2
muž,říci,David,2
David,tázat,Hospodina,2
ť,dát,on,2
David,být,poušť,2
otec,znát,ten,2
zifejský,přijít,Saul,2
zifejský,přijít,Gabaa,2
posel,přijít,ten,2
Saul,navrátit,honění,2
ten,padnout,srdce,2
já,odplatit,ten,2
já,odplatit,já,2
já,odplatit,dobrý,2
já,odplatit,te,2
ten,oznámit,on,2
ten,oznámit,všecka,2
ten,oznámit,slovo,2
pasouka,být,zeď,2
pasouka,být,my,2
pasouka,být,noc,2
pasouka,být,všecka,2
pasouka,být,on,2
jméno,být,on,2
hospodin,učinit,pán,2
David,poslat,toba,2
kterýž,být,Gallim,2
já,sstoupit,teba,2
bůh,dát,tvůj,2
David,říci,Abizai,2
místo,být,on,2
muž,jít,ten,2
hospodin,vzbudit,ty,2
služebník,učinit,co,2
ten,vyjít,já,2
nic,jet,den,2
děvka,uposlechnout,hlas,2
děvka,uposlechnout,slovo,2
David,bít,večer,2
hospodin,dát,což,2
Saul,umřít,on,2
kterýž,být,Židovstvo,2
kdo,pohrdat,člověk,2
kteříž,spát,noc,2
kterýž,pracovat,vy,2
Hymeneus,být,jenž,2
kterýž,dát,se,2
kdo,žádat,biskupství,2
kdo,žádat,žeť,2
kdo,žádat,práce,2
kterýž,poznat,pravda,2
kterýž,dávat,my,2
já,milovat,pravda,2
kterýž,vytrhnout,my,2
což,přemyšlovat,podlé,2
amen,být,on,2
kdo,zarmoutit,ť,2
kdo,zarmoutit,já,2
ť,zarmoutit,ť,2
ť,zarmoutit,já,2
já,odpustit,co,2
kterýž,vzkřísit,pán,2
ten,obnovovat,den,2
my,prosit,místo,2
ť,být,vy,2
kterýž,dít,svatý,2
hojnost,být,pomoc,2
rovnost,být,pomoc,2
ten,netoliko,oblíčej,2
opatrujíce,netoliko,oblíčej,2
kterýž,milovat,vy,2
pán,dát,vzdělání,2
my,chlubit,ten,2
bůh,vědět,ť,2
vy,mít,co,2
kterýž,hřešit,prvý,2
pán,dát,já,2
kterýž,být,Samaří,2
kterýž,vyjít,vy,2
kterýž,spadnout,on,2
muž,říci,město,2
Elizeus,říci,ten,2
on,porazit,Moábské,2
on,porazit,on,2
on,porazit,porážka,2
muž,oznámit,ten,2
Gézi,říci,služebník,2
jeho,padnout,noha,2
hejtman,dát,on,2
tento,učid,já,2
syn,poslat,jeden,2
míra,být,stříbro,2
kterýž,pozůstat,město,2
král,poslat,vojsko,2
kterýž,říci,což,2
Elizeus,říci,což,2
Edom,odstoupit,den,2
Edom,odstoupit,království,2
kterýž,obklíčit,on,2
Ochoziáš,počít,léta,2
syrský,ranit,kterýžižik,2
syrský,ranit,on,2
medlo,povězit,my,2
strážný,oznámit,ten,2
kterýž,chovat,syn,2
což,mluvit,služebník,2
on,kázat,on,2
kněz,svolat,všecka,2
já,uvozovat,kterýž,2
hospodin,počít,den,2
Atalia,pomordovat,síma,2
matka,pomordovat,síma,2
dcera,vzít,Joasa,2
Atalia,kralovat,jenž,2
Atalia,kralovat,země,2
kterýž,odcházet,sobota,2
kněz,dát,setník,2
kněz,dát,kop,2
kteréž,být,dům,2
držíce,brát,svůj,2
král,stát,místo,2
Atalia,roztrhnout,roucho,2
lid,jít,dům,2
Matana,zabít,kněz,2
Matana,zabít,oltář,2
Atalie,zabít,meč,2
Joas,být,léta,2
což,být,všecka,2
což,být,den,2
kterýž,nalézat,dům,2
ten,obracet,on,2
Amaziáš,kralovat,on,2
Joachaz,kralovat,léta,2
Joas,kralovat,léta,2
cožkole,činit,čin,2
Joas,usnout,otec,2
Elizeus,vložit,ruka,2
kterýž,vzít,ruka,2
všecko,činit,což,2
Joas,činit,což,2
kterýž,zabít,král,2
zvíře,jít,ten,2
srdce,pozdvihnout,ty,2
každý,utíkat,příbytek,2
Amaziáš,jmout,král,2
Amaziáš,jmout,Betsemes,2
Joas,jmout,král,2
Joas,jmout,Betsemes,2
Judský,vzít,lid,2
kterýž,být,Gethefer,2
protož,vysvobodit,on,2
Amaziáš,činit,kterýž,2
Jotam,kralovat,on,2
Sallum,kralovat,léta,2
Sallum,kralovat,měsíc,2
Sallum,kralovat,Samaří,2
král,vytáhnout,země,2
Pekach,kralovat,léta,2
Jotam,usnout,otec,2
Achas,kralovat,on,2
Achas,být,léta,2
kterýž,udělat,dům,2
Achas,usnout,otec,2
Ezechiáš,kralovat,on,2
Ozee,kralovat,léta,2
král,přitáhnout,jenž,2
král,vzít,léta,2
hospodin,přikázat,jenž,2
samařský,nadělat,se,2
samařský,nadělat,národ,2
samařský,nadělat,jenž,2
národ,nadělat,se,2
národ,nadělat,národ,2
národ,nadělat,jenž,2
kterýž,stavět,dům,2
hospodin,vydat,kterýž,2
Senacherib,přitáhnout,město,2
král,přitáhnout,město,2
Eliakim,vyjít,on,2
kdo,zpodepřet,jenž,2
kdo,jet,on,2
Židovsky,mlout,my,2
Židovsky,mlout,lidé,2
pán,poslat,toba,2
lejno,jíst,svůj,2
moč,pít,vy,2
Ezechiáš,velet,vy,2
Zdaliž,vysvobodit,můj,2
který,být,bůh,2
ješto,vysvobodit,země,2
ješto,vysvobodit,ruka,2
ješto,vysvobodit,můj,2
správce,poslat,Eliakima,2
hospodin,slyšet,všecka,2
král,poslat,jenž,2
hospodin,pomstít,slovo,2
protož,pozdvihnout,modlitba,2
protož,pozdvihnout,ostatek,2
služebník,přijít,Izaiáš,2
Izaiáš,odpovědět,jenž,2
tento,povědět,pán,2
služebník,rouhat,jenž,2
služebník,rouhat,já,2
aj,pustit,vítr,2
já,pustit,vítr,2
an,dobývat,Lebn,2
bůh,svodit,ty,2
Zdaliž,vysvobodit,on,2
boh,vysvobodit,on,2
kterýž,být,Telasar,2
list,vzav,protož,2
Ezechiáš,rozvinout,on,2
Ezechiáš,rozvinout,Hospodin,2
kterýž,poslat,činění,2
kterýž,poslat,útržek,2
protož,zahladit,on,2
záž,modlit,já,2
záž,modlit,strana,2
dcera,potřásat,teba,2
dcera,potřásat,hlava,2
zpouzení,přijít,ucho,2
ostatek,vpustit,kořen,2
ostatkový,vyjít,Jeruzalém,2
ť,vejít,město,2
Esarchaddon,kralovat,on,2
Izaiáš,přijít,on,2
Ezechiáš,plakat,pláč,2
ť,slyšet,modlitba,2
Ezechiáš,ukázat,což,2
Ezechiáš,ukázat,on,2
Ezechiáš,ukázat,dům,2
Ezechiáš,ukázat,panství,2
muž,pravit,co,2
nic,být,poklad,2
cožkole,být,dům,2
otec,nachovat,tvoj,2
otec,nachovat,den,2
kterýž,sát,ty,2
pokoj,být,den,2
Ezechiáš,usnout,otec,2
Manasses,kralovat,on,2
Manasses,být,léta,2
hospodin,říci,kterýž,2
Mojžíš,vydat,kterýž,2
amorejšký,činit,věc,2
amorejšký,činit,což,2
hospodin,říci,protož,2
Manasses,usnout,otec,2
Amon,kralovat,on,2
Amon,být,léta,2
Manasses,činit,ten,2
otec,chodit,cesta,2
otec,chodit,jenž,2
služebník,spuntovat,on,2
kterýž,spuntovat,král,2
Joziáš,být,léta,2
Safan,oznámit,král,2
kněz,dát,kniha,2
kněz,dát,já,2
Safan,číst,on,2
Safan,číst,král,2
já,uvést,místo,2
já,připojit,ty,2
já,připojit,otec,2
král,vstoupit,dům,2
všickn,slyšet,všecka,2
všickn,slyšet,slovo,2
ten,vysypat,prach,2
vůz,spálit,oheň,2
kterýž,být,palác,2
Joakim,být,pětmecítma,2
hospodin,poslat,lotřík,2
Joachin,kralovat,on,2
král,pobrat,řeka,2
Joachin,být,léta,2
ten,dát,rozhněvání,2
Sedechiáš,zprotivit,ten,2
Sedechiáš,zprotivit,král,2
kaldejský,ležet,město,2
vojsko,rozprchnout,on,2
řetěz,svázat,on,2
Nebuzardan,přitáhnout,měsíc,2
výška,být,loket,2
hejtman,vzít,kněz,2
jenž,bývat,král,2
kterýž,popisovat,vojsko,2
král,pobít,on,2
Godoliáš,přisáhnout,on,2
Evilmerodach,povýšit,léta,2
král,povýšit,léta,2
hlas,stát,on,2
ť,odpustit,anděl,2
ť,odpustit,svět,2
živlový,rozplynout,pálivost,2
oltář,být,stánek,2
Šalomoun,obětovat,Hospodin,2
jenž,nenávidět,ty,2
protož,pojít,muž,2
Šalomoun,sečít,všecka,2
Šalomoun,sečít,cizozemec,2
Šalomoun,sečít,kterýž,2
David,sečít,všecka,2
David,sečít,cizozemec,2
David,sečít,kterýž,2
síň,být,čelo,2
síň,být,dvadcet,2
kterýž,být,čelo,2
kterýž,být,dvadcet,2
křídlo,dotýkat,křídlo,2
kterýž,troubit,trouba,2
všickn,poznat,země,2
hospodin,ukázat,noc,2
já,vyslyšet,on,2
služebník,přivézt,zlato,2
služebník,přivézt,dříví,2
služebník,přivézt,algumim,2
kterýž,přivézt,zlato,2
kterýž,přivézt,dříví,2
kterýž,přivézt,algumim,2
kterýž,přecházet,moře,2
syn,uslyšet,ten,2
král,odpovědět,on,2
já,přidat,on,2
jeden,navradit,dům,2
každý,navradit,dům,2
kněz,postavit,on,2
kterýž,přitáhnout,on,2
vy,opustit,já,2
Abiáš,sšikovat,vojsko,2
Abiáš,sšikovat,Jeroboa,2
Abiáš,sšikovat,on,2
množství,být,ruka,2
množství,být,syn,2
množství,být,vy,2
kterýž,nadělat,vy,2
země,být,pokoj,2
aj,hledat,Hospodina,2
aj,hledat,bůh,2
aj,hledat,on,2
ť,povést,vy,2
bůh,odvrátit,on,2
syn,vyjít,on,2
hospodin,bojovat,nepřítel,2
otec,dát,Kterýmž,2
otec,dát,mnoho,2
otec,dát,Jehoram,2
království,dát,Kterýmž,2
království,dát,mnoho,2
království,dát,Jehoram,2
střevo,vyjít,nemoc,2
hospodin,vzbudit,duch,2
kterýž,být,končina,2
ten,rozmáhat,den,2
on,mít,ten,2
kterýž,hledat,srdce,2
hospodin,mluvit,syn,2
lid,být,síň,2
jenž,být,dům,2
Joas,poslat,král,2
bodlák,poslat,král,2
Amaziáš,činit,ten,2
Amaziáš,činit,což,2
syn,být,ten,2
kterýž,činit,což,2
Uziáš,činit,což,2
hospodin,vyhnat,syn,2
kterýž,porazit,on,2
David,činit,kterýž,2
lid,shromáždit,Jeruzalém,2
kterýž,činit,bůh,2
poslové,chodit,město,2
kněz,kropit,krev,2
slavnost,přesnicet,den,2
Ezechiáš,zřídit,třída,2
hospodin,požehnat,lid,2
hospodin,požehnat,svůj,2
král,poslat,Jeruzalém,2
já,učinit,co,2
boh,vytrhnout,ruka,2
bůh,opustit,on,2
kterýž,mluvívat,jméno,2
Manasses,ponížit,Hospodin,2
otec,ponížit,Hospodin,2
správce,dát,on,2
aj,pravit,tento,2
aj,pravit,povězt,2
prchlivost,mít,vylitý,2
kterýž,slyšet,místo,2
kdožs,slyšet,slovo,2
kdožs,slyšet,místo,2
Konaniáš,darovat,pět,2
který,slavit,hod,2
který,slavit,ten,2
který,slavit,kterýž,2
který,slavit,kněz,2
Joziáš,slavit,hod,2
Joziáš,slavit,ten,2
Joziáš,slavit,kterýž,2
Joziáš,slavit,kněz,2
kterýž,bojovat,já,2
jenž,zavázat,přísaha,2
což,pozůstat,on,2
hospodin,vzbudit,léta,2
hospodin,vzbudit,král,2
kterýž,dát,všecka,2
Cýrus,pravit,tento,2
úzkost,obklíčit,já,2
hospodin,učinit,milosrdenství,2
Abner,říci,on,2
Joáb,zatroubit,trouba,2
hospodin,přisáhnout,on,2
aj,přijít,toba,2
kterýž,přivést,on,2
lid,plakat,hrob,2
což,líbit,lid,2
ten,líbit,lid,2
všecek,líbit,on,2
všecek,líbit,lid,2
Izrael,všeckat,den,2
pohostina,být,den,2
on,spát,lůžko,2
kterýž,oznámit,já,2
ješto,zdát,on,2
ješto,zdát,jenž,2
darovat,zdát,on,2
darovat,zdát,jenž,2
král,učinit,smlouva,2
třidcet,kralovat,Juda,2
třidcet,kralovat,léta,2
hospodin,vyjít,teba,2
kterýž,být,pahrbek,2
král,sedět,dům,2
hospodin,být,srdce,2
anobrž,být,ty,2
bůh,být,ty,2
truhla,zůstávat,staň,2
truhla,zůstávat,pole,2
pán,zůstávat,staň,2
pán,zůstávat,pole,2
Joáb,zůstávat,staň,2
Joáb,zůstávat,pole,2
což,připravit,pocestný,2
což,připravit,on,2
muž,připravit,pocestný,2
muž,připravit,on,2
an,hledět,ten,2
umřít,stát,den,2
aj,mluvit,on,2
Amnon,říci,on,2
všickn,vyjít,on,2
Absolon,říci,on,2
král,uslyšet,věc,2
jeden,zůstat,on,2
král,být,vina,2
král,naplnit,žádost,2
slovo,být,já,2
služebník,způsobit,ten,2
služebník,zapálit,dědina,2
hospodin,přivést,já,2
všickn,jít,král,2
pán,být,místo,2
král,být,místo,2
služebník,být,místo,2
syn,být,město,2
syn,být,on,2
syn,říci,co,2
Absolon,mluvit,on,2
Achitofel,mluvit,on,2
kterýž,být,množství,2
David,přijít,Mahanaim,2
já,mít,ruka,2
kterýž,přijít,ty,2
král,sedět,brána,2
my,mít,ť,2
kterýžto,zatroubit,trouba,2
Aduram,být,plat,2
hlad,být,léta,2
syn,zavázat,přísaha,2
hospodin,vyvolit,kteréhož,2
dým,vycházet,chříp,2
mrákota,být,noha,2
vysoký,vydat,zvuk,2
Poslav,vytáhnout,já,2
Poslav,vytáhnout,voda,2
protož,odplatit,já,2
ten,nakládat,milosrdný,2
hospodin,osvěcovat,temnost,2
dobrotivost,zvelebit,já,2
kterýž,povstávat,já,2
lid,sloužit,já,2
cizozemec,lhát,já,2
kterýž,činit,milosrdenství,2
kterýž,být,David,2
hospodin,učinit,vysvobození,2
David,být,pevnost,2
David,být,Betlý,2
lid,být,pevnost,2
lid,být,Betlý,2
kterýž,hubit,lid,2
kterýž,trpět,jenž,2
kterýž,trpět,úzkost,2
bůh,poslat,on,2
kdož,vzývat,jméno,2
pán,vysvobodit,já,2
cožs,naučit,kdosi,2
syn,chodit,upřímnost,2
kterýž,bydlet,rozsedlina,2
bůh,mluvit,já,2
hospodin,odpovědět,já,2
vidění,být,čas,2
nakažení,jít,tvář,2
nakažení,jít,noha,2
uhlí,jít,tvář,2
uhlí,jít,noha,2
ten,shromažďovat,se,2
ten,shromažďovat,mzda,2
ten,shromažďovat,on,2
ten,shromažďovat,pytlík,2
kdož,shromažďovat,mzda,2
kdož,shromažďovat,on,2
kdož,shromažďovat,pytlík,2
vy,jet,dům,2
pečlive,jet,dům,2
já,pohnout,jednou,2
já,pohnout,nebe,2
někdo,přijít,hromada,2
někdo,přijít,káde,2
hospodin,být,Sion,2
kterýž,držet,berla,2
lid,jít,zajetí,2
král,jít,zajetí,2
já,vyvést,země,2
já,vyvést,poušť,2
hospodin,mluvit,kterýž,2
sto,zůstat,město,2
sto,zůstat,ten,2
dům,zůstat,ten,2
had,ušťknout,on,2
tma,být,jenž,2
den,být,jenž,2
blesk,být,jenž,2
kdož,zůstat,Jákoba,2
žena,být,město,2
syn,padnout,meč,2
Nabuchodonozor,přitáhnout,léta,2
pán,vydat,ruka,2
kterýž,jídat,pokrm,2
kterýž,jídat,stůl,2
sen,vyjít,já,2
sen,vyjít,paměť,2
on,zjevovat,věc,2
kterýž,oznámit,výklad,2
bůh,být,nebe,2
co,dít,den,2
kterýž,být,lidé,2
kterýž,bývat,ruka,2
kterýž,panovat,krajina,2
kterýž,poslat,anděl,2
bůh,učinit,kterýž,2
výsost,dosahovat,nebe,2
pták,bydlit,ratolest,2
ť,vzdálit,on,2
všickn,mít,jenž,2
já,pozdvihnout,oko,2
rozum,navrátit,já,2
ozdoba,mít,sláva,2
důstojnost,mít,sláva,2
král,učinit,hod,2
král,pít,on,2
výklad,oznámit,já,2
bůh,obdařit,otec,2
bůh,obdařit,důstojnost,2
bůh,obdařit,kterouž,2
bůh,obdařit,on,2
kterýž,mít,království,2
čas,přijít,den,2
král,povstat,království,2
poslední,povstat,království,2
poslední,povstat,on,2
léta,ukázat,počátek,2
vidění,ukázat,počátek,2
kterýž,ukázat,počátek,2
slovo,stát,jenž,2
kterýž,mluvit,my,2
vývod,být,vyjití,2
téhodna,být,vyjití,2
kterýž,slout,jméno,2
ruka,dotknout,já,2
ten,obrátit,tvář,2
ten,obrátit,ostrov,2
ten,obrátit,on,2
hanění,obrátit,tvář,2
hanění,obrátit,ostrov,2
hanění,obrátit,on,2
kterýž,učinit,smlouva,2
kterýž,vyučovat,jiný,2
věc,mluvit,bůh,2
kterýž,stát,voda,2
který,porozumět,co,2
moudří,porozumět,co,2
čas,být,ten,2
den,být,ten,2
kterýž,mluvit,lid,2
Mojžíš,mluvit,lid,2
Kdyžto,zabít,Seon,2
Kdyžto,zabít,Oga,2
Kdyžto,zabít,Edrei,2
hospodin,mluvit,Orébě,2
hospodin,rozmnožit,vy,2
hospodin,přikázat,my,2
vy,přistoupit,já,2
kterýž,jít,vy,2
kterýž,předcházet,vy,2
ten,mluvit,vy,2
kterýž,bydlit,hora,2
horecský,bydlit,Seir,2
horecský,bydlit,prvý,2
horecský,bydlit,místo,2
dokudž,vyhladit,on,2
hospodin,zahladit,tvář,2
kterýž,bydlit,Azerim,2
kterýž,bydlit,Gáza,2
kterýž,bydlit,místo,2
Seon,vytáhnout,my,2
jenž,být,Aroer,2
jenž,být,břeh,2
město,být,Aroer,2
město,být,břeh,2
hospodin,dát,náš,2
sidonský,říkat,Hermon,2
sidonský,říkat,on,2
amorejšký,říkat,Hermon,2
amorejšký,říkat,on,2
Sanir,říkat,Hermon,2
Sanir,říkat,on,2
Dokudž,dát,odpočinutí,2
hospodin,dávat,on,2
on,uvést,on,2
hospodin,být,volání,2
já,předkládat,kterýž,2
hospodin,zavést,kterýž,2
lid,slyšet,ten,2
hlas,slyšet,ten,2
vražedlník,utéci,on,2
vražedlník,utéci,jeden,2
hospodin,nechat,pomsta,2
kdož,brát,jméno,2
abys,světit,on,2
Hospodina,být,den,2
hospodin,mluvit,slovo,2
kole,říci,což,2
kterouž,mluvit,já,2
kterouž,mluvit,toba,2
já,dávat,on,2
kterýž,přikázat,toba,2
hospodin,vyvolit,ty,2
více,být,národ,2
hospodin,ostříhat,tobě,2
kterýž,nenávidět,ty,2
oko,slitovat,on,2
hospodin,učinit,národ,2
hospodin,vyplénit,národ,2
hospodin,vyplénit,ten,2
ohavnost,být,on,2
člověk,cvičit,ty,2
hospodin,cvičit,ty,2
kterýž,vyvést,voda,2
ten,ukazovat,den,2
hospodin,vyhnat,on,2
hospodin,vyhánět,tvář,2
hospodin,rozhněvat,vy,2
hospodin,dát,dsk,2
kterýž,mluvit,prostředek,2
dsk,mít,ruka,2
hospodin,uslyšet,já,2
hospodin,říci,čas,2
kterýž,být,dska,2
prvý,napsat,dska,2
slovo,napsat,dska,2
kterýž,přijímat,osoba,2
kterýž,učinit,věc,2
kterýž,znát,ten,2
kterýž,činit,prostřed,2
země,otevřít,ústa,2
hospodin,vyhnat,národ,2
pomezí,být,poušť,2
vy,jít,Jordán,2
přejdouce,bydlit,země,2
přejdouce,bydlit,místo,2
hospodin,dát,vůkol,2
hospodin,mít,ohavnost,2
kterýž,půjčit,ruka,2
kterýž,půjčit,ten,2
kterýž,půjčit,což,2
kterýž,půjčit,bližní,2
on,panovat,národ,2
abys,pamatovat,den,2
hospodin,požehnat,ť,2
hospodin,vyvolit,on,2
který,přijít,žádost,2
který,přijít,svůj,2
který,přijít,místo,2
Levíta,přijít,žádost,2
Levíta,přijít,svůj,2
kterýž,stát,Hospodin,2
ten,činit,kdožkoli,2
hospodin,vyhladit,národ,2
bůh,dávat,kterouž,2
tvůj,dávat,kterouž,2
prvý,mít,on,2
abosi,milovat,Hospodina,2
krev,být,toba,2
abys,vzít,on,2
ješto,poslouchat,hlas,2
lidé,uházet,on,2
lidé,uházet,kamení,2
někdo,pojmout,žena,2
kterýž,obývat,manželka,2
syn,vejít,shromáždění,2
tolikéž,vejít,věk,2
koleno,vejít,věk,2
hospodin,vyhledávat,ten,2
hřích,být,toba,2
muž,pojmout,žena,2
kterýž,vzít,on,2
kterýž,vzít,se,2
ohavnost,být,Hospodin,2
svobodna,být,dům,2
svobodna,být,rok,2
kterýž,jít,Egypt,2
hospodin,vyslyšet,hlas,2
oltář,vzdělat,svůj,2
kole,přičinit,ruka,2
hospodin,otevřít,poklad,2
kdo,vysvobodit,ty,2
hospodin,přivést,ty,2
člověk,být,bratr,2
nepřítel,ssoužit,město,2
hospodin,rozptýlit,ty,2
hospodin,dát,srdce,2
kterýž,vidět,ten,2
kterýž,bydlet,prostřed,2
kterýž,vážit,voda,2
hospodin,uvést,kterýž,2
jenž,mít,ty,2
ten,mluvit,slovo,2
hospodin,vyhladit,tvář,2
ten,rozdělit,on,2
on,činit,co,2
ten,uvést,země,2
kterýž,zplodit,ty,2
kdo,vytrhnout,můj,2
Moábské,být,země,2
já,dávat,syn,2
hospodin,přijít,tisíc,2
Mojžíš,vydat,my,2
Thumim,říci,Léví,2
Thumim,říci,otec,2
kterýž,říci,Léví,2
síla,odejít,on,2
syn,poslouchat,on,2
Mojžíš,činit,země,2
Mojžíš,činit,věc,2
Mojžíš,činit,oko,2
kterýž,požehnat,požehnání,2
vy,mít,naděje,2
obřízka,slout,tělo,2
jatý,vést,vězeň,2
hněv,přicházet,syn,2
muž,milovat,žena,2
kdo,milovat,žena,2
kdo,milovat,se,2
kdo,milovat,ť,2
milovat,milovat,žena,2
milovat,milovat,se,2
milovat,milovat,ť,2
člověk,opustit,ť,2
vy,mít,nebese,2
úřad,konat,jenž,2
vy,vědět,věc,2
co,dít,já,2
Tychikus,oznámit,vy,2
královna,učinit,co,2
Mardocheus,přikázat,on,2
kterýž,vcházet,braný,2
král,sňavit,prsten,2
stříbro,darovat,ten,2
poslové,vyjet,poručení,2
ť,zahýt,ť,2
Ester,připravit,kterýž,2
král,říci,Ester,2
král,zvelebit,on,2
král,říci,den,2
slovo,vyjít,ústa,2
věc,vidět,dobrý,2
což,být,krajina,2
on,být,krajina,2
král,říci,královna,2
kterýž,jezdívat,kůň,2
všickn,mít,dílo,2
Žid,zmordovat,Susan,2
Mardocheus,nařídit,on,2
kterýž,vejít,Jákob,2
král,povstat,ten,2
kterýž,znát,Jozef,2
kterýž,vybírat,plat,2
kterýž,činit,křivda,2
Mojžíš,říci,bůh,2
já,být,ústa,2
on,mluvit,lid,2
hůl,vzít,ruka,2
Mojžíš,vzít,hůl,2
hospodin,obořit,on,2
Aron,mluvit,všecka,2
Aron,mluvit,Mojžíš,2
kterýž,mluvit,všecka,2
hospodin,mluvit,všecka,2
Mojžíš,přijít,Aron,2
Mojžíš,navrátit,hospodin,2
bůh,mluvit,Mojžíš,2
kterýž,podrobovat,služba,2
kterýžto,porodit,on,2
Farao,poslechnout,vy,2
hospodin,poslat,toba,2
můj,být,ruka,2
Aron,vztáhnout,ruka,2
Farao,povolat,Mojžíš,2
on,být,jenž,2
Mojžíš,sypat,on,2
Mojžíš,sypat,nebe,2
Mojžíš,vztáhnout,hůl,2
Mojžíš,vztáhnout,nebe,2
len,být,hlávka,2
žádný,jíst,on,2
hospodin,vyvést,vy,2
hospodin,učinit,což,2
hospodin,učinit,já,2
syn,vyjít,ruka,2
Mojžíš,vztáhnout,moře,2
voda,být,on,2
voda,být,strana,2
pravice,potřet,nepřítel,2
Uvedeš,být,hora,2
shromáždění,reptat,všecek,2
kterýž,dát,hospodin,2
sobota,být,den,2
on,dávat,vy,2
on,dávat,den,2
Mojžíš,odpovědět,jenž,2
voda,vyjít,on,2
Mojžíš,poručit,on,2
kterýž,přicházet,on,2
lid,stát,jitro,2
lid,stát,večer,2
on,soudit,lid,2
lid,být,místo,2
lid,být,já,2
Mojžíš,oznámit,slovo,2
pán,dát,on,2
služebník,říci,pakle,2
pán,postavit,on,2
ť,učinit,on,2
zub,vyrazit,služebník,2
zub,vyrazit,svůj,2
on,volat,já,2
kdož,mít,nenávist,2
co,zůstat,on,2
každý,ukázat,třikrát,2
anděl,jít,teba,2
ruka,vztáhnout,svůj,2
Mojžíš,vstoupit,hora,2
oblak,přikrýt,on,2
oblak,přikrýt,den,2
dlouhost,být,loket,2
kterýž,být,noha,2
sloupec,být,on,2
miska,být,svícen,2
koule,být,prut,2
kterýž,být,hedbáví,2
tolikéž,udělat,kraj,2
tolikéž,udělat,konec,2
tolikéž,udělat,spojení,2
čtyřidcet,udělat,dvadcet,2
náprsník,udělat,dílo,2
ten,mít,se,2
Aron,mít,se,2
syn,posvětit,kterýž,2
Aron,vložit,svůj,2
Skopec,rozsekat,kus,2
kterýž,být,koš,2
truhlo,být,kterouž,2
truhlo,být,svědectví,2
kterýž,být,kterouž,2
každý,dát,lota,2
bohatý,dát,více,2
bohatý,dát,méně,2
chudý,dát,více,2
chudý,dát,méně,2
kterýž,posvěcovat,vy,2
kdo,dělat,on,2
kdo,dělat,dílo,2
kdož,dělat,den,2
kterýž,odpovědět,ten,2
hospodin,sstoupit,oblak,2
já,učinit,smlouva,2
já,učinit,teba,2
já,vyhnout,tvář,2
abys,brát,syn,2
žena,příst,všecka,2
žena,příst,srst,2
muž,přinášet,potřeba,2
muž,přinášet,hospodin,2
syn,přinášet,potřeba,2
syn,přinášet,hospodin,2
obět,přinášet,potřeba,2
obět,přinášet,hospodin,2
jeden,spojit,jeden,2
padesát,udělat,čaloun,2
padesát,udělat,jeden,2
padesát,udělat,kraj,2
Dska,obložit,svlak,2
sto,být,šestkrát,2
příbytek,vyzdvihnout,den,2
Mojžíš,vyzdvihnout,příbytek,2
Mojžíš,vyzdvihnout,sloup,2
sláva,naplnit,příbytek,2
podobnost,mít,kolo,2
kolo,být,prostřed,2
zvíře,chodit,on,2
kolo,chodit,on,2
duch,být,kolo,2
kolo,vznášet,země,2
každý,mít,dva,2
dva,mít,dva,2
kterýž,bývat,čas,2
kterýž,říci,syn,2
duch,vstoupit,já,2
já,posílat,ty,2
já,posílat,syn,2
prorok,být,prostřed,2
duch,odnést,já,2
stát,stát,dokonání,2
slovo,stát,dokonání,2
já,říci,bezbožný,2
ten,umřít,pravost,2
spravedlnost,přijít,pamět,2
on,hřešit,spravedlivý,2
duše,mít,maso,2
chléb,jíst,zámutek,2
syn,jíst,syn,2
syn,jíst,ty,2
syn,jíst,otec,2
Tehdáš,vystřelit,střela,2
Tehdáš,vystřelit,záhuba,2
Tehdáš,vystřelit,kteréž,2
ten,umřít,mor,2
ostatní,umřít,mor,2
kdo,jít,boj,2
kterýž,posvěcovat,on,2
tento,činit,co,2
tento,činit,kterýž,2
dům,činit,co,2
dům,činit,kterýž,2
hospodin,opustit,země,2
já,učinit,podlé,2
kterýž,být,chrám,2
já,obrátit,cesta,2
každý,mít,tvář,2
duch,vznést,já,2
vy,být,prostřed,2
ostát,moci,boj,2
kterýž,obmítat,vápno,2
kterýž,obmítat,on,2
panovník,pravit,ten,2
kterýž,přijít,prorok,2
já,odpovědět,se,2
on,vysvobodit,svůj,2
on,vysvobodit,se,2
Noé,být,on,2
oheň,sežrat,on,2
dřevo,oddat,kterýž,2
dřevo,oddat,oheň,2
dřevo,oddat,sežrání,2
dřevo,oddat,obyvatel,2
Amorejský,být,země,2
já,shromáždit,všecka,2
kterýž,zošklivit,se,2
kterýž,zošklivit,muž,2
tvůj,sedět,levice,2
tvůj,sedět,pravice,2
všickn,padnout,meč,2
otec,jíst,hrozen,2
oko,pozdvihovat,bůh,2
soud,činit,on,2
syn,ponést,pravost,2
soud,činit,kterouž,2
pravost,být,vy,2
vy,radit,já,2
kterýž,sehrat,dřevo,2
on,říkat,já,2
ten,mít,hádání,2
krev,být,prostřed,2
ohavnost,oznat,on,2
ten,smilnit,Egypt,2
ten,smilnit,mladost,2
ten,smilnit,svůj,2
soud,vykonat,on,2
duše,mít,on,2
duše,mít,sestra,2
duše,mít,jeho,2
duše,odloučit,jenž,2
já,dát,ty,2
krev,být,ruka,2
každý,vcházet,on,2
každý,vcházet,žena,2
los,padnout,on,2
což,oznámit,my,2
věc,znamenat,co,2
já,vztáhnout,ruka,2
tvůj,dělávat,dub,2
tvůj,dělávat,veslo,2
tvůj,dělávat,lavička,2
tvůj,dělávat,kost,2
arabský,kupčívat,kníže,2
arabský,kupčívat,ruka,2
arabský,kupčívat,beran,2
arabský,kupčívat,ten,2
arabský,kupčívat,toba,2
všickn,ztrnout,teba,2
ty,být,věk,2
ten,být,ruka,2
což,být,ruka,2
Sin,mít,bolest,2
Sin,mít,nepřítel,2
Sin,mít,den,2
Nof,mít,bolest,2
Nof,mít,nepřítel,2
Nof,mít,den,2
což,být,Libán,2
dcera,naříkat,Egypt,2
dcera,naříkat,množství,2
ť,mluvit,on,2
kterýž,pouštívat,strach,2
ť,nést,potup,2
jeden,přijít,já,2
já,být,pastýř,2
pastýr,pást,se,2
pást,být,on,2
já,soudit,dobytče,2
město,obrátit,pouš,2
krev,stihat,ty,2
já,zdvihnout,ruka,2
přivést,stát,den,2
ten,být,sláva,2
já,ukázit,toba,2
ten,oznámit,všecek,2
síňka,být,jenž,2
jeho,být,jenž,2
kterýž,přistupovat,hospodin,2
loket,zšířit,loket,2
kterýž,být,pavlač,2
kterýž,přistupovat,já,2
já,mluvit,toba,2
on,být,sloužení,2
stáva,být,sloužení,2
kterýž,držet,stráž,2
kněz,mít,svatyně,2
otevřína,být,den,2
kdož,vejít,braný,2
on,vcházet,on,2
kníže,vcházet,on,2
panovník,pravit,ť,2
voda,scházet,strana,2
ť,ujmout,vy,2
obět,být,prostřed,2
svatyně,být,prostřed,2
pohostina,být,Jeruzalém,2
Nabuchodonozor,přestěhovat,on,2
král,přestěhovat,on,2
kteříž,přijít,Zorobábel,2
tento,být,Izrael,2
ten,vyhledávat,zapsání,2
shromáždění,pospolu,ten,2
čtyřidcet,pospolu,ten,2
zpěvák,být,on,2
lid,prokřikovat,hlas,2
újma,být,komora,2
kdo,poručit,vy,2
Nabuchodonozor,vynést,chrám,2
Nabuchodonozor,vynést,ten,2
Cýrus,vynést,kterýž,2
Cýrus,vynést,chrám,2
Cýrus,vynést,ten,2
král,vynést,chrám,2
král,vynést,ten,2
Nabuchodonozor,pobrat,kterýž,2
hospodin,dát,podlé,2
král,dát,on,2
král,dát,podlé,2
král,obětovat,bůh,2
král,obětovat,dům,2
král,obětovat,svůj,2
kterýž,obětovat,dům,2
kterýž,obětovat,svůj,2
já,poručit,všechen,2
aj,být,teba,2
ten,přijmout,on,2
některý,kážit,oblíbení,2
vy,radovat,já,2
obcování,být,nebese,2
Syntychén,prosit,Evoda,2
bratr,pozdravovat,vy,2
kterýž,vzkřísit,on,2
nic,být,ten,2
spravedlnost,být,zákon,2
kterýž,dávat,vy,2
kteříž,být,zlořečenství,2
kole,být,zlořečenství,2
všickn,být,Kristus,2
kterýž,pracovat,porod,2
ten,mít,mnoho,2
ten,mít,více,2
ten,mít,muž,2
kterýž,mít,mnoho,2
já,pravit,vy,2
obřízka,prospívat,Kristus,2
nic,prospívat,Kristus,2
ten,zachovávat,zákon,2
tma,být,propast,2
bůh,nazvat,světlo,2
bůh,nazvat,den,2
bůh,nazvat,tma,2
bůh,nazvat,noc,2
bůh,nazvat,země,2
bůh,nazvat,shromáždění,2
bůh,nazvat,voda,2
bůh,nazvat,moře,2
ovoce,být,tvář,2
ovoce,být,jenž,2
kteréž,dělat,kteréž,2
hospodin,učinit,jenž,2
ten,obcházet,země,2
Adam,dát,jméno,2
ten,říci,žena,2
ten,říci,vy,2
bůh,říci,žena,2
bůh,říci,vy,2
zlořečený,nad,hovada,2
zlořečený,nad,živočich,2
prach,být,břicho,2
prach,být,všecka,2
prach,být,den,2
Adam,poznat,žena,2
Enoch,chodit,bůh,2
Noé,být,sto,2
Noé,být,léta,2
bůh,říci,Noé,2
já,uvést,potopa,2
Noé,učinit,podlé,2
přijít,stát,den,2
kterýž,být,korába,2
on,vztáhnout,ruka,2
bůh,mluvit,Noé,2
kterýž,vyjít,korába,2
Noé,být,den,2
vrch,dosahat,nebe,2
hospodin,rozptýlit,on,2
hospodin,rozptýlit,země,2
sestra,mít,ty,2
Cos,učinit,ten,2
král,vyjít,on,2
kterýž,vládnout,nebe,2
kterýž,dát,tvůj,2
hospodin,zavřít,život,2
kterýž,vidět,já,2
Sarai,říkat,manželka,2
Sára,porodit,syn,2
manželka,porodit,toba,2
manželka,porodit,syn,2
Abraham,být,léta,2
muž,stát,on,2
Sára,mít,syn,2
Ben,nazvat,jméno,2
dobrodiní,učinit,já,2
Abraham,nazvat,jméno,2
bůh,uslyšet,hlas,2
anděl,zavolat,nebe,2
bůh,být,dítě,2
střelec,být,dítě,2
Abraham,postavit,jehnice,2
Abraham,postavit,kterýž,2
Abraham,postavit,obzvláš,2
ten,být,svědectví,2
Abraham,říci,služebník,2
kterýž,vcházet,město,2
pole,dávat,ten,2
pole,dávat,toba,2
pole,dávat,ť,2
pole,dávat,jeskyně,2
co,být,ten,2
já,stát,studnice,2
ť,poznat,ten,2
hospodin,vést,já,2
hospodin,vést,cesta,2
hospodin,vést,dům,2
kterýž,jít,pole,2
Abraham,zplodit,Izák,2
Izák,být,léta,2
on,porodit,on,2
což,učinit,ten,2
on,odejít,on,2
Zdaliž,mít,ten,2
Eza,mít,nenávist,2
Mahalat,pojmout,žena,2
bůh,obdařit,já,2
Jozef,nazvat,jméno,2
Všed,naleznout,stát,2
on,říci,otec,2
ten,jít,já,2
Jákob,říci,otec,2
Navra,říci,otec,2
Navra,říci,já,2
Jákob,nazvat,jméno,2
syn,jíst,den,2
já,jít,teba,2
kterýž,vyslyšet,já,2
kterýž,být,Sich,2
bůh,zjevit,on,2
Jákob,bydlit,země,2
sen,mít,sen,2
Juda,říci,bratr,2
co,být,dům,2
on,mluvit,den,2
kterýž,být,vězení,2
kráva,vycházet,potok,2
kterýto,pást,mokřina,2
kráva,sežrat,kráva,2
klas,vyrůst,stéblo,2
kdo,vyložit,já,2
věc,být,bůh,2
Farao,dát,jméno,2
Farao,dát,on,2
Farao,dát,dcera,2
Asenat,dát,jméno,2
Asenat,dát,on,2
Asenat,dát,dcera,2
počet,být,on,2
všickn,přicházet,Jozef,2
řko,mluvit,on,2
Izrael,říci,on,2
muž,vzít,dar,2
muž,vzít,ten,2
muž,vzít,peníze,2
muž,vzít,ruka,2
muž,vzít,svůj,2
Jozef,říci,svůj,2
bratr,mluvit,on,2
Jozef,dát,on,2
kterýž,porodit,Jákoba,2
Lában,dát,kterouž,2
Lában,dát,dcera,2
ten,porodit,Jákoba,2
kterýž,narodit,Egypt,2
služebník,mít,tvoj,2
země,být,teba,2
Izrael,bydlit,země,2
syn,přijít,toba,2
bůh,ukázat,já,2
co,dít,vy,2
Abraham,koupit,kterouž,2
Abraham,koupit,pole,2
Abraham,koupit,pohřeb,2
kterýž,vstoupit,on,2
já,zdalit,bůh,2
množství,být,já,2
Izaiáš,vidět,kterýž,2
syn,vidět,kterýž,2
utvrzený,stát,den,2
zákon,vyjít,Sion,2
Onť,soudit,národ,2
přepásání,být,podolka,2
přepásání,být,pytel,2
kterýž,připojovat,dům,2
dílec,vydat,láhvice,2
dílec,vydat,semeno,2
dílec,vydat,efi,2
kdo,jít,my,2
loupežník,pospíchat,kořist,2
izraelský,zpoléhat,ten,2
izraelský,zpoléhat,Hospodina,2
izraelský,zpoléhat,pravda,2
duch,odpočinout,jenž,2
lev,jíst,pleva,2
silnice,být,ostatek,2
svírání,zachvátit,on,2
hospodin,dát,jenž,2
kterýž,dostávat,jáma,2
jho,odejít,on,2
kudyž,chodit,Choronaim,2
ten,sedět,on,2
Moáb,kvílit,Moáb,2
jeden,kvílit,Moáb,2
každý,kvílit,Moáb,2
ptactvo,být,on,2
město,být,den,2
žalostit,být,pověst,2
být,stát,den,2
navštívit,být,dokonání,2
naříkání,být,ulice,2
město,být,ty,2
město,ponižovat,on,2
město,ponižovat,země,2
pokoj,učinit,pokoj,2
hospodin,uvodit,pomsta,2
Kníž,bloudit,vidění,2
kterýž,znát,písmo,2
čti,mzelat,on,2
lid,přibližovat,ústa,2
lid,přibližovat,já,2
kterýž,prospět,on,2
kterýž,zacpávat,ucho,2
pelikán,bydlit,on,2
ruka,rozdělit,on,2
aj,přijít,pomsta,2
aj,přijít,odplata,2
hospodin,slyšet,slovo,2
což,zrodit,se,2
konec,učinit,já,2
hospodin,vysvobodit,já,2
prorok,přijít,ten,2
ť,mít,skrytý,2
ť,mít,Hospodin,2
ť,mít,bůh,2
cesta,mít,skrytý,2
cesta,mít,Hospodin,2
cesta,mít,bůh,2
já,opustit,on,2
ruka,učinit,ten,2
což,pocházet,on,2
chvála,být,končina,2
chvála,být,on,2
což,být,končina,2
hospodin,mít,svůj,2
já,milovat,ty,2
kdo,být,on,2
kdo,odvrátit,on,2
kterýž,sformovat,život,2
já,činit,všecek,2
já,učinit,země,2
kterýž,sformovat,země,2
kterýž,sformovat,bydlení,2
kdo,volat,on,2
zlý,přijít,pojedna,2
zpuštění,přijít,pojedna,2
kterýž,nazývat,jméno,2
hospodin,vykoupit,služebník,2
kterýž,být,tma,2
kterýž,zžírat,ty,2
ten,být,ť,2
ješto,bát,Hospodina,2
hospodin,potěšit,pustina,2
kterýž,roztáhnout,nebesa,2
kterýž,rozdělovat,moře,2
tvůj,vložit,slovo,2
tvůj,vložit,ústa,2
kdo,politovat,ty,2
kdo,uvěřit,kázaný,2
kdo,uvěřit,náš,2
vyťa,být,země,2
syn,být,Hospodina,2
všickn,být,Hospodina,2
aj,stvořit,kovář,2
aj,stvořit,zhoubka,2
kterýž,vyjít,ústa,2
kterýž,kvílit,on,2
noha,běžet,zlý,2
smlouva,mít,slovo,2
kterýž,trápit,ty,2
klaně,být,zpodek,2
duše,mít,bůh,2
on,vykoupit,on,2
my,být,věk,2
hora,rozplývat,oblíčej,2
kterýž,popouzet,já,2
kterýž,jedit,maso,2
já,učinit,svůj,2
kterýž,dávat,požehnání,2
kterýž,dávat,země,2
kdož,přisahat,země,2
kdož,přisahat,bůh,2
had,být,pokrm,2
prach,být,pokrm,2
všecek,stát,on,2
bolest,přijít,on,2
kterýž,otvírat,život,2
nebesa,stát,já,2
nebesa,stát,síma,2
tělo,přicházet,sobota,2
bůh,být,počátek,2
bůh,být,bůh,2
život,být,on,2
všickn,uvěřit,on,2
ten,být,farize,2
Jan,odpovědět,on,2
já,znát,on,2
Natanael,říci,on,2
Filip,říci,on,2
Žeť,říci,on,2
matka,říci,on,2
Ježíš,učinit,ten,2
horlivost,sníst,já,2
ten,přijít,Ježíš,2
ten,přijít,noc,2
ten,přijít,bůh,2
mistr,přijít,Ježíš,2
mistr,přijít,noc,2
mistr,přijít,bůh,2
otec,milovat,syn,2
kterýž,modlit,on,2
kterýž,mluvit,teba,2
kdož,žnát,odplata,2
kdo,žnát,odplata,2
mnohý,uvěřit,ten,2
Ježíš,mluvit,on,2
Ježíš,jít,Jeruzalém,2
on,činit,cožkole,2
on,činit,toť,2
syn,činit,cožkole,2
syn,činit,toť,2
kdo,ctít,syn,2
kdo,ctít,otec,2
ctít,ctít,syn,2
ctít,ctít,otec,2
mrtvý,uslyšet,hlas,2
kteříž,uslyšet,hlas,2
kterýž,být,hrob,2
on,poslat,kteréhož,2
vy,mít,jenž,2
Ježíš,odšít,moře,2
jeden,dědět,on,2
Ježíš,přijít,on,2
an,chodit,moře,2
učedlník,vstoupit,kterouž,2
on,vstoupit,kterouž,2
otec,jíst,manna,2
otec,jíst,poušť,2
chléb,dávat,my,2
kdož,přicházet,já,2
bratr,říci,on,2
já,vydávat,svědectví,2
já,mluvit,se,2
on,poslat,já,2
žádný,vztáhnout,ruka,2
žádný,vztáhnout,on,2
farize,říci,on,2
já,mluvit,svět,2
lež,mluvit,svůj,2
farize,otázat,on,2
kdo,otevřít,oko,2
kdož,vcházet,dveře,2
Ježíš,povědět,ten,2
otec,dát,on,2
žid,odpovědět,on,2
otec,být,já,2
mnohý,přijít,on,2
světlo,být,on,2
Marta,vyjít,on,2
Marta,říci,on,2
Ježíš,učinit,co,2
člověk,umřít,lid,2
měšec,mít,péče,2
kdož,milovat,duše,2
kdo,sloužit,já,2
kdož,vidět,ten,2
ten,pozdvihnout,já,2
ť,přijímat,ten,2
kdož,přijímat,já,2
kdož,přijímat,ten,2
Ježíš,milovat,jenž,2
bůh,oslavit,se,2
vespolek,milovat,jeden,2
vy,milovat,jeden,2
Filipe,vidět,já,2
Filipe,vidět,otec,2
kdož,vidět,otec,2
já,být,já,2
on,činit,ten,2
kdož,milovat,já,2
ten,nést,ovoce,2
ť,stát,vy,2
kole,prosit,otec,2
kole,prosit,jméno,2
kdož,nenávidět,otec,2
ť,nenávidět,otec,2
žádný,činit,skutek,2
žádný,činit,jenž,2
jiný,činit,skutek,2
jiný,činit,on,2
jiný,činit,jenž,2
některý,říci,se,2
já,prosit,on,2
já,prosit,svět,2
já,poslat,já,2
já,dát,sláva,2
já,dát,já,2
já,milovat,on,2
jakožs,milovat,on,2
jakožs,milovat,já,2
on,říci,Ježíš,2
Petr,stát,dveře,2
já,mluvit,co,2
on,povědět,ten,2
vy,vzít,on,2
já,nalézat,on,2
já,nalézat,vina,2
Pilát,uslyšet,řeč,2
los,metat,oděv,2
ten,přijmout,se,2
já,vzít,on,2
ten,říci,Petr,2
Ježíš,milovat,kteréhož,2
Petr,viděvat,ten,2
kterýž,vydávat,věc,2
Ježíš,činit,kterýž,2
Satan,přijít,on,2
což,mít,se,2
Satan,vyjít,tvář,2
nahý,vyjít,život,2
Job,zhřešit,ten,2
Job,zhřešit,všechen,2
kterýž,dávat,ť,2
sen,strašit,já,2
kdo,znát,ten,2
síla,být,on,2
on,uvodit,nemoudrost,2
postrptež,přiď,já,2
cokoli,přiď,já,2
bezbožný,trápit,všecka,2
kost,přilnout,kůže,2
oko,spatřit,on,2
duch,nutit,odpovídání,2
duch,nutit,toba,2
bůh,vyhnat,on,2
kteříž,říkat,bůh,2
bezbožný,mívat,den,2
časový,mít,Všemohoucí,2
ten,mít,Všemohoucí,2
bůh,činit,ten,2
Job,vést,řeč,2
kterýž,mít,spomocník,2
harfa,mít,hlas,2
píšťalka,mít,hlas,2
lopatka,mít,plece,2
lopatka,mít,kloub,2
ruka,mít,plece,2
ruka,mít,kloub,2
Kořiti,být,bůh,2
bůh,vykoupit,duše,2
kterýž,mít,soud,2
kdo,spatřit,on,2
kdož,honit,on,2
já,oslavovat,ty,2
Cožkoli,být,nebe,2
ten,mrzet,já,2
což,být,já,2
kterýž,být,hůra,2
kterýž,stát,Joel,2
ten,stát,Joel,2
obyvatel,pozorovat,všickn,2
oheň,sežrat,pastvisko,2
hvězda,potratit,blesk,2
kterýž,litovat,zlý,2
mládenec,vídat,vidění,2
vy,mít,já,2
ť,obrátit,odplata,2
ť,obrátit,hlava,2
duše,mít,chrám,2
duše,mít,tvůj,2
modlitba,mít,chrám,2
modlitba,mít,tvůj,2
Mojžíš,přikázat,co,2
Mojžíš,dát,kterouž,2
Mojžíš,dát,strana,2
muž,být,já,2
Jozue,říci,syn,2
kterýž,ležet,strana,2
tento,zůstávat,věk,2
jenž,nést,truhlo,2
hospodin,vysušit,voda,2
kterýž,vysušit,voda,2
zeduka,obořit,místo,2
zbrojní,jít,kněz,2
zbrojní,jít,truhlý,2
ostatní,jít,kněz,2
ostatní,jít,truhlý,2
mládenec,vyvést,rodina,2
Raab,vyvést,rodina,2
lid,uházet,on,2
kterýž,trvat,den,2
kterýž,padnout,den,2
vy,bydlět,prostřed,2
vy,bydlět,my,2
Hai,učinit,Jericho,2
hospodin,dát,moc,2
hospodin,bojovat,Izrael,2
Izrael,všeckat,Lachis,2
Izrael,všeckat,Eglon,2
Jozue,vzít,země,2
lid,všeckat,on,2
kterýž,táhnout,Seir,2
všecka,vyhnout,obyvatel,2
všecka,vyhnout,tvář,2
protož,bydlit,prostřed,2
Léví,dát,pokolení,2
kterýž,být,Medaba,2
Mojžíš,dát,dědictví,2
Mojžíš,poslat,já,2
jaký,mít,tehdáž,2
mez,být,zátoka,2
kterýž,být,vcházení,2
kdo,dobýt,Kariatsefer,2
Otoniel,dobýt,on,2
Kálef,říci,on,2
Jebuzejský,bydlit,syn,2
Jebuzejský,bydlit,den,2
syn,vzít,dědictví,2
Salfad,mít,syn,2
Galád,přijít,syn,2
díl,být,poledne,2
syn,odpovědět,jenž,2
jenž,být,poledne,2
Bethel,být,poledne,2
Betoron,být,poledne,2
syn,dát,dědictví,2
vražedlník,dát,syn,2
vražedlník,dát,město,2
hospodin,dát,bratrý,2
hospodin,dát,Jordán,2
Mojžíš,dát,odpočinutí,2
Mojžíš,dát,bratrý,2
pokolení,dát,Polovice,2
pokolení,dát,polovice,2
pokolení,dát,bratrý,2
pokolení,dát,Jordán,2
pokolení,dát,západ,2
dědictví,dát,Polovice,2
dědictví,dát,polovice,2
dědictví,dát,bratrý,2
dědictví,dát,Jordán,2
dědictví,dát,západ,2
Jozue,dát,Polovice,2
Jozue,dát,polovice,2
Jozue,dát,bratrý,2
Jozue,dát,Jordán,2
Jozue,dát,západ,2
vy,vidět,všecek,2
onť,bojovat,vy,2
bůh,vyhnat,tvář,2
otec,sloužit,kdo,2
lid,odpovědět,jenž,2
bůh,snést,pravost,2
kámen,být,my,2
kámen,být,vy,2
povědo,být,skutek,2
kteříž,bojovat,toba,2
kdo,učinit,on,2
meč,proniknout,duše,2
já,přivést,vy,2
já,přivést,národ,2
skot,pojit,brava,2
skot,pojit,kmen,2
nátisk,být,prostřed,2
studnice,vypryšťovat,voda,2
studnice,vypryšťovat,zlost,2
onen,vypryšťovat,voda,2
onen,vypryšťovat,zlost,2
všickn,vydat,lakomství,2
všickn,provodit,kněz,2
všickn,provodit,falba,2
ten,modnout,lid,2
vy,být,lidé,2
všecka,mluvit,on,2
můj,vstoupit,srdce,2
kdo,dát,ten,2
kdo,postavit,já,2
Judská,obrátit,Jeruzalém,2
Judská,obrátit,hromada,2
Judská,obrátit,město,2
Judská,obrátit,pustina,2
kterýž,bydlet,kout,2
kterýž,bydlet,poušť,2
kdož,bát,ty,2
kterýž,učinit,země,2
kterýž,učinit,moc,2
kterýž,utvrdit,okršlek,2
kterýž,utvrdit,moudrost,2
Kárej,setřít,já,2
abys,setřít,já,2
hněv,vylit,národ,2
hospodin,oznámit,já,2
já,vyplénit,on,2
já,vyplénit,země,2
já,vyplénit,prostředek,2
dům,vyplénit,on,2
dům,vyplénit,země,2
dům,vyplénit,prostředek,2
kterýž,chodit,zdání,2
kterýž,chodit,bůh,2
podolka,odkrýt,tvůj,2
kdo,pochovávat,on,2
slunce,zapadnout,on,2
Zdaliž,polat,železo,2
kterýž,doufat,Hospodina,2
kterýž,zpytovat,srdce,2
každý,navraťtzat,jeden,2
já,uvést,bída,2
Jeremiáš,říci,on,2
kterýž,oblehnout,vy,2
kdokoli,zůstat,město,2
hospodin,pravit,syn,2
líbost,být,jenž,2
já,shromáždit,země,2
kterýž,pást,on,2
ť,přijít,vy,2
hospodin,dít,prorok,2
já,svodit,svůj,2
lid,svodit,svůj,2
lžm,svodit,svůj,2
Jeremiáš,mluvit,lid,2
hospodin,posílat,prorok,2
kterážkoli,být,svrchek,2
hospodin,být,obydlí,2
řvát,být,obydlí,2
hlas,vydat,svůj,2
bída,jít,národ,2
slovo,stát,počátek,2
hospodin,poslat,pravda,2
slovo,stát,Jeremiáš,2
já,dát,všecka,2
já,dát,země,2
já,dát,král,2
kterýž,sloužit,on,2
Jeremiáš,říci,prorok,2
já,mluvit,kterýž,2
Chananiáš,polámat,jho,2
Chananiáš,polámat,jha,2
prorok,polámat,jho,2
prorok,polámat,jha,2
Jeremiáš,poslat,kterýž,2
Jeremiáš,poslat,ostatek,2
Jeremiáš,poslat,kteréž,2
Jeremiáš,poslat,král,2
Jeremiáš,poslat,Babylon,2
Sedechiáš,poslat,kterýž,2
Sedechiáš,poslat,ostatek,2
Sedechiáš,poslat,kteréž,2
Sedechiáš,poslat,král,2
Sedechiáš,poslat,Babylon,2
Nabuchodonozor,přestěhovat,Jeruzalém,2
já,vydat,ruka,2
hospodin,dát,ty,2
hospodin,dát,kněz,2
hospodin,dát,takový,2
hospodin,dát,žalář,2
já,učinit,lid,2
já,vysvobodit,ty,2
štěpař,štěpovat,vinice,2
ústa,mluvit,ústa,2
jenž,být,Anatot,2
jenž,být,země,2
vy,říkat,kterýž,2
kterýž,mít,semeno,2
lid,poslouchat,já,2
Báruch,sepsat,ústa,2
kterýž,sejít,město,2
král,spálit,kniha,2
král,spálit,kterouž,2
Joakim,spálit,kniha,2
kterýž,sepsat,ústa,2
kterýž,sepsat,on,2
kterýž,mluvit,prorok,2
Kaldejská,odtrhnout,vojsko,2
hejtman,být,brána,2
Jeremiáš,sedět,den,2
prosba,mít,místo,2
prosba,mít,teba,2
muž,učinit,všecek,2
muž,učinit,Jeremiáš,2
muž,učinit,prorok,2
Sedechiášův,oslepit,oko,2
Nebuzardan,zavést,lid,2
kterýž,mít,nic,2
kterýž,přicházet,my,2
Izmael,zabít,syn,2
kterýž,přivést,Izmael,2
kterýž,přivést,syn,2
kterýž,přivést,kterýž,2
kterýž,přivést,Gabaon,2
hlas,uposlechnout,hlas,2
Jeremiáš,říci,lid,2
počet,navrátit,země,2
já,trestat,vy,2
ten,jít,teba,2
já,znát,ť,2
oheň,vyjít,Ezebon,2
kterýž,mít,právo,2
všecka,pouštět,pustina,2
všecka,pouštět,věčný,2
divit,být,rána,2
kterýž,postavit,já,2
žeť,vyvlest,on,2
žeť,vyvlest,stádo,2
mládenec,padnout,ulice,2
kterýž,nalézat,on,2
kterýž,loupit,on,2
kterýž,natahovat,lučiště,2
sova,bydlit,on,2
národ,pít,víno,2
kterýž,dít,já,2
král,zmordovat,Ribla,2
Judská,zmordovat,syn,2
Judská,zmordovat,oko,2
Judská,zmordovat,Ribla,2
člověk,mít,práce,2
kdož,rozmnožovat,umění,2
bolest,rozmnožovat,umění,2
což,dít,slunce,2
kterýž,dít,slunce,2
bůh,dát,člověk,2
co,dít,slunce,2
lidé,mluvit,kterýž,2
kdo,kopat,jáma,2
kopat,upadat,on,2
ten,padat,poledne,2
ten,padat,místo,2
tříst,být,kterýž,2
dům,být,kterýž,2
prach,navrátit,země,2
prach,navrátit,bůh,2
duch,navrátit,země,2
duch,navrátit,bůh,2
kterýž,učinit,světlo,2
všecka,přebývat,on,2
plnost,přebývat,on,2
bůh,svěřit,ten,2
co,dít,my,2
kterýž,stát,oblíčej,2
Ježíš,nazůvat,jméno,2
anděl,odšít,on,2
kterýž,být,věk,2
kterýž,nenávidět,my,2
ten,přišedat,hodina,2
kterýž,slyšet,on,2
on,srozumět,slovo,2
kdo,ukázat,vy,2
ďábel,říci,on,2
vdova,být,den,2
vdova,být,lid,2
člověk,být,škola,2
Ježíš,přimluvit,on,2
ďábel,povrout,on,2
slunce,vodit,on,2
kterýž,být,loď,2
Mojžíš,přikázat,svědectví,2
kterýž,stolit,on,2
tehdáž,postit,den,2
záplata,přišívat,roucha,2
žádný,vlévat,víno,2
žádný,vlévat,nádoba,2
víno,rozpučit,nádoba,2
otec,činívat,prorok,2
ť,pravit,vy,2
kterýž,nenávidět,vy,2
kterýž,proklínat,vy,2
kdo,udeřit,ty,2
kdo,udeřit,líce,2
lidé,činit,vy,2
vy,čidit,on,2
ústa,mluvit,hojnost,2
on,vážit,se,2
Ježíš,jít,on,2
aj,být,roucho,2
kterýž,být,roucho,2
kterýž,pozvat,on,2
on,padnout,cesta,2
jeden,padnout,cesta,2
matka,stát,tvá,2
muž,potkat,on,2
Ježíš,otázat,on,2
ďábel,vyjít,kteréhož,2
ten,prosit,on,2
bůh,učinit,věc,2
Ježíš,učinit,věc,2
Ježíš,učinit,on,2
kdo,dotkci,já,2
on,vyhnat,všecka,2
jeden,vstát,mrtvý,2
kdož,ztratit,duše,2
kdož,ztratit,já,2
ť,zachovat,on,2
kdož,stydět,já,2
Ježíš,přimluvit,duch,2
on,srozumět,ten,2
kdož,přijmout,já,2
an,vymítat,jméno,2
an,vymítat,ďáblo,2
učedlník,viděvat,ten,2
mrtvý,pochovávat,mrtvý,2
království,přiblížit,vy,2
kdož,slyšet,vy,2
kdož,slyšet,já,2
aj,dávat,ť,2
vy,vidět,což,2
syn,prosit,chléb,2
kterýž,prosit,on,2
on,znát,myšlení,2
já,vymítat,Belzebub,2
syn,vymítat,váš,2
syn,vymítat,kdo,2
kdož,být,já,2
duch,vyjít,člověk,2
což,být,vy,2
vnitř,být,vy,2
kdož,zapřít,já,2
kdož,zapřít,lidé,2
služebník,říci,srdce,2
ť,přijít,den,2
pán,přijít,den,2
člověk,vzav,kteréž,2
žena,vzíst,kterýž,2
kterýž,pozvat,ty,2
což,být,pokoj,2
člověk,mít,syn,2
což,být,lidé,2
ohavnost,být,lidé,2
kterýž,padat,stůl,2
osličit,být,on,2
bratr,zhřešit,toba,2
kdož,přijmout,království,2
kole,přijmout,království,2
ten,vejít,království,2
on,volat,syn,2
hřivno,získat,hřiven,2
kterýž,mít,hřiven,2
ten,být,oko,2
nepřítel,obklíčet,ty,2
Otíž,říci,on,2
člověk,štípit,vinice,2
pán,učinit,což,2
kdož,padnout,kámen,2
podobenství,mluvit,on,2
kterýž,činit,spravedlivý,2
Mojžíš,napsat,my,2
bratr,umřít,dítě,2
bratr,pojmout,manželka,2
on,mít,on,2
on,mít,manželka,2
což,zbývat,on,2
kterýž,kojit,den,2
an,bét,oblace,2
kterak,zradit,on,2
člověk,potkat,vy,2
velký,být,vy,2
vůdce,být,vy,2
kterýž,udeřit,ty,2
kterýž,být,panství,2
on,odpovídat,on,2
on,odpovídat,nic,2
kněz,svolat,},2
což,učinit,zlé,2
tvůj,poroučit,ruka,2
tvůj,poroučit,duch,2
kterýž,očekávat,království,2
muž,postavit,on,2
muž,postavit,roucho,2
co,stát,on,2
on,podat,on,2
kněz,pálit,ten,2
ten,pálit,oltář,2
kterýž,být,věc,2
syn,kropit,krev,2
syn,kropit,oltář,2
obět,být,obět,2
jeho,vložit,ruka,2
jeho,vložit,hlava,2
kdo,zhřešit,poblouzení,2
kněz,zhřešit,hřích,2
kněz,zhřešit,kterýž,2
všecken,vyjmout,tuk,2
všecken,vyjmout,on,2
všecken,odejmout,tuk,2
kněz,pálit,on,2
kněz,pálit,obět,2
ť,nalet,on,2
kněz,očistit,skopce,2
kněz,obětovat,on,2
řád,být,hřích,2
obět,zabít,místo,2
obět,zabít,týž,2
obět,zabít,obět,2
pohlaví,být,jísto,2
pohlaví,být,on,2
pohlaví,být,místo,2
pohlaví,být,jeden,2
kterýž,obětovat,kterouž,2
kterýž,obětovat,ten,2
kdož,jesnat,maso,2
kole,jesnat,maso,2
kdož,jesnat,tuk,2
kdož,jesnat,hovada,2
kdož,jesnat,lid,2
kole,jesnat,tuk,2
kole,jesnat,hovada,2
kole,jesnat,lid,2
kterýž,jesnat,tuk,2
kterýž,jesnat,hovada,2
kterýž,jesnat,lid,2
kdož,obětovat,obět,2
kdož,obětovat,hospodin,2
hospodin,přikázat,kteréž,2
hospodin,přikázat,den,2
oděv,dát,on,2
náramenník,dát,on,2
Mojžíš,vzít,olej,2
ostatek,vylit,krev,2
ostatek,vylit,spodek,2
Aron,položit,ruka,2
Aron,položit,hlava,2
tuk,pálit,hřích,2
syn,podat,on,2
hovado,být,země,2
kterýž,chodit,noha,2
kdož,dotknout,tělo,2
kole,dotknout,tělo,2
kdož,nést,tělo,2
kole,nést,tělo,2
kdož,dotknout,on,2
kole,dotknout,on,2
což,plazit,prs,2
kterýž,plazit,prs,2
kterýž,porodit,pacholík,2
poškvrna,být,kůže,2
tělo,přikrýt,kůže,2
tělo,přikrýt,hlava,2
vřed,být,kůže,2
chlupový,zbělet,on,2
ten,rozmohnout,očištění,2
ráno,být,všecka,2
ráno,být,den,2
ráno,být,jmíny,2
přebývání,být,stan,2
kněz,pohledět,pakle,2
prst,omoci,olej,2
kdož,dotkci,lůže,2
kněz,očistit,tok,2
síma,vyjít,jenž,2
žena,trpět,čas,2
krvotok,trpět,čas,2
kněz,obětovat,jeden,2
kterýž,být,obět,2
kterýž,být,hřích,2
Aron,obětovat,volka,2
Aron,obětovat,kozel,2
Aron,obětovat,hřích,2
tento,být,ustanovení,2
kole,zabít,volo,2
kole,zabít,vně,2
kole,zabít,stan,2
kterýž,být,pohostina,2
kterýž,být,duše,2
kterýž,činit,on,2
hanba,odkrýt,otec,2
hanba,odkrýt,hanba,2
kterýž,vyvrat,tvář,2
já,vyvrat,tvář,2
já,postavit,tvář,2
lid,přehlídat,ten,2
dva,umrát,smrt,2
žena,zabít,on,2
kdož,spát,žena,2
kterýž,oddělit,národ,2
Mojžíš,mluvit,slovo,2
kdož,dotkci,nečistota,2
kdož,dotkci,cokoli,2
kole,dotkci,nečistota,2
kole,dotkci,cokoli,2
kterýž,dotkci,nečistota,2
kterýž,dotkci,cokoli,2
kole,obětovat,vedlo,2
kterýž,obětovat,vedlo,2
kněz,obracet,obět,2
úrod,mít,ovoce,2
úrod,mít,všecka,2
kterýž,bydlet,teba,2
léta,zůstávat,léta,2
polní,vydat,úrod,2
polní,vydat,ovoce,2
mlácení,postihnout,vinobraní,2
mlácení,postihnout,setí,2
vinobraní,postihnout,vinobraní,2
vinobraní,postihnout,setí,2
pakle,poslouchat,já,2
já,manit,já,2
já,manit,vy,2
maní,zacházet,hněv,2
maní,zacházet,vy,2
já,zacházet,já,2
já,zacházet,hněv,2
já,zacházet,vy,2
kteříž,pozůstat,vy,2
kněz,cenit,on,2
kněz,sečít,on,2
všickn,chodit,věk,2
národ,chodit,věk,2
jeden,chodit,věk,2
my,chodit,věk,2
věž,přijít,te,2
ten,vyjít,ty,2
ť,vyslyšet,já,2
výpověd,rozejít,den,2
čtyřidcet,být,poušť,2
on,opustivat,loď,2
jeho,ujmout,on,2
ďábelství,vymítat,mnohý,2
abosi,pravit,žádný,2
poražený,ležet,šlak,2
Ježíš,sedět,stůl,2
ženích,být,on,2
Ježíš,jít,sobota,2
množství,jít,on,2
Petr,dát,jenž,2
Petr,dát,on,2
on,odpovědět,on,2
kole,činit,vůle,2
jiný,padnout,místo,2
ďábel,prosit,on,2
tok,mít,léta,2
sestra,zdalit,my,2
divový,dít,on,2
Propus,nakoupit,se,2
všickn,vidět,on,2
ť,ctít,já,2
Ježíš,svolat,učedlník,2
den,trvat,já,2
lidé,pravit,kdo,2
kdo,ztratit,duše,2
kdo,ztratit,já,2
člověk,dát,odměna,2
Ježíš,pojmout,den,2
Ježíš,pojmout,Petr,2
odpověděv,říci,Ježíš,2
Ježíš,přimluvit,ten,2
kdož,přijmout,jméno,2
kole,přijmout,jméno,2
ť,být,život,2
pakle,horšit,ty,2
bůh,spojit,což,2
kdož,propustit,manželka,2
kole,propustit,manželka,2
já,pít,kterýž,2
já,křítit,kterýž,2
ten,uslyšat,deset,2
kdožkole,chtít,vy,2
mnohý,stlat,roucha,2
mnohý,stlat,cesta,2
kteříž,jít,on,2
kdož,říci,hora,2
kdož,říci,kole,2
kole,říci,hora,2
kole,říci,kole,2
což,říci,hora,2
což,říci,kole,2
kdo,dát,moc,2
ť,ustýdnout,syn,2
tento,stát,pán,2
saduce,přijít,on,2
někdo,svést,vy,2
bratr,vydat,ť,2
utíkání,být,zima,2
jakéhož,být,počátek,2
aj,předpovědět,vy,2
měsíc,dát,světlo,2
žádný,vědět,den,2
všecheň,pravit,což,2
všecheň,pravit,vy,2
Bděte,pravit,což,2
Bděte,pravit,vy,2
Ježíš,vzav,chléb,2
krev,mít,smlouva,2
kterýž,vylévat,mnohý,2
všickn,zhoršit,já,2
všickn,zhoršit,noc,2
vy,zhoršit,já,2
vy,zhoršit,noc,2
amen,pravit,toba,2
prvý,zazpívat,dvakrát,2
ť,mít,smrt,2
duše,mít,smrt,2
já,chtít,což,2
kterýž,zrazovat,já,2
rada,hledat,svědectví,2
kněz,otázat,on,2
an,sedět,pravice,2
kterýž,chodit,on,2
Ježíš,zvolat,hodina,2
opona,roztrhnout,dvé,2
Marie,být,jenž,2
rod,být,David,2
anděl,ukázat,sen,2
anděl,ukázat,Jozef,2
kterýž,přicházet,já,2
ďábel,pojmout,on,2
opustiva,bydlit,Kafarnaum,2
opustiva,bydlit,moře,2
opustiva,bydlit,temnost,2
kterýž,bydlit,Kafarnaum,2
kterýž,bydlit,temnost,2
Dokudž,pominout,nebe,2
Dokudž,pominout,zákon,2
puňktík,pominout,nebe,2
puňktík,pominout,zákon,2
slout,být,království,2
kdožkole,propustit,manželka,2
což,být,zlý,2
ten,být,zlý,2
déš,dávat,spravedlivý,2
kterýž,vcházet,on,2
strom,nést,ť,2
strom,nést,strom,2
zlý,nést,ť,2
zlý,nést,strom,2
ť,dít,den,2
kterýž,ustavět,dům,2
Ježíš,dokonat,řeč,2
Ježíš,dokonat,tento,2
víno,let,nádoba,2
Přišed,říci,on,2
on,slitovat,on,2
kdo,přijímat,vy,2
přijímat,přijímat,vy,2
přijímat,přijímat,já,2
kdo,přijímat,prorok,2
kdo,přijímat,spravedlivý,2
kdož,přijímat,prorok,2
kdož,přijímat,spravedlivý,2
kterýž,činit,násilí,2
kněz,rušit,sobota,2
kdo,uslyšet,hlas,2
oko,zamhouřit,svůj,2
ť,být,skonání,2
kterýž,činit,pravost,2
což,zbýt,drobet,2
což,vcházet,ústa,2
Ježíš,říci,učedlník,2
syn,přijít,sláva,2
Ježíš,přikázat,on,2
co,zdát,te,2
ten,učinit,on,2
kdož,pojmout,jiný,2
vy,sednout,trůn,2
Rci,říci,on,2
já,pstát,kalich,2
já,křítit,jenž,2
Otíž,povdat,vy,2
kterýž,vydávat,čas,2
Seď,položit,nepřítel,2
Seď,položit,podnož,2
protož,přisahat,oltář,2
protož,přisahat,on,2
protož,přisahat,ten,2
kdožkole,přisahat,oltář,2
kdožkole,přisahat,on,2
kdožkole,přisahat,ten,2
kdož,přisahat,chrám,2
kdož,přisahat,nebe,2
kdož,přisahat,trůn,2
vnitř,být,konev,2
kterýž,vzít,hřiven,2
země,stát,veliký,2
křtíc,být,jméno,2
Učíc,být,jméno,2
cesta,být,vichra,2
všecka,vysušovat,on,2
tlučení,být,bedra,2
což,mít,moře,2
zeduka,mít,moře,2
tiť,vystavět,věž,2
Mea,vystavět,věž,2
ten,položit,trám,2
syn,opravovat,jenž,2
syn,opravovat,díl,2
syn,opravovat,dům,2
polovice,držet,on,2
polovice,držet,kop,2
Sanballat,poslat,já,2
bůh,dát,ten,2
což,čít,kniha,2
on,počínat,se,2
tys,vyslýchat,nebe,2
kterýž,vysvobozovat,on,2
kterýž,vysvobozovat,ruka,2
všecka,přijít,my,2
těžkost,přijít,my,2
Joiad,zplodit,Jonatana,2
Joiad,zplodit,Jaddua,2
Jonatan,zplodit,Jonatana,2
Jonatan,zplodit,Jaddua,2
Levítová,dávat,čas,2
Levítová,dávat,díl,2
Levítová,dávat,odměření,2
Levítová,dávat,syn,2
Mojžíš,vzít,muž,2
kterýž,vycházet,boj,2
Mojžíš,sečít,kterýž,2
kterýž,být,příbytek,2
Mojžíš,sečít,Aron,2
Mojžíš,sčetnout,kterýž,2
Mojžíš,sčetnout,rozkaz,2
žena,uchýlit,muž,2
duch,pohnout,horlivost,2
voda,vejít,on,2
hospodin,požehnát,toba,2
on,být,řád,2
oblak,zdvihnout,stánek,2
oblak,být,den,2
kdo,dát,my,2
rosa,sstupovat,vojsko,2
rosa,sstupovat,noc,2
rosa,sstupovat,manna,2
Mojžíš,poslat,kterýž,2
kterýž,oplývat,mléko,2
Kananejský,bydlet,Amaly,2
Kananejský,bydlet,kraj,2
Kananejský,bydlet,moře,2
kterýž,slyšet,pověst,2
kterýž,činit,vinný,2
sláva,mít,znamení,2
tělo,padnout,poušť,2
ten,uvést,reptání,2
ten,uvést,on,2
ten,uvést,množství,2
zákon,být,vy,2
Mojžíš,říci,Chóre,2
Mojžíš,přijít,stánek,2
kterýž,zemřít,rána,2
kterýž,zemřít,příčina,2
jenž,zemřít,rána,2
jenž,zemřít,příčina,2
pohlaví,jíst,svatyně,2
což,být,olej,2
měsíc,být,on,2
my,zemřít,Hospodin,2
bratr,zemřít,Hospodin,2
kterýž,bydlit,poledne,2
lid,porazit,on,2
Balák,dát,já,2
Balák,dát,dům,2
Balák,dát,stříbro,2
an,stát,cesta,2
anděl,mluvit,on,2
slovo,mluvit,kterýž,2
Abys,zlořečit,nepřítel,2
ť,patřit,pravost,2
bůh,vyvést,on,2
bůh,vyvést,Egypt,2
bůh,učinit,on,2
Balám,odpovědět,jenž,2
assyrský,ssoužit,Žid,2
ten,být,poškvrna,2
Mojžíš,oznámit,syn,2
otec,zrušit,ten,2
pakle,mlčet,den,2
muž,mlčet,den,2
všecka,vypálit,oheň,2
zlato,protáhnout,voda,2
kterýž,vytáhnout,vojna,2
syn,vládnout,dědictví,2
hospodin,mluvit,rovina,2
kterýž,dát,Levít,2
přítel,zabít,on,2
on,zabít,vražedlník,2
přítel,zabít,člověk,2
kterýž,stát,syn,2
protož,pobrat,čas,2
ozdoběce,chodit,svůj,2
země,vyslyšet,obilý,2
země,vyslyšet,věc,2
Jezreel,vyslyšet,obilý,2
Jezreel,vyslyšet,věc,2
ť,zpomenout,pravost,2
jísto,být,Assyria,2
nenávist,být,dům,2
bůh,pohrdnout,on,2
syn,postavit,já,2
Ažby,zavítat,den,2
kterýž,chodit,město,2
jenž,vstupovat,poušť,2
každý,mívat,jenž,2
každý,mívat,dvém,2
tvůj,mít,jiný,2
tvůj,mít,milý,2
jediný,mít,holubice,2
jedinká,mít,holubice,2
kdo,potěšit,on,2
úpění,mít,přestoupení,2
dcera,svěšovat,země,2
prorok,předpovídat,tvá,2
prorok,předpovídat,věc,2
prorok,předpovídat,toba,2
prorok,předpovídat,těžkost,2
síla,mít,naděje,2
přijmeš,mít,slovo,2
přijmeš,mít,schovat,2
přijmeš,mít,se,2
přikázaný,mít,slovo,2
přikázaný,mít,schovat,2
přikázaný,mít,se,2
zmotaný,být,cesta,2
převrácenost,být,srdce,2
kdož,nalézat,já,2
život,nalézat,já,2
kterýž,jít,stezka,2
syn,obveselovat,otec,2
spravedlnost,vytrhovat,smrt,2
kterýž,činit,hanba,2
ústa,přikrývat,ukrutnost,2
práce,být,život,2
práce,být,hřích,2
nábytek,být,život,2
nábytek,být,hřích,2
kterýž,posílat,on,2
kdož,prodávat,on,2
kdo,hledat,dobrý,2
kdo,hledat,zlý,2
kdož,hledat,dobrý,2
kdož,hledat,zlý,2
kdo,milovat,cvičení,2
kdo,milovat,umění,2
milovat,milovat,cvičení,2
milovat,milovat,umění,2
kdož,nenávidět,domlouvání,2
kdo,dělat,země,2
kdož,následovat,zahaleč,2
kterýž,obmýšlet,zlý,2
život,být,stezka,2
duše,ostříhat,ústa,2
kdož,ostříhat,naučení,2
cesta,zdát,člověk,2
kdož,slitovávat,chudý,2
Učiniteli,činit,útržek,2
duše,ostříhat,ten,2
duše,ostříhat,cesta,2
kdož,ostříhat,ten,2
kdož,ostříhat,cesta,2
kdo,přikrývat,přestoupení,2
kdož,milovat,svad,2
kdož,milovat,hřích,2
milovat,milovat,svad,2
milovat,milovat,hřích,2
kdo,zplodit,blázen,2
kdo,zplodit,zámutek,2
kdo,zplodit,on,2
zplodit,zplodit,blázen,2
zplodit,zplodit,zámutek,2
zplodit,zplodit,on,2
kdo,naleznout,manželka,2
kdo,naleznout,věc,2
naleznout,naleznout,manželka,2
naleznout,naleznout,věc,2
ten,mít,přítel,2
kdož,mít,přítel,2
svědek,být,pomsta,2
ten,ostříhat,přikázaný,2
duše,ostříhat,přikázaný,2
přestat,být,každý,2
přestat,být,poctivost,2
ten,být,každý,2
blázen,být,každý,2
blázen,být,poctivost,2
kdo,ostříhat,úzkost,2
kdo,ostříhat,svůj,2
ostříhat,ostříhat,úzkost,2
ostříhat,ostříhat,svůj,2
metlo,vzdálit,on,2
zlost,bývat,zjevený,2
zlost,bývat,shromáždění,2
kterýž,slíbit,cizozemek,2
kdo,slíbit,cizozemek,2
kdož,schovávat,on,2
vítr,schovávat,on,2
kdo,doufat,Hospodina,2
dávat,mít,nedostatek,2
dávat,mít,množství,2
kterýž,poslouchat,slovo,2
kdo,mít,spolek,2
kdo,mít,nenávist,2
kdo,mít,duše,2
mít,mít,spolek,2
mít,mít,nenávist,2
mít,mít,duše,2
tlout,vyvodit,krev,2
tlout,vyvodit,svár,2
stiskání,vyvodit,krev,2
stiskání,vyvodit,svár,2
popouzení,vyvodit,krev,2
popouzení,vyvodit,svár,2
kupec,prodávat,pas,2
kterýž,být,Řím,2
bůh,vydat,žádost,2
kterýž,být,přirození,2
věc,činit,věc,2
kdož,činit,věc,2
zákon,majít,zákon,2
jméno,být,porouhání,2
jméno,být,pohan,2
zákon,mluvit,ten,2
zákon,mluvit,zákon,2
kterýž,mluvit,ten,2
kterýž,mluvit,zákon,2
který,být,zákon,2
smrt,kralovat,ten,2
vina,přijít,pád,2
milost,přijít,pád,2
hřích,umřít,jednou,2
vy,mít,ten,2
kterýž,přebývat,já,2
kterýž,mít,my,2
kterýchž,povolat,ten,2
Kristus,být,jenž,2
Kristus,být,všecka,2
bůh,být,jenž,2
bůh,být,tělo,2
bůh,být,všecka,2
pohubení,učinit,spravedlivý,2
pohubení,učinit,pohubení,2
pán,učinit,spravedlivý,2
pán,učinit,pohubení,2
ten,dosáhnout,spravedlnost,2
pohaný,dosáhnout,spravedlnost,2
bůh,vzkřísit,on,2
kdožkole,vzývat,jméno,2
bůh,odpustit,ratolest,2
bůh,odpustit,toba,2
ť,mít,on,2
nepřítel,být,strana,2
šetřit,šetřit,den,2
kdo,šetřit,pán,2
kdož,jíst,pán,2
hanění,připadnout,já,2
národ,chvalit,Hospodina,2
národ,chvalit,všickn,2
všickn,velebtvout,on,2
lidé,velebtvout,on,2
kterýž,být,pán,2
Noémi,říci,nevěsta,2
on,pozdvihat,hlas,2
muž,učinit,on,2
Ezron,zplodit,Aminadab,2
Rama,zplodit,Aminadab,2
Ram,zplodit,Aminadab,2
Aminadab,zplodit,Salmon,2
Názon,zplodit,Názon,2
Salmon,zplodit,Obéda,2
Bóz,zplodit,Bóza,2
Obéd,zplodit,David,2
Kananejský,bydlit,on,2
syn,sloužit,léta,2
Jáhel,vzít,hřeb,2
Jáhel,vzít,kladivo,2
manželka,vzít,hřeb,2
manželka,vzít,kladivo,2
Slyštež,zpívat,žalma,2
Slyštež,zpívat,bůh,2
já,zpívat,žalma,2
já,zpívat,bůh,2
hrdina,být,podíl,2
já,vyvést,dům,2
já,vyvést,služba,2
Gedeon,odpovědět,on,2
Gedeon,mluvit,bůh,2
tento,jít,teba,2
houf,troubit,trouba,2
Goréb,zabít,Goréba,2
Goréb,zabít,skála,2
Goréb,zabít,lis,2
Goréb,zabít,Zéb,2
Zéba,zabít,Goréba,2
Zéba,zabít,skála,2
Zéba,zabít,lis,2
Zéba,zabít,Zéb,2
kterýž,být,hrdlo,2
ten,porodit,syn,2
muž,panovat,vy,2
on,nechat,ť,2
kterýž,zmordovat,on,2
kterýž,zmordovat,bratr,2
syn,přijít,Sich,2
lid,sstupovat,vrch,2
Jefte,odpovědět,Galádský,2
vy,mít,nenávist,2
galádský,říci,Jefte,2
Jefte,poslat,poslo,2
Izrael,soudit,on,2
Manue,říci,anděl,2
tovaryc,dát,on,2
Samson,odpovědět,on,2
čelist,osličit,hromada,2
Filistinská,přijít,kníže,2
Filistinská,přijít,on,2
Oklamej,říci,on,2
ť,dát,nepřítel,2
dům,stát,jenž,2
on,pobít,umíraj,2
každý,činit,ten,2
Efraim,přijít,hora,2
Efraim,přijít,dům,2
Míchov,být,dům,2
kterýž,chodit,shlédnutí,2
kdo,přijmout,dům,2
Lebno,být,strana,2
Lebno,být,poledne,2
vy,dát,on,2
ten,přisahat,Hospodina,2
ten,přisahat,Melech,2
ten,přisahat,svůj,2
kterýž,přisahat,Hospodina,2
kterýž,přisahat,Melech,2
kterýž,přisahat,svůj,2
ten,přinést,já,2
koříc,přinést,já,2
hospodin,zachovat,ty,2
Jan,křtít,voda,2
duše,nechat,peklo,2
známý,učinit,cesta,2
muž,být,den,2
hrob,být,my,2
hrob,být,den,2
bůh,vzkřísit,ten,2
bůh,vzkřísit,Ježíš,2
vy,ukřižovat,kteréhož,2
bůh,vzkřísit,kteréhož,2
pán,vzbudit,Prorok,2
pán,vzbudit,vy,2
co,stát,chvíle,2
kterýž,naleznout,milost,2
kterýž,naleznout,oblíčej,2
kterýž,naleznout,stánek,2
kterýž,naleznout,bůh,2
světlo,obklíčit,pojedna,2
Ananiáš,jít,jenž,2
kterýž,být,damašek,2
Petr,mít,kterýž,2
ť,mít,Šimon,2
kterýž,mít,hospoda,2
kterýž,mít,Šimon,2
kterýž,mít,dům,2
muž,stát,dům,2
kdož,bát,on,2
Marek,mít,kterýž,2
kterýž,činit,vůle,2
kterýž,přebývat,Jeruzalém,2
